pcds,dointr,doterm,oscty,ced,oslaua,osward,parish,usertype,oseast1m,osnrth1m,osgrdind,oshlthau,nhser,ctry,rgn,streg,pcon,eer,teclec,ttwa,pct,itl,statsward,oa01,casward,park,lsoa01,msoa01,ur01ind,oac01,oa11,lsoa11,msoa11,wz11,ccg,bua11,buasd11,ru11ind,oac11,lat,long,lep1,lep2,pfa,imd,calncv,stp
EC4Y 0DR,198001,,E99999999,E99999999,E09000001,E05009297,E43000191,0,531477,180862,1,E18000007,E40000003,E92000001,E12000007,5,E14000639,E15000007,E24000015,E30000234,E16000010,E09000001,00AAFT,E00000025,00AAFT,E99999999,E01000004,E02000001,5,2A2,E00000025,E01032740,E02000001,E33028863,E38000255,E34004707,E35000758,A1,2D3,51.511396,-0.106765,E37000051,,E23000034,18089,E56000028,E54000029
RM6 5LJ,198001,,E99999999,E99999999,E09000002,E05000029,E43000192,0,548183,189385,1,E18000007,E40000003,E92000001,E12000007,5,E14000657,E15000007,E24000015,E30000234,E16000009,E09000002,00ABGA,E00000138,00ABGA,E99999999,E01000027,E02000002,5,5B3,E00000138,E01000027,E02000002,E33032182,E38000255,E34004707,E35001364,A1,4A3,51.583846,0.137391,E37000051,,E23000001,5097,E56000028,E54000029
RM8 1NU,200106,,E99999999,E99999999,E09000002,E05000042,E43000192,0,548557,187701,1,E18000007,E40000003,E92000001,E12000007,5,E14000657,E15000007,E24000015,E30000234,E16000009,E09000002,00ABGP,E00000567,00ABGP,E99999999,E01000111,E02000003,5,7A2,E00000567,E01000111,E02000003,E33029031,E38000255,E34004707,E35001364,A1,4C2,51.568618,0.1421,E37000051,,E23000001,8544,E56000028,E54000029
RM10 7AB,198001,,E99999999,E99999999,E09000002,E05000030,E43000192,0,550401,186297,1,E18000007,E40000003,E92000001,E12000007,5,E14000657,E15000007,E24000015,E30000234,E16000009,E09000002,00ABGB,E00000187,00ABGB,E99999999,E01000034,E02000004,5,5B3,E00000187,E01000034,E02000004,E33032192,E38000255,E34004707,E35001364,A1,4A3,51.555513,0.168059,E37000051,,E23000001,5575,E56000028,E54000029
RM8 3PR,198001,,E99999999,E99999999,E09000002,E05000040,E43000192,0,548592,186738,1,E18000007,E40000003,E92000001,E12000007,5,E14000540,E15000007,E24000015,E30000234,E16000009,E09000002,00ABGM,E00000498,00ABGM,E99999999,E01000101,E02000005,5,1B2,E00000498,E01000101,E02000005,E33032196,E38000255,E34004707,E35001364,A1,4A1,51.559955,0.142171,E37000051,,E23000001,4126,E56000028,E54000029
RM10 7PD,198001,,E99999999,E99999999,E09000002,E05000034,E43000192,0,549399,186161,1,E18000007,E40000003,E92000001,E12000007,5,E14000657,E15000007,E24000015,E30000234,E16000009,E09000002,00ABGF,E00000317,00ABGF,E99999999,E01000062,E02000007,5,5C2,E00000317,E01000062,E02000007,E33032197,E38000255,E34004707,E35001364,A1,3C1,51.554558,0.153559,E37000051,,E23000001,9781,E56000028,E54000029
RM9 5UB,198001,,E99999999,E99999999,E09000002,E05000034,E43000192,0,548503,185887,1,E18000007,E40000003,E92000001,E12000007,5,E14000657,E15000007,E24000015,E30000234,E16000009,E09000002,00ABGF,E00000321,00ABGF,E99999999,E01000065,E02000008,5,5B3,E00000321,E01000065,E02000008,E33032205,E38000255,E34004707,E35001364,A1,4A3,51.552332,0.140529,E37000051,,E23000001,4296,E56000028,E54000029
RM8 2RD,198001,,E99999999,E99999999,E09000002,E05000028,E43000192,0,547326,186140,1,E18000007,E40000003,E92000001,E12000007,5,E14000540,E15000007,E24000015,E30000234,E16000009,E09000002,00ABFZ,E00000124,00ABFZ,E99999999,E01000022,E02000009,5,7A2,E00000124,E01000022,E02000009,E33032207,E38000255,E34004707,E35001364,A1,4A1,51.554914,0.123672,E37000051,,E23000001,6098,E56000028,E54000029
RM10 8GY,200701,,E99999999,E99999999,E09000002,E05000027,E43000192,0,549311,184777,1,E18000007,E40000003,E92000001,E12000007,5,E14000540,E15000007,E24000015,E30000234,E16000009,E09000002,00ABFY,E00000095,00ABFY,E99999999,E01000015,E02000010,5,7A2,E00000095,E01000015,E02000010,E33032210,E38000255,E34004707,E35001364,A1,4A3,51.542145,0.151704,E37000051,,E23000001,6405,E56000028,E54000029
RM10 8XP,198001,,E99999999,E99999999,E09000002,E05000041,E43000192,0,550507,184493,1,E18000007,E40000003,E92000001,E12000007,5,E14000657,E15000007,E24000015,E30000234,E16000009,E09000002,00ABGN,E00000527,00ABGN,E99999999,E01000107,E02000011,5,6B2,E00000527,E01000107,E02000011,E33032211,E38000255,E34004707,E35001364,A1,4A3,51.539276,0.168816,E37000051,,E23000001,8865,E56000028,E54000029
IG11 9JA,198001,,E99999999,E99999999,E09000002,E05000035,E43000192,0,545835,184521,1,E18000007,E40000003,E92000001,E12000007,5,E14000540,E15000007,E24000015,E30000234,E16000009,E09000002,00ABGG,E00000347,00ABGG,E99999999,E01000071,E02000012,5,6A2,E00000347,E01000071,E02000012,E33032217,E38000255,E34004707,E35001364,A1,4C1,51.540753,0.10151,E37000051,,E23000001,15370,E56000028,E54000029
RM8 2LU,198001,,E99999999,E99999999,E09000002,E05000036,E43000192,0,546826,185047,1,E18000007,E40000003,E92000001,E12000007,5,E14000540,E15000007,E24000015,E30000234,E16000009,E09000002,00ABGH,E00000374,00ABGH,E99999999,E01000073,E02000013,5,1B1,E00000374,E01000073,E02000013,E33032220,E38000255,E34004707,E35001364,A1,4A1,51.545223,0.116009,E37000051,,E23000001,4645,E56000028,E54000029
RM9 6AW,198001,,E99999999,E99999999,E09000002,E05000038,E43000192,0,548789,184099,1,E18000007,E40000003,E92000001,E12000007,5,E14000657,E15000007,E24000015,E30000234,E16000009,E09000002,00ABGK,E00000448,00ABGK,E99999999,E01000086,E02000014,5,1B1,E00000448,E01000086,E02000014,E33032225,E38000255,E34004707,E35001364,A1,8D2,51.536191,0.143896,E37000051,,E23000001,4822,E56000028,E54000029
RM10 8RG,198301,,E99999999,E99999999,E09000002,E05000041,E43000192,0,549123,184641,1,E18000007,E40000003,E92000001,E12000007,5,E14000657,E15000007,E24000015,E30000234,E16000009,E09000002,00ABGN,E00000511,00ABGN,E99999999,E01000105,E02000015,5,7B2,E00000511,E01000105,E02000015,E33032229,E38000255,E34004707,E35001364,A1,3C1,51.540973,0.148938,E37000051,,E23000001,3229,E56000028,E54000029
IG11 8EP,198001,,E99999999,E99999999,E09000002,E05000026,E43000192,0,544233,184027,1,E18000007,E40000003,E92000001,E12000007,5,E14000540,E15000007,E24000015,E30000234,E16000009,E09000002,00ABFX,E00000062,00ABFX,E99999999,E01000010,E02000016,5,7B1,E00000062,E01000010,E02000016,E33029013,E38000255,E34004707,E35001364,A1,3B3,51.536726,0.078224,E37000051,,E23000001,6900,E56000028,E54000029
IG11 9TN,198001,,E99999999,E99999999,E09000002,E05000026,E43000192,0,544973,184368,1,E18000007,E40000003,E92000001,E12000007,5,E14000540,E15000007,E24000015,E30000234,E16000009,E09000002,00ABFX,E00000055,00ABFX,E99999999,E01000006,E02000017,5,7A3,E00000055,E01000006,E02000017,E33032232,E38000255,E34004707,E35001364,A1,4B1,51.539601,0.089053,E37000051,,E23000001,14486,E56000028,E54000029
RM9 4XS,198001,,E99999999,E99999999,E09000002,E05000031,E43000192,0,546620,183756,1,E18000007,E40000003,E92000001,E12000007,5,E14000540,E15000007,E24000015,E30000234,E16000009,E09000002,00ABGC,E00000199,00ABGC,E99999999,E01000045,E02000018,5,7A2,E00000199,E01000045,E02000018,E33032238,E38000255,E34004707,E35001364,A1,4A3,51.533677,0.11253,E37000051,,E23000001,5639,E56000028,E54000029
RM9 6YQ,199007,,E99999999,E99999999,E09000002,E05000033,E43000192,0,548449,183593,1,E18000007,E40000003,E92000001,E12000007,5,E14000540,E15000007,E24000015,E30000234,E16000009,E09000002,00ABGE,E00000276,00ABGE,E99999999,E01000056,E02000019,5,7B1,E00000276,E01000056,E02000019,E33029020,E38000255,E34004707,E35001364,A1,4A1,51.531734,0.138784,E37000051,,E23000001,5571,E56000028,E54000029
IG11 9RQ,198001,,E99999999,E99999999,E09000002,E05000031,E43000192,0,545356,184002,1,E18000007,E40000003,E92000001,E12000007,5,E14000540,E15000007,E24000015,E30000234,E16000009,E09000002,00ABGC,E00000223,00ABGC,E99999999,E01000040,E02000020,5,7B1,E00000223,E01000040,E02000020,E33032243,E38000255,E34004707,E35001364,A1,3A2,51.536213,0.094394,E37000051,,E23000001,6028,E56000028,E54000029
RM10 9QJ,198001,,E99999999,E99999999,E09000002,E05000038,E43000192,0,549417,183891,1,E18000007,E40000003,E92000001,E12000007,5,E14000657,E15000007,E24000015,E30000234,E16000009,E09000002,00ABGK,E00000424,00ABGK,E99999999,E01000088,E02000021,5,7A2,E00000424,E01000088,E02000021,E33032250,E38000255,E34004707,E35001364,A1,4A3,51.534157,0.152856,E37000051,,E23000001,8574,E56000028,E54000029
IG11 7AH,200502,,E99999999,E99999999,E09000002,E05000032,E43000192,0,544374,183743,1,E18000007,E40000003,E92000001,E12000007,5,E14000540,E15000007,E24000015,E30000234,E16000009,E09000002,00ABGD,E00000263,00ABGD,E99999999,E01000047,E02000022,5,7B2,E00000263,E01033588,E02000022,E33032253,E38000255,E34004707,E35001364,A1,3B1,51.534138,0.080139,E37000051,,E23000001,5808,E56000028,E54000029
IG11 0PJ,198001,,E99999999,E99999999,E09000002,E05000039,E43000192,0,546024,183277,1,E18000007,E40000003,E92000001,E12000007,5,E14000540,E15000007,E24000015,E30000234,E16000009,E09000002,00ABGL,E00000454,00ABGL,E99999999,E01000093,E02000023,5,5C3,E00000454,E01000093,E02000023,E33032255,E38000255,E34004707,E35001364,A1,3A1,51.529527,0.103718,E37000051,,E23000001,2669,E56000028,E54000029
EN5 2JU,198303,,E99999999,E99999999,E09000003,E05000060,E43000193,0,524379,196166,1,E18000007,E40000003,E92000001,E12000007,5,E14000636,E15000007,E24000012,E30000234,E16000006,E09000003,00ACGQ,E00001426,00ACGQ,E99999999,E01000292,E02000024,5,2B1,E00001426,E01000292,E02000024,E33032269,E38000240,E34004707,E35001035,A1,3D1,51.65054,-0.203553,E37000051,,E23000001,22974,E56000027,E54000028
EN5 5YS,199501,,E99999999,E99999999,E09000003,E05000056,E43000193,0,525206,195988,1,E18000007,E40000003,E92000001,E12000007,5,E14000636,E15000007,E24000012,E30000234,E16000006,E09000003,00ACGL,E00001244,00ACGL,E99999999,E01000246,E02000025,5,4D1,E00001244,E01000246,E02000025,E33032271,E38000240,E34004707,E35001035,A1,5B1,51.648754,-0.191694,E37000051,,E23000001,23751,E56000027,E54000028
EN4 8QE,198001,,E99999999,E99999999,E09000003,E05000048,E43000193,0,528059,195429,1,E18000007,E40000003,E92000001,E12000007,5,E14000636,E15000007,E24000012,E30000234,E16000006,E09000003,00ACGC,E00000850,00ACGC,E99999999,E01000172,E02000026,5,6D1,E00000850,E01000172,E02000026,E33032276,E38000240,E34004707,E35001035,A1,4C3,51.643089,-0.150685,E37000051,,E23000001,26533,E56000027,E54000028
EN5 2UE,198001,,E99999999,E99999999,E09000003,E05000060,E43000193,0,524762,195363,1,E18000007,E40000003,E92000001,E12000007,5,E14000636,E15000007,E24000012,E30000234,E16000006,E09000003,00ACGQ,E00001417,00ACGQ,E99999999,E01000289,E02000027,5,7A2,E00001417,E01000289,E02000027,E33032279,E38000240,E34004707,E35001035,A1,4A3,51.643236,-0.198331,E37000051,,E23000001,4786,E56000027,E54000028
EN5 1BW,198001,,E99999999,E99999999,E09000003,E05000058,E43000193,0,526591,195283,1,E18000007,E40000003,E92000001,E12000007,5,E14000636,E15000007,E24000012,E30000234,E16000006,E09000003,00ACGN,E00001343,00ACGN,E99999999,E01000267,E02000028,5,7A3,E00001343,E01000267,E02000028,E33032284,E38000240,E34004707,E35001035,A1,4C3,51.642109,-0.171942,E37000051,,E23000001,21327,E56000027,E54000028
EN4 8AS,198001,,E99999999,E99999999,E09000003,E05000048,E43000193,0,526675,195877,1,E18000007,E40000003,E92000001,E12000007,5,E14000636,E15000007,E24000012,E30000234,E16000006,E09000003,00ACGC,E00000838,00ACGC,E99999999,E01000171,E02000029,5,2A2,E00000838,E01000171,E02000029,E33032285,E38000240,E34004707,E35001035,A1,2D1,51.647428,-0.170514,E37000051,,E23000001,11210,E56000027,E54000028
N20 8EB,198001,,E99999999,E99999999,E09000003,E05000059,E43000193,0,525512,193850,1,E18000007,E40000003,E92000001,E12000007,5,E14000636,E15000007,E24000012,E30000234,E16000006,E09000003,00ACGP,E00001374,00ACGP,E99999999,E01000280,E02000030,5,4D1,E00001374,E01000280,E02000030,E33032297,E38000240,E34004707,E35001035,A1,6A1,51.629473,-0.18804,E37000051,,E23000001,31544,E56000027,E54000028
N20 0NQ,198001,,E99999999,E99999999,E09000003,E05000059,E43000193,0,526752,193653,1,E18000007,E40000003,E92000001,E12000007,5,E14000636,E15000007,E24000012,E30000234,E16000006,E09000003,00ACGP,E00001378,00ACGP,E99999999,E01000281,E02000031,5,6D1,E00001378,E01000281,E02000031,E33032298,E38000240,E34004707,E35001035,A1,4A3,51.627427,-0.17018,E37000051,,E23000001,23416,E56000027,E54000028
N14 7PH,199501,,E99999999,E99999999,E09000003,E05000043,E43000193,0,529316,193639,1,E18000007,E40000003,E92000001,E12000007,5,E14000636,E15000007,E24000012,E30000234,E16000006,E09000003,00ACFX,E00000596,00ACFX,E99999999,E01000122,E02000032,5,2B2,E00000596,E01000122,E02000032,E33032303,E38000240,E34004707,E35000978,A1,4C3,51.626716,-0.13319,E37000051,,E23000001,24308,E56000027,E54000028
N11 1AZ,201112,,E99999999,E99999999,E09000003,E05000043,E43000193,0,528992,192939,1,E18000007,E40000003,E92000001,E12000007,5,E14000636,E15000007,E24000012,E30000234,E16000006,E09000003,00ACFX,E00000605,00ACFX,E99999999,E01000123,E02000033,5,2B2,E00000605,E01000123,E02000033,E33032307,E38000240,E34004707,E35001035,A1,4C2,51.6205,-0.138125,E37000051,,E23000001,23278,E56000027,E54000028
N12 9LP,198001,,E99999999,E99999999,E09000003,E05000063,E43000193,0,527030,192343,1,E18000007,E40000003,E92000001,E12000007,5,E14000703,E15000007,E24000012,E30000234,E16000006,E09000003,00ACGT,E00001588,00ACGT,E99999999,E01000322,E02000034,5,7A3,E00001588,E01000322,E02000034,E33032310,E38000240,E34004707,E35001035,A1,4C3,51.615592,-0.166641,E37000051,,E23000001,19048,E56000027,E54000028
N20 0PT,198001,,E99999999,E99999999,E09000003,E05000059,E43000193,0,526333,193454,1,E18000007,E40000003,E92000001,E12000007,5,E14000636,E15000007,E24000012,E30000234,E16000006,E09000003,00ACGP,E00001384,00ACGP,E99999999,E01000284,E02000035,5,7A3,E00001384,E01000284,E02000035,E33032316,E38000240,E34004707,E35001035,A1,4C2,51.625733,-0.176302,E37000051,,E23000001,18467,E56000027,E54000028
HA8 8XW,198001,,E99999999,E99999999,E09000003,E05000050,E43000193,0,519704,193811,1,E18000007,E40000003,E92000001,E12000007,5,E14000741,E15000007,E24000012,E30000234,E16000006,E09000003,00ACGE,E00000962,00ACGE,E99999999,E01000195,E02000036,5,7A2,E00000962,E01000195,E02000036,E33032323,E38000240,E34004707,E35001035,A1,4A3,51.630387,-0.271923,E37000051,,E23000001,9593,E56000027,E54000028
HA8 8JG,198001,,E99999999,E99999999,E09000003,E05000050,E43000193,0,519442,192648,1,E18000007,E40000003,E92000001,E12000007,5,E14000741,E15000007,E24000012,E30000234,E16000006,E09000003,00ACGE,E00000939,00ACGE,E99999999,E01000191,E02000037,5,4D1,E00000939,E01000191,E02000037,E33032326,E38000240,E34004707,E35001035,A1,6A1,51.61999,-0.276103,E37000051,,E23000001,28527,E56000027,E54000028
N11 3JJ,198001,,E99999999,E99999999,E09000003,E05000047,E43000193,0,527764,192190,1,E18000007,E40000003,E92000001,E12000007,5,E14000636,E15000007,E24000012,E30000234,E16000006,E09000003,00ACGB,E00000779,00ACGB,E99999999,E01000161,E02000038,5,7A3,E00000779,E01000161,E02000038,E33032329,E38000240,E34004707,E35001035,A1,4C3,51.614048,-0.156127,E37000051,,E23000001,19434,E56000027,E54000028
NW7 2RD,198001,,E99999999,E99999999,E09000003,E05000057,E43000193,0,522330,191741,1,E18000007,E40000003,E92000001,E12000007,5,E14000741,E15000007,E24000012,E30000234,E16000006,E09000003,00ACGM,E00001277,00ACGM,E99999999,E01000256,E02000039,5,6D1,E00001277,E01000256,E02000039,E33032337,E38000240,E34004707,E35001035,A1,4C3,51.611219,-0.234724,E37000051,,E23000001,23742,E56000027,E54000028
NW7 4NX,198001,,E99999999,E99999999,E09000003,E05000057,E43000193,0,521531,193224,1,E18000007,E40000003,E92000001,E12000007,5,E14000741,E15000007,E24000012,E30000234,E16000006,E09000003,00ACGM,E00001297,00ACGM,E99999999,E01000261,E02000040,5,4D1,E00001297,E01000261,E02000040,E33032342,E38000240,E34004707,E35001035,A1,6A1,51.62472,-0.245744,E37000051,,E23000001,27512,E56000027,E54000028
HA8 7TT,200607,,E99999999,E99999999,E09000003,E05000050,E43000193,1,519140,191780,1,E18000007,E40000003,E92000001,E12000007,5,E14000741,E15000007,E24000012,E30000234,E16000006,E09000003,00ACGE,E00000958,00ACGE,E99999999,E01000194,E02000041,5,7A3,E00000958,E01000194,E02000041,E33029045,E38000240,E34004707,E35001108,A1,3A2,51.612255,-0.280735,E37000051,,E23000001,14920,E56000027,E54000028
N12 8AA,198001,,E99999999,E99999999,E09000003,E05000061,E43000193,0,525970,192333,1,E18000007,E40000003,E92000001,E12000007,5,E14000703,E15000007,E24000012,E30000234,E16000006,E09000003,00ACGR,E00001467,00ACGR,E99999999,E01000300,E02000042,5,7A3,E00001467,E01000300,E02000042,E33032355,E38000240,E34004707,E35001035,A1,4C3,51.615737,-0.181972,E37000051,,E23000001,21880,E56000027,E54000028
N3 1AU,198001,,E99999999,E99999999,E09000003,E05000061,E43000193,0,525263,191607,1,E18000007,E40000003,E92000001,E12000007,5,E14000703,E15000007,E24000012,E30000234,E16000006,E09000003,00ACGR,E00001483,00ACGR,E99999999,E01000303,E02000043,5,2B2,E00001483,E01000303,E02000043,E33032361,E38000240,E34004707,E35001035,A1,4C1,51.609371,-0.192437,E37000051,,E23000001,28555,E56000027,E54000028
HA8 9HF,198001,,E99999999,E99999999,E09000003,E05000054,E43000193,0,521081,191687,1,E18000007,E40000003,E92000001,E12000007,5,E14000741,E15000007,E24000012,E30000234,E16000006,E09000003,00ACGJ,E00001109,00ACGJ,E99999999,E01000235,E02000044,5,7A2,E00001109,E01000235,E02000044,E33032364,E38000240,E34004707,E35001035,A1,4A3,51.611006,-0.252748,E37000051,,E23000001,11811,E56000027,E54000028
N11 3ES,199906,,E99999999,E99999999,E09000003,E05000047,E43000193,0,528384,191831,1,E18000007,E40000003,E92000001,E12000007,5,E14000636,E15000007,E24000012,E30000234,E16000006,E09000003,00ACGB,E00000787,00ACGB,E99999999,E01000165,E02000045,5,7A3,E00000787,E01000165,E02000045,E33032370,E38000240,E34004707,E35001035,A1,4C2,51.610684,-0.147283,E37000051,,E23000001,20782,E56000027,E54000028
N3 2HR,198001,,E99999999,E99999999,E09000003,E05000061,E43000193,0,525556,190648,1,E18000007,E40000003,E92000001,E12000007,5,E14000703,E15000007,E24000012,E30000234,E16000006,E09000003,00ACGR,E00001465,00ACGR,E99999999,E01000295,E02000046,5,7A3,E00001465,E01000295,E02000046,E33032375,E38000240,E34004707,E35001035,A1,4C3,51.600687,-0.188551,E37000051,,E23000001,20731,E56000027,E54000028
NW9 5JY,198001,,E99999999,E99999999,E09000003,E05000044,E43000193,0,521113,190329,1,E18000007,E40000003,E92000001,E12000007,5,E14000741,E15000007,E24000012,E30000234,E16000006,E09000003,00ACFY,E00000626,00ACFY,E99999999,E01000131,E02000047,5,7B1,E00000626,E01000131,E02000047,E33032378,E38000240,E34004707,E35001035,A1,3A2,51.598792,-0.252778,E37000051,,E23000001,13623,E56000027,E54000028
NW4 1LR,198001,,E99999999,E99999999,E09000003,E05000051,E43000193,0,523976,190289,1,E18000007,E40000003,E92000001,E12000007,5,E14000703,E15000007,E24000012,E30000234,E16000006,E09000003,00ACGF,E00001001,00ACGF,E99999999,E01000199,E02000048,5,2B2,E00001001,E01000199,E02000048,E33032385,E38000240,E34004707,E35001035,A1,2D1,51.59781,-0.211478,E37000051,,E23000001,28042,E56000027,E54000028
NW9 5GS,198001,,E99999999,E99999999,E09000003,E05000046,E43000193,0,521389,191040,1,E18000007,E40000003,E92000001,E12000007,5,E14000741,E15000007,E24000012,E30000234,E16000006,E09000003,00ACGA,E00000740,00ACGA,E99999999,E01000153,E02000049,5,5B1,E00000740,E01000153,E02000049,E33032386,E38000240,E34004707,E35001035,A1,4A3,51.605123,-0.24855,E37000051,,E23000001,3826,E56000027,E54000028
N2 8LD,198106,,E99999999,E99999999,E09000003,E05000049,E43000193,0,526318,190243,1,E18000007,E40000003,E92000001,E12000007,5,E14000703,E15000007,E24000012,E30000234,E16000006,E09000003,00ACGD,E00000880,00ACGD,E99999999,E01000176,E02000050,5,7B2,E00000880,E01000176,E02000050,E33032393,E38000240,E34004707,E35001035,A1,3A1,51.596877,-0.1777,E37000051,,E23000001,7768,E56000027,E54000028
N3 1SE,198001,,E99999999,E99999999,E09000003,E05000051,E43000193,0,524630,190279,1,E18000007,E40000003,E92000001,E12000007,5,E14000703,E15000007,E24000012,E30000234,E16000006,E09000003,00ACGF,E00001000,00ACGF,E99999999,E01000200,E02000051,5,7B1,E00001000,E01000200,E02000051,E33032403,E38000240,E34004707,E35001035,A1,3D1,51.597576,-0.202045,E37000051,,E23000001,25046,E56000027,E54000028
N2 8DU,198001,,E99999999,E99999999,E09000003,E05000049,E43000193,0,526837,189991,1,E18000007,E40000003,E92000001,E12000007,5,E14000703,E15000007,E24000012,E30000234,E16000006,E09000003,00ACGD,E00000885,00ACGD,E99999999,E01000185,E02000052,5,7B2,E00000885,E01000185,E02000052,E33032406,E38000240,E34004707,E35001035,A1,3B1,51.594499,-0.170277,E37000051,,E23000001,10299,E56000027,E54000028
NW9 4DB,201801,,E99999999,E99999999,E09000003,E05000046,E43000193,0,521920,189684,1,E18000007,E40000003,E92000001,E12000007,5,E14000741,E15000007,E24000012,E30000234,E16000006,E09000003,00ACGA,E00000762,00ACGA,E99999999,E01000149,E02000053,5,7A3,E00000762,E01033572,E02000053,E33029037,E38000240,E34004707,E35001035,A1,4C2,51.592825,-0.241331,E37000051,,E23000001,12628,E56000027,E54000028
NW4 4RD,198001,,E99999999,E99999999,E09000003,E05000055,E43000193,0,522940,190102,1,E18000007,E40000003,E92000001,E12000007,5,E14000741,E15000007,E24000012,E30000234,E16000006,E09000003,00ACGK,E00001184,00ACGK,E99999999,E01000241,E02000054,5,2A2,E00001184,E01000241,E02000054,E33032415,E38000240,E34004707,E35001035,A1,3D1,51.59636,-0.226468,E37000051,,E23000001,23646,E56000027,E54000028
NW4 3EA,198001,,E99999999,E99999999,E09000003,E05000062,E43000193,0,522832,188360,1,E18000007,E40000003,E92000001,E12000007,5,E14000741,E15000007,E24000012,E30000234,E16000006,E09000003,00ACGS,E00001495,00ACGS,E99999999,E01000314,E02000055,5,7A3,E00001495,E01000314,E02000055,E33032425,E38000240,E34004707,E35001035,A1,4C3,51.580725,-0.228661,E37000051,,E23000001,23679,E56000027,E54000028
NW11 6SD,198001,,E99999999,E99999999,E09000003,E05000052,E43000193,0,525883,188578,1,E18000007,E40000003,E92000001,E12000007,5,E14000703,E15000007,E24000012,E30000234,E16000006,E09000003,00ACGG,E00001043,00ACGG,E99999999,E01000207,E02000056,5,4D1,E00001043,E01000207,E02000056,E33032430,E38000240,E34004707,E35001035,A1,6A1,51.582011,-0.184574,E37000051,,E23000001,28804,E56000027,E54000028
NW4 2LA,198001,,E99999999,E99999999,E09000003,E05000055,E43000193,0,524204,189281,1,E18000007,E40000003,E92000001,E12000007,5,E14000741,E15000007,E24000012,E30000234,E16000006,E09000003,00ACGK,E00001200,00ACGK,E99999999,E01000238,E02000057,5,6D1,E00001200,E01000238,E02000057,E33032435,E38000240,E34004707,E35001035,A1,4C2,51.588701,-0.208545,E37000051,,E23000001,19485,E56000027,E54000028
NW11 0RP,198001,,E99999999,E99999999,E09000003,E05000053,E43000193,0,524782,187976,1,E18000007,E40000003,E92000001,E12000007,5,E14000703,E15000007,E24000012,E30000234,E16000006,E09000003,00ACGH,E00001067,00ACGH,E99999999,E01000216,E02000058,5,7B1,E00001067,E01000216,E02000058,E33032441,E38000240,E34004707,E35001035,A1,3D1,51.576849,-0.200644,E37000051,,E23000001,24507,E56000027,E54000028
NW9 7RT,198803,,E99999999,E99999999,E09000003,E05000062,E43000193,0,521229,188391,1,E18000007,E40000003,E92000001,E12000007,5,E14000741,E15000007,E24000012,E30000234,E16000006,E09000003,00ACGS,E00001538,00ACGS,E99999999,E01000312,E02000059,5,7A3,E00001538,E01000312,E02000059,E33032450,E38000240,E34004707,E35001035,A1,4B1,51.58135,-0.251773,E37000051,,E23000001,10806,E56000027,E54000028
NW11 8HL,198001,,E99999999,E99999999,E09000003,E05000045,E43000193,0,524692,187611,1,E18000007,E40000003,E92000001,E12000007,5,E14000703,E15000007,E24000012,E30000234,E16000006,E09000003,00ACFZ,E00000692,00ACFZ,E99999999,E01000145,E02000060,5,2B2,E00000692,E01000145,E02000060,E33032455,E38000240,E34004707,E35001035,A1,4C3,51.573588,-0.202072,E37000051,,E23000001,19310,E56000027,E54000028
NW11 8DP,198001,,E99999999,E99999999,E09000003,E05000045,E43000193,0,525115,186823,1,E18000007,E40000003,E92000001,E12000007,5,E14000703,E15000007,E24000012,E30000234,E16000006,E09000003,00ACFZ,E00000707,00ACFZ,E99999999,E01000136,E02000061,5,6D1,E00000707,E01000136,E02000061,E33032465,E38000240,E34004707,E35001035,A1,4C3,51.56641,-0.196276,E37000051,,E23000001,25840,E56000027,E54000028
NW2 1DJ,198001,,E99999999,E99999999,E09000003,E05000053,E43000193,0,523441,187062,1,E18000007,E40000003,E92000001,E12000007,5,E14000703,E15000007,E24000012,E30000234,E16000006,E09000003,00ACGH,E00001083,00ACGH,E99999999,E01000223,E02000062,5,7A2,E00001083,E01000223,E02000062,E33032473,E38000240,E34004707,E35001035,A1,4A3,51.568927,-0.220332,E37000051,,E23000001,5606,E56000027,E54000028
NW2 1RT,198001,,E99999999,E99999999,E09000003,E05000045,E43000193,0,524183,186215,1,E18000007,E40000003,E92000001,E12000007,5,E14000703,E15000007,E24000012,E30000234,E16000006,E09000003,00ACFZ,E00000673,00ACFZ,E99999999,E01000142,E02000063,5,7B1,E00174901,E01000142,E02000063,E33032475,E38000240,E34004707,E35001035,A1,3D1,51.561155,-0.209906,E37000051,,E23000001,17305,E56000027,E54000028
NW2 2JJ,198001,,E99999999,E99999999,E09000003,E05000045,E43000193,0,524933,186456,1,E18000007,E40000003,E92000001,E12000007,5,E14000703,E15000007,E24000012,E30000234,E16000006,E09000003,00ACFZ,E00000678,00ACFZ,E99999999,E01000137,E02000064,5,7B1,E00000678,E01000137,E02000064,E33032481,E38000240,E34004707,E35001035,A1,3B1,51.563155,-0.199006,E37000051,,E23000001,8611,E56000027,E54000028
DA18 4BL,198001,,E99999999,E99999999,E09000004,E05011232,E43000194,0,547987,179602,1,E18000007,E40000003,E92000001,E12000007,5,E14000696,E15000007,E24000015,E30000234,E17000002,E09000004,00ADGX,E00002297,00ADGX,E99999999,E01000466,E02000065,5,7B2,E00002297,E01000466,E02000065,E33032483,E38000244,E34004707,E35001091,A1,3A1,51.495995,0.130455,E37000051,,E23000001,11745,E56000010,E54000030
DA17 5DY,198704,,E99999999,E99999999,E09000004,E05011218,E43000194,0,547811,178978,1,E18000007,E40000003,E92000001,E12000007,5,E14000696,E15000007,E24000015,E30000234,E17000002,E09000004,00ADGP,E00002045,00ADGP,E99999999,E01000418,E02000066,5,7A2,E00002045,E01000418,E02000066,E33032486,E38000244,E34004707,E35001091,A1,4A3,51.490435,0.12766,E37000051,,E23000001,15526,E56000010,E54000030
DA17 5ER,198001,,E99999999,E99999999,E09000004,E05011218,E43000194,0,548894,178373,1,E18000007,E40000003,E92000001,E12000007,5,E14000696,E15000007,E24000015,E30000234,E17000002,E09000004,00ADGB,E00001652,00ADGB,E99999999,E01000338,E02000067,5,6D2,E00001652,E01000338,E02000067,E33032487,E38000244,E34004707,E35001091,A1,4A3,51.484715,0.142993,E37000051,,E23000001,15333,E56000010,E54000030
DA8 1LW,199412,,E99999999,E99999999,E09000004,E05011225,E43000194,0,551044,178557,1,E18000007,E40000003,E92000001,E12000007,5,E14000696,E15000007,E24000015,E30000234,E17000002,E09000004,00ADGM,E00001999,00ADGM,E99999999,E01000404,E02000068,5,7B1,E00166771,E01000404,E02000068,E33032495,E38000244,E34004707,E35001091,A1,3D2,51.485798,0.174012,E37000051,,E23000001,7988,E56000010,E54000030
DA17 6HH,198001,,E99999999,E99999999,E09000004,E05011225,E43000194,0,549621,178311,1,E18000007,E40000003,E92000001,E12000007,5,E14000696,E15000007,E24000015,E30000234,E17000002,E09000004,00ADGM,E00001990,00ADGM,E99999999,E01000402,E02000069,5,7A2,E00001990,E01000402,E02000069,E33032496,E38000244,E34004707,E35001091,A1,5B1,51.483966,0.153429,E37000051,,E23000001,11661,E56000010,E54000030
DA7 5RQ,198001,,E99999999,E99999999,E09000004,E05011233,E43000194,0,548089,177697,1,E18000007,E40000003,E92000001,E12000007,5,E14000696,E15000007,E24000015,E30000234,E17000002,E09000004,00ADGP,E00002059,00ADGP,E99999999,E01000419,E02000070,5,6A2,E00002059,E01000419,E02000070,E33032501,E38000244,E34004707,E35001091,A1,6B1,51.478852,0.131125,E37000051,,E23000001,26164,E56000010,E54000030
DA8 1JL,198001,,E99999999,E99999999,E09000004,E05011228,E43000194,0,549999,176959,1,E18000007,E40000003,E92000001,E12000007,5,E14000696,E15000007,E24000015,E30000234,E17000002,E09000004,00ADGS,E00002151,00ADGS,E99999999,E01000441,E02000071,5,6A2,E00002151,E01000441,E02000071,E33032503,E38000244,E34004707,E35001091,A1,5A2,51.471718,0.158295,E37000051,,E23000001,8484,E56000010,E54000030
DA8 9HD,201906,,E99999999,E99999999,E09000004,E05011231,E43000194,1,552581,177563,1,E18000007,E40000003,E92000001,E12000007,5,E14000558,E15000007,E24000015,E30000234,E17000002,E09000004,00ADGR,E00002111,00ADGR,E99999999,E01000430,E02000072,5,6D1,E00002111,E01000430,E02000072,E33032509,E38000244,E34004707,E35001091,A1,4A3,51.476455,0.19573,E37000051,,E23000001,17477,E56000010,E54000030
DA16 1HJ,200012,,E99999999,E99999999,E09000004,E05011233,E43000194,0,547477,176940,1,E18000007,E40000003,E92000001,E12000007,5,E14000558,E15000007,E24000015,E30000234,E17000002,E09000004,00ADGU,E00002235,00ADGU,E99999999,E01000452,E02000073,5,4C3,E00002235,E01000452,E02000073,E33032513,E38000244,E34004707,E35001091,A1,5A2,51.47221,0.122003,E37000051,,E23000001,27715,E56000010,E54000030
DA8 3DW,198001,,E99999999,E99999999,E09000004,E05011228,E43000194,0,550789,177450,1,E18000007,E40000003,E92000001,E12000007,5,E14000558,E15000007,E24000015,E30000234,E17000002,E09000004,00ADGG,E00001819,00ADGG,E99999999,E01000372,E02000074,5,6B2,E00001819,E01000372,E02000074,E33032517,E38000244,E34004707,E35001091,A1,5B2,51.47592,0.16987,E37000051,,E23000001,8063,E56000010,E54000030
DA7 5NZ,198001,,E99999999,E99999999,E09000004,E05011233,E43000194,0,548976,177418,1,E18000007,E40000003,E92000001,E12000007,5,E14000696,E15000007,E24000015,E30000234,E17000002,E09000004,00ADGS,E00002165,00ADGS,E99999999,E01000436,E02000075,5,4C3,E00002165,E01000436,E02000075,E33032518,E38000244,E34004707,E35001091,A1,6B1,51.476112,0.143771,E37000051,,E23000001,30492,E56000010,E54000030
DA16 1JZ,198001,,E99999999,E99999999,E09000004,E05011224,E43000194,0,546972,176401,1,E18000007,E40000003,E92000001,E12000007,5,E14000558,E15000007,E24000015,E30000234,E17000002,E09000004,00ADGU,E00002215,00ADGU,E99999999,E01000455,E02000077,5,4C3,E00002215,E01000455,E02000077,E33032522,E38000244,E34004707,E35001091,A1,6B1,51.467498,0.114513,E37000051,,E23000001,26845,E56000010,E54000030
DA7 6PX,198001,,E99999999,E99999999,E09000004,E05011217,E43000194,0,550221,176602,1,E18000007,E40000003,E92000001,E12000007,5,E14000558,E15000007,E24000015,E30000234,E17000002,E09000004,00ADGG,E00001798,00ADGG,E99999999,E01000370,E02000078,5,4C2,E00001798,E01000370,E02000078,E33032524,E38000244,E34004707,E35001091,A1,6B1,51.468451,0.161338,E37000051,,E23000001,22899,E56000010,E54000030
DA7 9SQ,200503,,E99999999,E99999999,E09000004,E05011219,E43000194,0,549532,175102,1,E18000007,E40000003,E92000001,E12000007,5,E14000558,E15000007,E24000015,E30000234,E17000002,E09000004,00ADGF,E00001787,00ADGF,E99999999,E01000362,E02000079,5,4D1,E00001787,E01000362,E02000079,E33029107,E38000244,E34004707,E35001091,A1,5B1,51.455156,0.150792,E37000051,,E23000001,21457,E56000010,E54000030
DA16 2EL,198001,,E99999999,E99999999,E09000004,E05011226,E43000194,0,545857,175642,1,E18000007,E40000003,E92000001,E12000007,5,E14000869,E15000007,E24000015,E30000234,E17000002,E09000004,00ADGN,E00002015,00ADGN,E99999999,E01000415,E02000080,5,4C3,E00002015,E01000415,E02000080,E33032533,E38000244,E34004707,E35001091,A1,5A2,51.460966,0.098159,E37000051,,E23000001,29162,E56000010,E54000030
DA7 6ES,198001,,E99999999,E99999999,E09000004,E05011219,E43000194,0,550031,175647,1,E18000007,E40000003,E92000001,E12000007,5,E14000558,E15000007,E24000015,E30000234,E17000002,E09000004,00ADGA,E00001617,00ADGA,E99999999,E01000330,E02000081,5,6D2,E00001617,E01000330,E02000081,E33032535,E38000244,E34004707,E35001091,A1,5B1,51.459921,0.158199,E37000051,,E23000001,16254,E56000010,E54000030
DA16 2QP,198001,,E99999999,E99999999,E09000004,E05011224,E43000194,0,545568,175900,1,E18000007,E40000003,E92000001,E12000007,5,E14000869,E15000007,E24000015,E30000234,E17000002,E09000004,00ADGL,E00001940,00ADGL,E99999999,E01000396,E02000082,5,6A2,E00001940,E01000396,E02000082,E33032542,E38000244,E34004707,E35001091,A1,5A2,51.463359,0.094108,E37000051,,E23000001,26986,E56000010,E54000030
DA1 4DE,198001,,E99999999,E99999999,E09000004,E05011222,E43000194,0,551220,174820,1,E18000007,E40000003,E92000001,E12000007,5,E14000558,E15000007,E24000015,E30000234,E17000002,E09000004,00ADGH,E00001846,00ADGH,E99999999,E01000378,E02000083,5,6C1,E00001846,E01000378,E02000083,E33032544,E38000244,E34004707,E35001091,A1,5A3,51.452174,0.174948,E37000051,,E23000001,13369,E56000010,E54000030
DA6 8HW,198001,,E99999999,E99999999,E09000004,E05011223,E43000194,0,547782,175030,1,E18000007,E40000003,E92000001,E12000007,5,E14000558,E15000007,E24000015,E30000234,E17000002,E09000004,00ADGK,E00001912,00ADGK,E99999999,E01000389,E02000084,5,4B3,E00001912,E01000389,E02000084,E33032547,E38000244,E34004707,E35001091,A1,5B1,51.454968,0.125593,E37000051,,E23000001,23070,E56000010,E54000030
DA15 9PF,198001,,E99999999,E99999999,E09000004,E05011221,E43000194,0,546723,174521,1,E18000007,E40000003,E92000001,E12000007,5,E14000869,E15000007,E24000015,E30000234,E17000002,E09000004,00ADGD,E00001707,00ADGD,E99999999,E01000352,E02000085,5,6D2,E00001707,E01000352,E02000085,E33032553,E38000244,E34004707,E35001091,A1,5A2,51.45067,0.110151,E37000051,,E23000001,19159,E56000010,E54000030
DA15 8JQ,198001,,E99999999,E99999999,E09000004,E05011220,E43000194,0,545354,173594,1,E18000007,E40000003,E92000001,E12000007,5,E14000869,E15000007,E24000015,E30000234,E17000002,E09000004,00ADGC,E00001675,00ADGC,E99999999,E01000345,E02000086,5,6A2,E00001675,E01000345,E02000086,E33032556,E38000244,E34004707,E35001091,A1,5A1,51.442693,0.090083,E37000051,,E23000001,29145,E56000010,E54000030
DA5 2DA,198001,,E99999999,E99999999,E09000004,E05011229,E43000194,0,550108,173112,1,E18000007,E40000003,E92000001,E12000007,5,E14000869,E15000007,E24000015,E30000234,E17000002,E09000004,00ADGT,E00002196,00ADGT,E99999999,E01000444,E02000087,5,4B3,E00002196,E01000444,E02000087,E33032562,E38000244,E34004707,E35001091,A1,6A1,51.437123,0.158232,E37000051,,E23000001,28530,E56000010,E54000030
DA5 3LP,198001,,E99999999,E99999999,E09000004,E05011229,E43000194,0,548318,173269,1,E18000007,E40000003,E92000001,E12000007,5,E14000869,E15000007,E24000015,E30000234,E17000002,E09000004,00ADGT,E00002175,00ADGT,E99999999,E01000445,E02000088,5,4C2,E00002175,E01000445,E02000088,E33032565,E38000244,E34004707,E35001091,A1,6B1,51.439005,0.132564,E37000051,,E23000001,29687,E56000010,E54000030
DA15 7LQ,198001,,E99999999,E99999999,E09000004,E05011227,E43000194,0,545493,172457,1,E18000007,E40000003,E92000001,E12000007,5,E14000869,E15000007,E24000015,E30000234,E17000002,E09000004,00ADGQ,E00002076,00ADGQ,E99999999,E01000425,E02000089,5,4C3,E00002076,E01000425,E02000089,E33032569,E38000244,E34004707,E35001091,A1,6B1,51.432441,0.091615,E37000051,,E23000001,28921,E56000010,E54000030
DA15 7NA,198001,,E99999999,E99999999,E09000004,E05011227,E43000194,0,546001,172487,1,E18000007,E40000003,E92000001,E12000007,5,E14000869,E15000007,E24000015,E30000234,E17000002,E09000004,00ADGQ,E00002101,00ADGQ,E99999999,E01000424,E02000090,5,2B1,E00002101,E01000424,E02000090,E33032571,E38000244,E34004707,E35001091,A1,5A3,51.43258,0.09893,E37000051,,E23000001,28573,E56000010,E54000030
DA14 6JN,198001,,E99999999,E99999999,E09000004,E05011230,E43000194,0,547059,170923,1,E18000007,E40000003,E92000001,E12000007,5,E14000869,E15000007,E24000015,E30000234,E17000002,E09000004,00ADGJ,E00001868,00ADGJ,E99999999,E01000384,E02000091,5,6A2,E00001868,E01000384,E02000091,E33032581,E38000244,E34004707,E35001091,A1,5A2,51.418253,0.11349,E37000051,,E23000001,22083,E56000010,E54000030
DA14 4RY,198001,,E99999999,E99999999,E09000004,E05011230,E43000194,0,548145,172469,1,E18000007,E40000003,E92000001,E12000007,5,E14000869,E15000007,E24000015,E30000234,E17000002,E09000004,00ADGJ,E00001870,00ADGJ,E99999999,E01000381,E02000092,5,2B1,E00001870,E01000381,E02000092,E33032586,E38000244,E34004707,E35001091,A1,5A2,51.431862,0.129743,E37000051,,E23000001,9141,E56000010,E54000030
NW9 9AD,198001,,E99999999,E99999999,E09000005,E05000099,E43000195,0,520276,189257,1,E18000007,E40000003,E92000001,E12000007,5,E14000592,E15000007,E24000013,E30000234,E16000045,E09000005,00AEGZ,E00002870,00AEGZ,E99999999,E01000590,E02000093,5,7A3,E00002870,E01000590,E02000093,E33032590,E38000256,E34004707,E35000585,A1,4C2,51.589337,-0.265224,E37000051,,E23000001,15271,E56000021,E54000027
NW9 0RS,198001,,E99999999,E99999999,E09000005,E05000090,E43000195,0,521068,188604,1,E18000007,E40000003,E92000001,E12000007,5,E14000592,E15000007,E24000013,E30000234,E16000045,E09000005,00AEGP,E00002509,00AEGP,E99999999,E01000513,E02000094,5,7A3,E00002509,E01000513,E02000094,E33032596,E38000256,E34004707,E35000585,A1,4C2,51.583299,-0.254022,E37000051,,E23000001,18437,E56000021,E54000027
HA3 0TD,198001,,E99999999,E99999999,E09000005,E05000093,E43000195,0,518564,188588,1,E18000007,E40000003,E92000001,E12000007,5,E14000592,E15000007,E24000013,E30000234,E16000045,E09000005,00AEGS,E00002635,00AEGS,E99999999,E01000543,E02000095,5,7A3,E00002635,E01000543,E02000095,E33032597,E38000256,E34004707,E35000585,A1,4C1,51.583687,-0.29015,E37000051,,E23000001,13232,E56000021,E54000027
HA3 0SN,198001,,E99999999,E99999999,E09000005,E05000093,E43000195,0,518112,188330,1,E18000007,E40000003,E92000001,E12000007,5,E14000592,E15000007,E24000013,E30000234,E16000045,E09000005,00AEGS,E00002609,00AEGS,E99999999,E01000538,E02000096,5,4D1,E00002609,E01000538,E02000096,E33032604,E38000256,E34004707,E35000585,A1,4C1,51.581463,-0.296758,E37000051,,E23000001,25022,E56000021,E54000027
NW9 8TY,198001,,E99999999,E99999999,E09000005,E05000090,E43000195,0,520681,188264,1,E18000007,E40000003,E92000001,E12000007,5,E14000592,E15000007,E24000013,E30000234,E16000045,E09000005,00AEGP,E00002519,00AEGP,E99999999,E01000518,E02000097,5,7A3,E00002519,E01000518,E02000097,E33032610,E38000256,E34004707,E35000585,A1,4B1,51.580326,-0.259722,E37000051,,E23000001,10230,E56000021,E54000027
HA9 9PD,198001,,E99999999,E99999999,E09000005,E05000086,E43000195,0,519103,186716,1,E18000007,E40000003,E92000001,E12000007,5,E14000592,E15000007,E24000013,E30000234,E16000045,E09000005,00AEGK,E00002365,00AEGK,E99999999,E01000480,E02000098,5,7A3,E00002365,E01000480,E02000098,E33032615,E38000256,E34004707,E35000585,A1,4C2,51.566751,-0.282986,E37000051,,E23000001,22429,E56000021,E54000027
HA9 8QB,198001,,E99999999,E99999999,E09000005,E05000097,E43000195,0,517841,186924,1,E18000007,E40000003,E92000001,E12000007,5,E14000592,E15000007,E24000013,E30000234,E16000045,E09000005,00AEGX,E00002778,00AEGX,E99999999,E01000574,E02000099,5,7A3,E00002778,E01000574,E02000099,E33032619,E38000256,E34004707,E35000585,A1,4C2,51.568884,-0.301138,E37000051,,E23000001,23631,E56000021,E54000027
HA0 3RU,198001,,E99999999,E99999999,E09000005,E05000096,E43000195,0,517222,187118,1,E18000007,E40000003,E92000001,E12000007,5,E14000592,E15000007,E24000013,E30000234,E16000045,E09000005,00AEGW,E00002750,00AEGW,E99999999,E01000569,E02000100,5,7A3,E00002750,E01000569,E02000100,E33032621,E38000256,E34004707,E35000585,A1,4C1,51.570756,-0.310001,E37000051,,E23000001,25177,E56000021,E54000027
HA9 9EE,198001,,E99999999,E99999999,E09000005,E05000086,E43000195,0,519984,186742,1,E18000007,E40000003,E92000001,E12000007,5,E14000592,E15000007,E24000013,E30000234,E16000045,E09000005,00AEGK,E00002367,00AEGK,E99999999,E01000479,E02000101,5,4D1,E00002367,E01000479,E02000101,E33032626,E38000256,E34004707,E35000585,A1,4C2,51.566796,-0.270295,E37000051,,E23000001,18106,E56000021,E54000027
NW10 0DT,198001,,E99999999,E99999999,E09000005,E05000103,E43000195,0,520918,186563,1,E18000007,E40000003,E92000001,E12000007,5,E14000591,E15000007,E24000013,E30000234,E16000045,E09000005,00AEHD,E00003015,00AEHD,E99999999,E01000622,E02000102,5,7B1,E00003015,E01000622,E02000102,E33032631,E38000256,E34004707,E35000585,A1,3A2,51.564988,-0.256888,E37000051,,E23000001,7963,E56000021,E54000027
NW2 7RH,198001,,E99999999,E99999999,E09000005,E05000088,E43000195,0,521885,186310,1,E18000007,E40000003,E92000001,E12000007,5,E14000591,E15000007,E24000013,E30000234,E16000045,E09000005,00AEGM,E00002445,00AEGM,E99999999,E01000502,E02000103,5,7B1,E00002445,E01000502,E02000103,E33032632,E38000256,E34004707,E35000585,A1,4C2,51.562507,-0.243032,E37000051,,E23000001,8665,E56000021,E54000027
HA9 7LZ,198001,,E99999999,E99999999,E09000005,E05000097,E43000195,0,517863,185976,1,E18000007,E40000003,E92000001,E12000007,5,E14000592,E15000007,E24000013,E30000234,E16000045,E09000005,00AEGX,E00002784,00AEGX,E99999999,E01000570,E02000104,5,7A3,E00002784,E01000570,E02000104,E33032635,E38000256,E34004707,E35000585,A1,4B1,51.560361,-0.301116,E37000051,,E23000001,11328,E56000021,E54000027
HA0 2NW,198001,,E99999999,E99999999,E09000005,E05000096,E43000195,0,516531,185916,1,E18000007,E40000003,E92000001,E12000007,5,E14000592,E15000007,E24000013,E30000234,E16000045,E09000005,00AEGW,E00002746,00AEGW,E99999999,E01000565,E02000105,5,7B1,E00002746,E01000565,E02000105,E33032642,E38000256,E34004707,E35000585,A1,4B1,51.560096,-0.320365,E37000051,,E23000001,11437,E56000021,E54000027
NW10 1SF,200704,,E99999999,E99999999,E09000005,E05000089,E43000195,0,521239,185985,1,E18000007,E40000003,E92000001,E12000007,5,E14000591,E15000007,E24000013,E30000234,E16000045,E09000005,00AEGN,E00002491,00AEGN,E99999999,E01000510,E02000106,5,7B2,E00002491,E01000510,E02000106,E33032644,E38000256,E34004707,E35000585,A1,3A2,51.559725,-0.252458,E37000051,,E23000001,7979,E56000021,E54000027
NW2 3XE,198001,,E99999999,E99999999,E09000005,E05000095,E43000195,0,524042,185315,1,E18000007,E40000003,E92000001,E12000007,5,E14000591,E15000007,E24000013,E30000234,E16000045,E09000005,00AEGU,E00002705,00AEGU,E99999999,E01000558,E02000107,5,7B1,E00002705,E01000558,E02000107,E33032653,E38000256,E34004707,E35000585,A1,3D1,51.553095,-0.212281,E37000051,,E23000001,9694,E56000021,E54000027
HA0 2FU,201704,,E99999999,E99999999,E09000005,E05000101,E43000195,0,516867,185184,1,E18000007,E40000003,E92000001,E12000007,5,E14000592,E15000007,E24000013,E30000234,E16000045,E09000005,00AEHB,E00002944,00AEHB,E99999999,E01000611,E02000108,5,7B2,E00002944,E01000611,E02000108,E33032655,E38000256,E34004707,E35000585,A1,3A1,51.553449,-0.31574,E37000051,,E23000001,11357,E56000021,E54000027
HA9 6SF,198001,,E99999999,E99999999,E09000005,E05000102,E43000195,0,519417,185159,1,E18000007,E40000003,E92000001,E12000007,5,E14000591,E15000007,E24000013,E30000234,E16000045,E09000005,00AEHC,E00002982,00AEHC,E99999999,E01000617,E02000109,5,7A3,E00002982,E01000617,E02000109,E33032656,E38000256,E34004707,E35000585,A1,4C2,51.55269,-0.279009,E37000051,,E23000001,11317,E56000021,E54000027
NW10 1NJ,198001,,E99999999,E99999999,E09000005,E05000089,E43000195,0,522292,185430,1,E18000007,E40000003,E92000001,E12000007,5,E14000591,E15000007,E24000013,E30000234,E16000045,E09000005,00AEGN,E00002462,00AEGN,E99999999,E01000507,E02000110,5,7A3,E00002462,E01000507,E02000110,E33032662,E38000256,E34004707,E35000585,A1,4C2,51.55451,-0.237469,E37000051,,E23000001,12769,E56000021,E54000027
HA0 2ED,198001,,E99999999,E99999999,E09000005,E05000101,E43000195,0,517764,185092,1,E18000007,E40000003,E92000001,E12000007,5,E14000592,E15000007,E24000013,E30000234,E16000045,E09000005,00AEHB,E00002943,00AEHB,E99999999,E01000610,E02000111,5,7B1,E00002943,E01000610,E02000111,E33032666,E38000256,E34004707,E35000585,A1,4C2,51.552435,-0.302862,E37000051,,E23000001,10807,E56000021,E54000027
HA9 6HH,198001,,E99999999,E99999999,E09000005,E05000102,E43000195,0,519059,184694,1,E18000007,E40000003,E92000001,E12000007,5,E14000591,E15000007,E24000013,E30000234,E16000045,E09000005,00AEHC,E00002994,00AEHC,E99999999,E01000620,E02000112,5,7A3,E00002994,E01000620,E02000112,E33032674,E38000256,E34004707,E35000585,A1,4C2,51.548586,-0.284327,E37000051,,E23000001,13624,E56000021,E54000027
NW10 8HW,202101,,E99999999,E99999999,E09000005,E05000100,E43000195,0,520651,184608,1,E18000007,E40000003,E92000001,E12000007,5,E14000591,E15000007,E24000013,E30000234,E16000045,E09000005,00AEHA,E00002914,00AEHA,E99999999,E01000596,E02000113,5,7B2,E00002914,E01000596,E02000113,E33032679,E38000256,E34004707,E35000585,A1,4B1,51.547477,-0.261385,E37000051,,E23000001,2747,E56000021,E54000027
NW2 5AW,198303,,E99999999,E99999999,E09000005,E05000105,E43000195,0,523100,184700,1,E18000007,E40000003,E92000001,E12000007,5,E14000591,E15000007,E24000013,E30000234,E16000045,E09000005,00AEHF,E00003103,00AEHF,E99999999,E01000642,E02000114,5,7B1,E00003103,E01000642,E02000114,E33032681,E38000256,E34004707,E35000585,A1,3D1,51.547774,-0.226076,E37000051,,E23000001,9415,E56000021,E54000027
NW6 7BU,198001,,E99999999,E99999999,E09000005,E05000087,E43000195,0,523892,184257,1,E18000007,E40000003,E92000001,E12000007,5,E14000727,E15000007,E24000013,E30000234,E16000045,E09000005,00AEGL,E00002415,00AEGL,E99999999,E01000494,E02000115,5,2A2,E00002415,E01000494,E02000115,E33032686,E38000256,E34004707,E35000585,A1,3D1,51.543619,-0.214815,E37000051,,E23000001,14784,E56000021,E54000027
NW10 1BG,198001,,E99999999,E99999999,E09000005,E05000105,E43000195,0,522063,185134,1,E18000007,E40000003,E92000001,E12000007,5,E14000591,E15000007,E24000013,E30000234,E16000045,E09000005,00AEHF,E00003078,00AEHF,E99999999,E01000641,E02000116,5,7B1,E00003078,E01000641,E02000116,E33032689,E38000256,E34004707,E35000585,A1,3A2,51.551899,-0.240873,E37000051,,E23000001,7673,E56000021,E54000027
NW10 9NX,198001,,E99999999,E99999999,E09000005,E05000089,E43000195,0,521576,184649,1,E18000007,E40000003,E92000001,E12000007,5,E14000591,E15000007,E24000013,E30000234,E16000045,E09000005,00AEGN,E00002485,00AEGN,E99999999,E01000508,E02000117,5,7A3,E00002485,E01000508,E02000117,E33032697,E38000256,E34004707,E35000585,A1,4B1,51.547646,-0.248061,E37000051,,E23000001,4930,E56000021,E54000027
HA0 1NJ,199405,,E99999999,E99999999,E09000005,E05000085,E43000195,0,518757,183697,1,E18000007,E40000003,E92000001,E12000007,5,E14000592,E15000007,E24000013,E30000234,E16000045,E09000005,00AEGJ,E00002319,00AEGJ,E99999999,E01000477,E02000118,5,7A3,E00002319,E01000477,E02000118,E33029146,E38000256,E34004707,E35000585,A1,4C2,51.539689,-0.289017,E37000051,,E23000001,11703,E56000021,E54000027
NW10 7RQ,199612,,E99999999,E99999999,E09000005,E05000100,E43000195,0,519754,182652,1,E18000007,E40000003,E92000001,E12000007,5,E14000591,E15000007,E24000013,E30000234,E16000045,E09000005,00AEHA,E00002884,00AEHA,E99999999,E01000600,E02000119,5,7B1,E00174692,E01000600,E02000119,E33031786,E38000256,E34004707,E35000585,A1,3A1,51.530087,-0.275003,E37000051,,E23000001,5250,E56000021,E54000027
NW6 6PJ,199906,,E99999999,E99999999,E09000005,E05000094,E43000195,0,525220,183767,1,E18000007,E40000003,E92000001,E12000007,5,E14000727,E15000007,E24000013,E30000234,E16000045,E09000005,00AEGT,E00002650,00AEGT,E99999999,E01000548,E02000120,5,7B2,E00002650,E01000548,E02000120,E33032714,E38000256,E34004707,E35000585,A1,3B1,51.538925,-0.195824,E37000051,,E23000001,6791,E56000021,E54000027
HA0 1XY,199002,,E99999999,E99999999,E09000005,E05000085,E43000195,0,518345,183312,1,E18000007,E40000003,E92000001,E12000007,5,E14000592,E15000007,E24000013,E30000266,E16000045,E09000005,00AEGJ,E00002328,00AEGJ,E99999999,E01000472,E02000121,5,7B2,E00002328,E01000472,E02000121,E33032715,E38000256,E34004707,E35000585,A1,3A2,51.536316,-0.295084,E37000051,,E23000001,12105,E56000021,E54000027
NW6 6DD,198001,,E99999999,E99999999,E09000005,E05000098,E43000195,0,523696,183220,1,E18000007,E40000003,E92000001,E12000007,5,E14000727,E15000007,E24000013,E30000234,E16000045,E09000005,00AEGY,E00002837,00AEGY,E99999999,E01000581,E02000122,5,7B1,E00002837,E01000581,E02000122,E33032721,E38000256,E34004707,E35000585,A1,3D2,51.534343,-0.218004,E37000051,,E23000001,18404,E56000021,E54000027
NW10 4PP,198001,,E99999999,E99999999,E09000005,E05000092,E43000195,0,522188,183127,1,E18000007,E40000003,E92000001,E12000007,5,E14000591,E15000007,E24000013,E30000234,E16000045,E09000005,00AEGR,E00002591,00AEGR,E99999999,E01000535,E02000123,5,7A3,E00002591,E01000535,E02000123,E33032732,E38000256,E34004707,E35000585,A1,3D1,51.533835,-0.239767,E37000051,,E23000001,8193,E56000021,E54000027
NW6 7TT,198001,,E99999999,E99999999,E09000005,E05000098,E43000195,0,524310,183963,1,E18000007,E40000003,E92000001,E12000007,5,E14000727,E15000007,E24000013,E30000234,E16000045,E09000005,00AEGY,E00002825,00AEGY,E99999999,E01000580,E02000124,5,2A2,E00002825,E01000580,E02000124,E33032738,E38000256,E34004707,E35000585,A1,3D3,51.540885,-0.208894,E37000051,,E23000001,14258,E56000021,E54000027
NW10 5JD,198001,,E99999999,E99999999,E09000005,E05000098,E43000195,0,523447,183250,1,E18000007,E40000003,E92000001,E12000007,5,E14000727,E15000007,E24000013,E30000234,E16000045,E09000005,00AEGY,E00002843,00AEGY,E99999999,E01000584,E02000125,5,7B1,E00002843,E01000584,E02000125,E33032745,E38000256,E34004707,E35000585,A1,3D1,51.534667,-0.221582,E37000051,,E23000001,19420,E56000021,E54000027
NW6 5AD,198001,,E99999999,E99999999,E09000005,E05000094,E43000195,0,525361,183349,1,E18000007,E40000003,E92000001,E12000007,5,E14000727,E15000007,E24000013,E30000234,E16000045,E09000005,00AEGT,E00002661,00AEGT,E99999999,E01000550,E02000126,5,7B2,E00002661,E01000550,E02000126,E33032748,E38000256,E34004707,E35000585,A1,3B1,51.535137,-0.193941,E37000051,,E23000001,6026,E56000021,E54000027
SE9 4HT,198001,,E99999999,E99999999,E09000006,E05000121,E43000196,0,542168,172118,1,E18000007,E40000003,E92000001,E12000007,5,E14000604,E15000007,E24000016,E30000234,E16000004,E09000006,00AFGU,E00003816,00AFGU,E99999999,E01000782,E02000127,5,7B1,E00003816,E01000782,E02000127,E33032751,E38000244,E34004707,E35000434,A1,7A3,51.430238,0.04368,E37000051,,E23000001,2534,E56000010,E54000030
BR7 6AS,198001,,E99999999,E99999999,E09000006,E05000111,E43000196,0,543915,171143,1,E18000007,E40000003,E92000001,E12000007,5,E14000604,E15000007,E24000016,E30000234,E16000004,E09000006,00AFGJ,E00003359,00AFGJ,E99999999,E01000692,E02000128,5,2B2,E00003359,E01000692,E02000128,E33029203,E38000244,E34004707,E35000434,A1,5A3,51.421036,0.068397,E37000051,,E23000001,28643,E56000010,E54000030
SE26 5NN,198001,,E99999999,E99999999,E09000006,E05000123,E43000196,0,535588,170780,1,E18000007,E40000003,E92000001,E12000007,5,E14000788,E15000007,E24000016,E30000234,E16000004,E09000006,00AFGX,E00003904,00AFGX,E99999999,E01000803,E02000130,5,7B1,E00003904,E01000803,E02000130,E33032762,E38000244,E34004707,E35000434,A1,3D2,51.419825,-0.051424,E37000051,,E23000001,16781,E56000010,E54000030
SE19 2AX,199412,,E99999999,E99999999,E09000006,E05000116,E43000196,0,534137,170393,1,E18000007,E40000003,E92000001,E12000007,5,E14000788,E15000007,E24000016,E30000234,E16000004,E09000006,00AFGP,E00003614,00AFGP,E99999999,E01000740,E02000131,5,7B1,E00003614,E01000740,E02000131,E33032767,E38000244,E34004707,E35000434,A1,3D2,51.416692,-0.072425,E37000051,,E23000001,10368,E56000010,E54000030
BR3 1SQ,198001,,E99999999,E99999999,E09000006,E05000113,E43000196,0,537427,170372,1,E18000007,E40000003,E92000001,E12000007,5,E14000551,E15000007,E24000016,E30000234,E16000004,E09000006,00AFGL,E00003461,00AFGL,E99999999,E01000710,E02000132,5,2A2,E00003461,E01000710,E02000132,E33032772,E38000244,E34004707,E35000434,A1,3D2,51.415716,-0.025151,E37000051,,E23000001,24099,E56000010,E54000030
BR7 5SG,198001,,E99999999,E99999999,E09000006,E05000111,E43000196,0,542249,170757,1,E18000007,E40000003,E92000001,E12000007,5,E14000604,E15000007,E24000016,E30000234,E16000004,E09000006,00AFGJ,E00003362,00AFGJ,E99999999,E01000694,E02000133,5,4B3,E00003362,E01000694,E02000133,E33032775,E38000244,E34004707,E35000434,A1,6A1,51.417988,0.044299,E37000051,,E23000001,27349,E56000010,E54000030
BR1 9RS,201908,,E99999999,E99999999,E09000006,E05000109,E43000196,1,540421,169620,1,E18000007,E40000003,E92000001,E12000007,5,E14000604,E15000007,E24000016,E30000234,E16000004,E09000006,00AFGG,E00003250,00AFGG,E99999999,E01000676,E02000134,5,2A2,E00003250,E01000676,E02000134,E33029181,E38000244,E34004707,E35000434,A1,2D1,51.408226,0.017604,E37000051,,E23000001,13716,E56000010,E54000030
SE20 8HH,198001,,E99999999,E99999999,E09000006,E05000123,E43000196,0,535239,169941,1,E18000007,E40000003,E92000001,E12000007,5,E14000788,E15000007,E24000016,E30000234,E16000004,E09000006,00AFGX,E00003930,00AFGX,E99999999,E01000798,E02000135,5,7B1,E00003930,E01000798,E02000135,E33032792,E38000244,E34004707,E35000434,A1,3D2,51.412369,-0.05676,E37000051,,E23000001,3678,E56000010,E54000030
BR5 2SF,198001,,E99999999,E99999999,E09000006,E05000115,E43000196,0,546190,169295,1,E18000007,E40000003,E92000001,E12000007,5,E14000604,E15000007,E24000016,E30000234,E16000004,E09000006,00AFGN,E00003585,00AFGN,E99999999,E01000736,E02000136,5,5B3,E00003585,E01000736,E02000136,E33032799,E38000244,E34004707,E35000434,A1,7A3,51.403849,0.100358,E37000051,,E23000001,12857,E56000010,E54000030
BR2 0RE,200402,,E99999999,E99999999,E09000006,E05000126,E43000196,0,539216,168654,1,E18000007,E40000003,E92000001,E12000007,5,E14000551,E15000007,E24000016,E30000234,E16000004,E09000006,00AFHA,E00004047,00AFHA,E99999999,E01000828,E02000137,5,4D1,E00004047,E01000828,E02000137,E33032801,E38000244,E34004707,E35000434,A1,5A2,51.399842,-0.000115,E37000051,,E23000001,24387,E56000010,E54000030
BR3 6QP,199512,,E99999999,E99999999,E09000006,E05000120,E43000196,0,538100,168991,1,E18000007,E40000003,E92000001,E12000007,5,E14000551,E15000007,E24000016,E30000234,E16000004,E09000006,00AFGT,E00003771,00AFGT,E99999999,E01000772,E02000138,5,2B1,E00003771,E01000772,E02000138,E33032804,E38000244,E34004707,E35000434,A1,5A2,51.403143,-0.016016,E37000051,,E23000001,31454,E56000010,E54000030
BR3 4NP,198001,,E99999999,E99999999,E09000006,E05000112,E43000196,0,535661,169157,1,E18000007,E40000003,E92000001,E12000007,5,E14000788,E15000007,E24000016,E30000234,E16000004,E09000006,00AFGK,E00003391,00AFGK,E99999999,E01000706,E02000139,5,7A3,E00003391,E01000706,E02000139,E33032811,E38000244,E34004707,E35000434,A1,5A3,51.405223,-0.050995,E37000051,,E23000001,17373,E56000010,E54000030
BR5 3JF,198001,,E99999999,E99999999,E09000006,E05000115,E43000196,0,547062,169865,1,E18000007,E40000003,E92000001,E12000007,5,E14000604,E15000007,E24000016,E30000234,E16000004,E09000006,00AFGN,E00003574,00AFGN,E99999999,E01000738,E02000140,5,5B2,E00003574,E01000738,E02000140,E33032818,E38000244,E34004707,E35000434,A1,5B3,51.408745,0.113121,E37000051,,E23000001,14203,E56000010,E54000030
BR3 4NJ,198001,,E99999999,E99999999,E09000006,E05000112,E43000196,0,535759,169298,1,E18000007,E40000003,E92000001,E12000007,5,E14000788,E15000007,E24000016,E30000234,E16000004,E09000006,00AFGK,E00003429,00AFGK,E99999999,E01000701,E02000141,5,7A3,E00003429,E01000701,E02000141,E33032821,E38000244,E34004707,E35000434,A1,4A3,51.406467,-0.049533,E37000051,,E23000001,21278,E56000010,E54000030
BR1 2DU,198001,,E99999999,E99999999,E09000006,E05000106,E43000196,0,542067,168764,1,E18000007,E40000003,E92000001,E12000007,5,E14000604,E15000007,E24000016,E30000234,E16000004,E09000006,00AFGD,E00003139,00AFGD,E99999999,E01000648,E02000142,5,4D1,E00003139,E01000648,E02000142,E33032827,E38000244,E34004707,E35000434,A1,5B1,51.400124,0.040885,E37000051,,E23000001,28942,E56000010,E54000030
BR1 1EY,198001,,E99999999,E99999999,E09000006,E05000109,E43000196,0,540253,169034,1,E18000007,E40000003,E92000001,E12000007,5,E14000604,E15000007,E24000016,E30000234,E16000004,E09000006,00AFGG,E00003266,00AFGG,E99999999,E01000677,E02000144,5,2B2,E00003266,E01000677,E02000144,E33029200,E38000244,E34004707,E35000434,A1,2D1,51.403002,0.014932,E37000051,,E23000001,20694,E56000010,E54000030
BR5 4DB,198001,,E99999999,E99999999,E09000006,E05000114,E43000196,0,547572,167790,1,E18000007,E40000003,E92000001,E12000007,5,E14000872,E15000007,E24000016,E30000234,E16000004,E09000006,00AFGM,E00003517,00AFGM,E99999999,E01000724,E02000145,5,1C3,E00003517,E01000724,E02000145,E33032836,E38000244,E34004707,E35000434,A1,4A1,51.389969,0.11956,E37000051,,E23000001,5486,E56000010,E54000030
BR2 9FY,201206,,E99999999,E99999999,E09000006,E05000108,E43000196,0,541805,167437,1,E18000007,E40000003,E92000001,E12000007,5,E14000551,E15000007,E24000016,E30000234,E16000004,E09000006,00AFGF,E00003193,00AFGF,E99999999,E01000668,E02000146,5,2B1,E00003193,E01000668,E02000146,E33032846,E38000244,E34999999,E35999999,A1,4A1,51.388266,0.036592,E37000051,,E23000001,22745,E56000010,E54000030
BR2 0NH,198001,,E99999999,E99999999,E09000006,E05000126,E43000196,0,538927,168589,1,E18000007,E40000003,E92000001,E12000007,5,E14000551,E15000007,E24000016,E30000234,E16000004,E09000006,00AFHA,E00004054,00AFHA,E99999999,E01000830,E02000147,5,4D1,E00004054,E01000830,E02000147,E33032848,E38000244,E34004707,E35000434,A1,6A1,51.399329,-0.004292,E37000051,,E23000001,31714,E56000010,E54000030
BR5 1EQ,198001,,E99999999,E99999999,E09000006,E05000124,E43000196,0,544549,167543,1,E18000007,E40000003,E92000001,E12000007,5,E14000872,E15000007,E24000016,E30000234,E16000004,E09000006,00AFGY,E00003973,00AFGY,E99999999,E01000807,E02000148,5,4C3,E00003973,E01000807,E02000148,E33032852,E38000244,E34004707,E35000434,A1,6B1,51.388526,0.076043,E37000051,,E23000001,29408,E56000010,E54000030
BR5 1RG,198001,,E99999999,E99999999,E09000006,E05000115,E43000196,0,545596,168076,1,E18000007,E40000003,E92000001,E12000007,5,E14000604,E15000007,E24000016,E30000234,E16000004,E09000006,00AFGN,E00003559,00AFGN,E99999999,E01000732,E02000149,5,4D2,E00003559,E01000732,E02000149,E33032857,E38000244,E34004707,E35000434,A1,5B3,51.393048,0.091298,E37000051,,E23000001,19583,E56000010,E54000030
BR3 3JE,198001,,E99999999,E99999999,E09000006,E05000120,E43000196,0,537101,167821,1,E18000007,E40000003,E92000001,E12000007,5,E14000551,E15000007,E24000016,E30000234,E16000004,E09000006,00AFGT,E00003795,00AFGT,E99999999,E01000775,E02000150,5,6A2,E00003795,E01000775,E02000150,E33032859,E38000244,E34004707,E35000434,A1,5A2,51.392871,-0.030821,E37000051,,E23000001,27896,E56000010,E54000030
BR5 1HT,198001,,E99999999,E99999999,E09000006,E05000124,E43000196,0,544834,167247,1,E18000007,E40000003,E92000001,E12000007,5,E14000872,E15000007,E24000016,E30000234,E16000004,E09000006,00AFGY,E00003979,00AFGY,E99999999,E01000810,E02000151,5,4D2,E00003979,E01000810,E02000151,E33032863,E38000244,E34004707,E35000434,A1,5A2,51.385794,0.080016,E37000051,,E23000001,32559,E56000010,E54000030
BR2 8EQ,198001,,E99999999,E99999999,E09000006,E05000108,E43000196,0,542763,167456,1,E18000007,E40000003,E92000001,E12000007,5,E14000551,E15000007,E24000016,E30000234,E16000004,E09000006,00AFGF,E00003197,00AFGF,E99999999,E01000662,E02000152,5,1B1,E00003197,E01000662,E02000152,E33032865,E38000244,E34004707,E35000434,A1,4A3,51.388196,0.050358,E37000051,,E23000001,15994,E56000010,E54000030
BR2 9ES,198001,,E99999999,E99999999,E09000006,E05000119,E43000196,0,539655,167392,1,E18000007,E40000003,E92000001,E12000007,5,E14000551,E15000007,E24000016,E30000234,E16000004,E09000006,00AFGS,E00003743,00AFGS,E99999999,E01000764,E02000153,5,6D1,E00003743,E01000764,E02000153,E33032869,E38000244,E34004707,E35000434,A1,6B1,51.388394,0.005696,E37000051,,E23000001,21942,E56000010,E54000030
BR6 0DY,198001,,E99999999,E99999999,E09000006,E05000114,E43000196,0,546069,166863,1,E18000007,E40000003,E92000001,E12000007,5,E14000872,E15000007,E24000016,E30000234,E16000004,E09000006,00AFGM,E00003535,00AFGM,E99999999,E01000727,E02000154,5,4D2,E00003535,E01000727,E02000154,E33032871,E38000244,E34004707,E35000434,A1,6B4,51.382027,0.097594,E37000051,,E23000001,19463,E56000010,E54000030
BR6 0RW,198001,,E99999999,E99999999,E09000006,E05000122,E43000196,0,546567,165985,1,E18000007,E40000003,E92000001,E12000007,5,E14000872,E15000007,E24000016,E30000234,E16000004,E09000006,00AFGW,E00003867,00AFGW,E99999999,E01000788,E02000155,5,1C3,E00003867,E01000788,E02000155,E33032876,E38000244,E34004707,E35000434,A1,5A2,51.37401,0.104383,E37000051,,E23000001,12035,E56000010,E54000030
BR4 0EA,198001,,E99999999,E99999999,E09000006,E05000127,E43000196,0,539101,166797,1,E18000007,E40000003,E92000001,E12000007,5,E14000551,E15000007,E24000016,E30000234,E16000004,E09000006,00AFHB,E00004113,00AFHB,E99999999,E01000836,E02000156,5,6A2,E00004113,E01000836,E02000156,E33032881,E38000244,E34004707,E35000434,A1,5A1,51.383183,-0.002494,E37000051,,E23000001,29957,E56000010,E54000030
BR6 9RR,198001,,E99999999,E99999999,E09000006,E05000118,E43000196,0,545101,165436,1,E18000007,E40000003,E92000001,E12000007,5,E14000872,E15000007,E24000016,E30000234,E16000004,E09000006,00AFGR,E00003703,00AFGR,E99999999,E01000758,E02000157,5,4D2,E00003703,E01000758,E02000157,E33032886,E38000244,E34004707,E35000434,A1,5B1,51.369453,0.083111,E37000051,,E23000001,32014,E56000010,E54000030
BR5 4QH,198001,,E99999999,E99999999,E09000006,E05000122,E43000196,0,547868,166186,1,E18000007,E40000003,E92000001,E12000007,5,E14000872,E15000007,E24000016,E30000234,E16000004,E09000006,00AFGW,E00003863,00AFGW,E99999999,E01000789,E02000158,5,7B2,E00003863,E01000789,E02000158,E33032889,E38000244,E34004707,E35000434,A1,3C1,51.375479,0.123144,E37000051,,E23000001,5332,E56000010,E54000030
BR2 8NG,198001,,E99999999,E99999999,E09000006,E05000108,E43000196,0,542518,165865,1,E18000007,E40000003,E92000001,E12000007,5,E14000551,E15000007,E24000016,E30000234,E16000004,E09000006,00AFGF,E00003220,00AFGF,E99999999,E01000665,E02000159,5,6D1,E00003220,E01000665,E02000159,E33032896,E38000244,E34004707,E35000434,A1,5A2,51.373961,0.046202,E37000051,,E23000001,23013,E56000010,E54000030
BR2 7DE,198001,,E99999999,E99999999,E09000006,E05000119,E43000196,0,540257,165920,1,E18000007,E40000003,E92000001,E12000007,5,E14000551,E15000007,E24000016,E30000234,E16000004,E09000006,00AFGS,E00003718,00AFGS,E99999999,E01000765,E02000160,5,4D2,E00003718,E01000765,E02000160,E33029221,E38000244,E34004707,E35000434,A1,6A4,51.375018,0.013761,E37000051,,E23000001,28050,E56000010,E54000030
BR6 9SG,198001,,E99999999,E99999999,E09000006,E05000110,E43000196,0,545452,164762,1,E18000007,E40000003,E92000001,E12000007,5,E14000872,E15000007,E24000016,E30000234,E16000004,E09000006,00AFGH,E00003320,00AFGH,E99999999,E01000683,E02000161,5,1A2,E00003320,E01000683,E02000161,E33032906,E38000244,E34004707,E35000434,A1,8B1,51.363307,0.087875,E37000051,,E23000001,21817,E56000010,E54000030
BR6 7BY,198001,,E99999999,E99999999,E09000006,E05000118,E43000196,0,544245,164397,1,E18000007,E40000003,E92000001,E12000007,5,E14000872,E15000007,E24000016,E30000234,E16000004,E09000006,00AFGR,E00003684,00AFGR,E99999999,E01000752,E02000162,5,6B1,E00003684,E01000752,E02000162,E33032907,E38000244,E34004707,E35000434,A1,5B3,51.360334,0.070402,E37000051,,E23000001,26565,E56000010,E54000030
BR6 6LF,198001,,E99999999,E99999999,E09000006,E05000110,E43000196,0,545967,164098,1,E18000007,E40000003,E92000001,E12000007,5,E14000872,E15000007,E24000016,E30000234,E16000004,E09000006,00AFGH,E00003285,00AFGH,E99999999,E01000686,E02000163,5,6D2,E00003285,E01000686,E02000163,E33032914,E38000244,E34004707,E35000434,A1,5A2,51.357208,0.094994,E37000051,,E23000001,27949,E56000010,E54000030
TN16 3TN,198001,,E99999999,E99999999,E09000006,E05000107,E43000196,0,541425,158590,1,E18000007,E40000003,E92000001,E12000007,5,E14000872,E15000007,E24000016,E30000234,E16000004,E09000006,00AFGE,E00003174,00AFGE,E99999999,E01000654,E02000165,5,4D2,E00003174,E01000654,E02000165,E33032916,E38000244,E34004707,E35000434,C1,6B2,51.308861,0.027622,E37000051,,E23000001,27153,E56000010,E54000030
NW5 1ES,198001,,E99999999,E99999999,E09000007,E05000137,E43000197,0,528609,186354,1,E18000007,E40000003,E92000001,E12000007,5,E14000750,E15000007,E24000014,E30000234,E16000047,E09000007,00AGGN,E00004509,00AGGN,E99999999,E01000909,E02000166,5,7B1,E00004509,E01000909,E02000166,E33032923,E38000240,E34004707,E35000865,A1,3D2,51.56141,-0.146066,E37000051,,E23000001,22437,E56000027,E54000028
NW3 2SH,198001,,E99999999,E99999999,E09000007,E05000135,E43000197,0,527296,185787,1,E18000007,E40000003,E92000001,E12000007,5,E14000727,E15000007,E24000014,E30000234,E16000047,E09000007,00AGGL,E00004423,00AGGL,E99999999,E01000893,E02000167,5,2A2,E00004423,E01000893,E02000167,E33032931,E38000240,E34004707,E35000865,A1,2D2,51.556612,-0.165202,E37000051,,E23000001,30202,E56000027,E54000028
NW5 2ET,198001,,E99999999,E99999999,E09000007,E05000139,E43000197,0,529003,185345,1,E18000007,E40000003,E92000001,E12000007,5,E14000750,E15000007,E24000014,E30000234,E16000047,E09000007,00AGGQ,E00004593,00AGGQ,E99999999,E01000921,E02000168,5,2A2,E00004593,E01000921,E02000168,E33029484,E38000240,E34004707,E35000865,A1,3D3,51.552253,-0.140755,E37000051,,E23000001,18723,E56000027,E54000028
NW3 7RX,198001,,E99999999,E99999999,E09000007,E05000133,E43000197,0,525762,185961,1,E18000007,E40000003,E92000001,E12000007,5,E14000727,E15000007,E24000014,E30000234,E16000047,E09000007,00AGGJ,E00004346,00AGGJ,E99999999,E01000885,E02000169,5,7B1,E00004346,E01000885,E02000169,E33032943,E38000240,E34004707,E35000865,A1,2D1,51.558522,-0.18723,E37000051,,E23000001,28290,E56000027,E54000028
NW6 1DQ,200704,,E99999999,E99999999,E09000007,E05000132,E43000197,0,525157,185527,1,E18000007,E40000003,E92000001,E12000007,5,E14000727,E15000007,E24000014,E30000234,E16000047,E09000007,00AGGH,E00004304,00AGGH,E99999999,E01000877,E02000170,5,2B2,E00004304,E01000877,E02000170,E33032951,E38000240,E34004707,E35000865,A1,3D3,51.554756,-0.196107,E37000051,,E23000001,23154,E56000027,E54000028
NW5 4JJ,198001,,E99999999,E99999999,E09000007,E05000136,E43000197,0,528060,185068,1,E18000007,E40000003,E92000001,E12000007,5,E14000750,E15000007,E24000014,E30000234,E16000047,E09000007,00AGGM,E00004441,00AGGM,E99999999,E01000903,E02000171,5,2A2,E00004441,E01000903,E02000171,E33032961,E38000240,E34004707,E35000865,A1,2D2,51.549978,-0.154449,E37000051,,E23000001,15302,E56000027,E54000028
NW5 4EA,198001,,E99999999,E99999999,E09000007,E05000134,E43000197,0,528255,185093,1,E18000007,E40000003,E92000001,E12000007,5,E14000750,E15000007,E24000014,E30000234,E16000047,E09000007,00AGGK,E00004380,00AGGK,E99999999,E01000891,E02000172,5,7B2,E00004380,E01000891,E02000172,E33032965,E38000240,E34004707,E35000865,A1,3B2,51.550159,-0.151629,E37000051,,E23000001,4795,E56000027,E54000028
NW3 2QY,198001,,E99999999,E99999999,E09000007,E05000135,E43000197,0,527339,185482,1,E18000007,E40000003,E92000001,E12000007,5,E14000727,E15000007,E24000014,E30000234,E16000047,E09000007,00AGGL,E00004434,00AGGL,E99999999,E01000898,E02000173,5,7B1,E00174670,E01000898,E02000173,E33031773,E38000240,E34004707,E35000865,A1,3B3,51.553862,-0.164692,E37000051,,E23000001,22390,E56000027,E54000028
NW5 2BA,198001,,E99999999,E99999999,E09000007,E05000139,E43000197,0,529536,184966,1,E18000007,E40000003,E92000001,E12000007,5,E14000750,E15000007,E24000014,E30000234,E16000047,E09000007,00AGGQ,E00004565,00AGGQ,E99999999,E01000925,E02000174,5,7B2,E00004565,E01000925,E02000174,E33032984,E38000240,E34004707,E35000865,A1,3B1,51.548725,-0.133211,E37000051,,E23000001,8318,E56000027,E54000028
NW6 2BZ,201506,,E99999999,E99999999,E09000007,E05000145,E43000197,0,525248,184627,1,E18000007,E40000003,E92000001,E12000007,5,E14000727,E15000007,E24000014,E30000234,E16000047,E09000007,00AGGX,E00004837,00AGGX,E99999999,E01000973,E02000175,5,2A2,E00004837,E01000973,E02000175,E33032989,E38000240,E34004707,E35000865,A1,3D3,51.546648,-0.195115,E37000051,,E23000001,13867,E56000027,E54000028
NW3 4AF,202102,,E99999999,E99999999,E09000007,E05000128,E43000197,0,526892,184667,1,E18000007,E40000003,E92000001,E12000007,5,E14000727,E15000007,E24000014,E30000234,E16000047,E09000007,00AGGD,E00004120,00AGGD,E99999999,E01000842,E02000176,5,2A2,E00004120,E01000842,E02000176,E33032995,E38000240,E34004707,E35000865,A1,2D3,51.54664,-0.171404,E37000051,,E23000001,26391,E56000027,E54000028
NW5 3QJ,198001,,E99999999,E99999999,E09000007,E05000136,E43000197,0,528090,184672,1,E18000007,E40000003,E92000001,E12000007,5,E14000750,E15000007,E24000014,E30000234,E16000047,E09000007,00AGGM,E00004461,00AGGM,E99999999,E01000905,E02000177,5,7B2,E00004461,E01000905,E02000177,E33033003,E38000240,E34004707,E35000865,A1,3B2,51.546413,-0.154161,E37000051,,E23000001,4848,E56000027,E54000028
NW6 2BY,198001,,E99999999,E99999999,E09000007,E05000140,E43000197,0,524950,184270,1,E18000007,E40000003,E92000001,E12000007,5,E14000727,E15000007,E24000014,E30000234,E16000047,E09000007,00AGGR,E00004613,00AGGR,E99999999,E01000931,E02000178,5,7B2,E00004613,E01000931,E02000178,E33033006,E38000240,E34004707,E35000865,A1,3B3,51.543505,-0.199537,E37000051,,E23000001,6050,E56000027,E54000028
NW3 3LU,198001,,E99999999,E99999999,E09000007,E05000128,E43000197,0,527595,184458,1,E18000007,E40000003,E92000001,E12000007,5,E14000727,E15000007,E24000014,E30000234,E16000047,E09000007,00AGGD,E00004158,00AGGD,E99999999,E01000845,E02000179,5,7B2,E00004158,E01000845,E02000179,E33033011,E38000240,E34004707,E35000865,A1,3B2,51.544602,-0.161373,E37000051,,E23000001,22982,E56000027,E54000028
NW1 9SA,198001,,E99999999,E99999999,E09000007,E05000131,E43000197,0,529458,184376,1,E18000007,E40000003,E92000001,E12000007,5,E14000750,E15000007,E24000014,E30000234,E16000047,E09000007,00AGGG,E00004250,00AGGG,E99999999,E01000865,E02000180,5,2B2,E00004250,E01000865,E02000180,E33033014,E38000240,E34004707,E35000865,A1,2D2,51.543441,-0.134552,E37000051,,E23000001,20799,E56000027,E54000028
NW6 3SR,198001,,E99999999,E99999999,E09000007,E05000144,E43000197,0,525971,184583,1,E18000007,E40000003,E92000001,E12000007,5,E14000727,E15000007,E24000014,E30000234,E16000047,E09000007,00AGGW,E00004792,00AGGW,E99999999,E01000964,E02000181,5,2A2,E00004792,E01000964,E02000181,E33033019,E38000240,E34004707,E35000865,A1,3D3,51.546089,-0.184735,E37000051,,E23000001,16265,E56000027,E54000028
NW6 4RS,198510,,E99999999,E99999999,E09000007,E05000144,E43000197,0,526598,184237,1,E18000007,E40000003,E92000001,E12000007,5,E14000727,E15000007,E24000014,E30000234,E16000047,E09000007,00AGGW,E00004800,00AGGW,E99999999,E01000963,E02000182,5,2A2,E00174678,E01000963,E02000182,E33031784,E38000240,E34004707,E35000865,A1,2D3,51.54284,-0.175822,E37000051,,E23000001,26116,E56000027,E54000028
NW3 3AJ,198001,,E99999999,E99999999,E09000007,E05000130,E43000197,0,527875,184157,1,E18000007,E40000003,E92000001,E12000007,5,E14000750,E15000007,E24000014,E30000234,E16000047,E09000007,00AGGF,E00004224,00AGGF,E99999999,E01000859,E02000183,5,2B2,E00004224,E01000859,E02000183,E33029310,E38000240,E34004707,E35000865,A1,2D2,51.541835,-0.157421,E37000051,,E23000001,28039,E56000027,E54000028
NW1 9PF,199101,,E99999999,E99999999,E09000007,E05000130,E43000197,0,529085,184134,1,E18000007,E40000003,E92000001,E12000007,5,E14000750,E15000007,E24000014,E30000234,E16000047,E09000007,00AGGF,E00004219,00AGGF,E99999999,E01000861,E02000184,5,2A2,E00004219,E01000861,E02000184,E33033036,E38000240,E34004707,E35000865,A1,2D3,51.541351,-0.140017,E37000051,,E23000001,6470,E56000027,E54000028
NW8 0SP,198607,,E99999999,E99999999,E09000007,E05000140,E43000197,0,526237,183985,1,E18000007,E40000003,E92000001,E12000007,5,E14000727,E15000007,E24000014,E30000234,E16000047,E09000007,00AGGR,E00004625,00AGGR,E99999999,E01000934,E02000185,5,7B1,E00004625,E01000934,E02000185,E33033048,E38000240,E34004707,E35000865,A1,3B3,51.540656,-0.181115,E37000051,,E23000001,5734,E56000027,E54000028
NW1 2JU,198001,,E99999999,E99999999,E09000007,E05000142,E43000197,0,529278,183212,1,E18000007,E40000003,E92000001,E12000007,5,E14000750,E15000007,E24000014,E30000234,E16000047,E09000007,00AGGT,E00004706,00AGGT,E99999999,E01000947,E02000186,5,7B1,E00004706,E01000947,E02000186,E33029522,E38000240,E34004707,E35000865,A1,3B3,51.533024,-0.137548,E37000051,,E23000001,10959,E56000027,E54000028
NW1 1EZ,198001,,E99999999,E99999999,E09000007,E05000143,E43000197,0,529848,182874,1,E18000007,E40000003,E92000001,E12000007,5,E14000750,E15000007,E24000014,E30000234,E16000047,E09000007,00AGGU,E00004728,00AGGU,E99999999,E01000956,E02000187,5,7B2,E00004728,E01000956,E02000187,E33033052,E38000240,E34004707,E35000865,A1,3B2,51.529853,-0.129485,E37000051,,E23000001,6420,E56000027,E54000028
NW1W 8TZ,201103,,E99999999,E99999999,E09000007,E05000142,E43000197,1,529433,182967,1,E18000007,E40000003,E92000001,E12000007,5,E14000750,E15000007,E24000014,E30000234,E16000047,E09000007,00AGGT,E00004694,00AGGT,E99999999,E01000945,E02000188,5,7B2,E00004694,E01000945,E02000188,E33029506,E38000240,E34004707,E35000865,A1,3B2,51.530784,-0.13543,E37000051,,E23000001,8263,E56000027,E54000028
WC1X 0JP,198001,,E99999999,E99999999,E09000007,E05000141,E43000197,0,530832,182329,1,E18000007,E40000003,E92000001,E12000007,5,E14000750,E15000007,E24000014,E30000234,E16000047,E09000007,00AGGS,E00004657,00AGGS,E99999999,E01000936,E02000189,5,7B1,E00174661,E01000936,E02000189,E33033064,E38000240,E34004707,E35000865,A1,3A2,51.524729,-0.11551,E37000051,,E23000001,13208,E56000027,E54000028
WC1H 9SP,200502,,E99999999,E99999999,E09000007,E05000141,E43000197,1,530135,182795,1,E18000007,E40000003,E92000001,E12000007,5,E14000750,E15000007,E24000014,E30000234,E16000047,E09000007,00AGGS,E00004662,00AGGS,E99999999,E01000942,E02000190,5,7B2,E00004662,E01000942,E02000190,E33029497,E38000240,E34004707,E35000865,A1,3B3,51.529077,-0.125379,E37000051,,E23000001,18602,E56000027,E54000028
W1T 4LZ,200010,,E99999999,E99999999,E09000007,E05000129,E43000197,0,529393,181681,1,E18000007,E40000003,E92000001,E12000007,5,E14000750,E15000007,E24000014,E30000234,E16000047,E09000007,00AGGE,E00004198,00AGGE,E99999999,E01000851,E02000191,5,2A2,E00004198,E01000851,E02000191,E33029294,E38000240,E34004707,E35000865,A1,2B2,51.519237,-0.136478,E37000051,,E23000001,18953,E56000027,E54000028
EC1N 7TN,198001,,E99999999,E99999999,E09000007,E05000138,E43000197,0,531253,181923,1,E18000007,E40000003,E92000001,E12000007,5,E14000750,E15000007,E24000014,E30000234,E16000047,E09000007,00AGGP,E00004542,00AGGP,E99999999,E01000916,E02000192,5,7B2,E00004542,E01000916,E02000192,E33029418,E38000240,E34004707,E35000865,A1,3B3,51.520983,-0.109596,E37000051,,E23000001,14830,E56000027,E54000028
WC2H 8BU,200502,,E99999999,E99999999,E09000007,E05000138,E43000197,0,529919,181165,1,E18000007,E40000003,E92000001,E12000007,5,E14000750,E15000007,E24000014,E30000234,E16000047,E09000007,00AGGP,E00004530,00AGGP,E99999999,E01000919,E02000193,5,2A2,E00004530,E01000919,E02000193,E33029398,E38000240,E34004707,E35000865,A1,3B3,51.514479,-0.129091,E37000051,,E23000001,12962,E56000027,E54000028
SE19 3AY,198001,,E99999999,E99999999,E09000008,E05011467,E43000198,0,533200,170460,1,E18000007,E40000003,E92000001,E12000007,5,E14000655,E15000007,E24000016,E30000234,E16000049,E09000008,00AHHB,E00005770,00AHHB,E99999999,E01001164,E02000194,5,7B1,E00005770,E01001164,E02000194,E33033082,E38000245,E34004707,E35001466,A1,3D2,51.417515,-0.085866,E37000051,,E23000001,13940,E56000021,E54000031
CR7 8EF,199007,,E99999999,E99999999,E09000008,E05011473,E43000198,0,532274,169690,1,E18000007,E40000003,E92000001,E12000007,5,E14000655,E15000007,E24000016,E30000234,E16000049,E09000008,00AHHB,E00005792,00AHHB,E99999999,E01001160,E02000195,5,7A3,E00005792,E01001160,E02000195,E33033092,E38000245,E34004707,E35001466,A1,4C2,51.410812,-0.099462,E37000051,,E23000001,20215,E56000021,E54000031
SW16 3BQ,198001,,E99999999,E99999999,E09000008,E05011473,E43000198,0,531025,170220,1,E18000007,E40000003,E92000001,E12000007,5,E14000655,E15000007,E24000016,E30000234,E16000049,E09000008,00AHGS,E00005423,00AHGS,E99999999,E01001083,E02000196,5,7A3,E00005423,E01001083,E02000196,E33033093,E38000245,E34004707,E35001466,A1,4C2,51.415865,-0.117215,E37000051,,E23000001,20660,E56000021,E54000031
SW16 3LS,198001,,E99999999,E99999999,E09000008,E05011473,E43000198,0,530769,170043,1,E18000007,E40000003,E92000001,E12000007,5,E14000655,E15000007,E24000016,E30000234,E16000049,E09000008,00AHGS,E00005427,00AHGS,E99999999,E01001085,E02000197,5,7A3,E00005427,E01001085,E02000197,E33033100,E38000245,E34004707,E35001466,A1,4C2,51.414333,-0.120959,E37000051,,E23000001,15555,E56000021,E54000031
SE19 3BX,198001,,E99999999,E99999999,E09000008,E05011467,E43000198,0,532950,169518,1,E18000007,E40000003,E92000001,E12000007,5,E14000655,E15000007,E24000016,E30000234,E16000049,E09000008,00AHHB,E00005799,00AHHB,E99999999,E01001158,E02000198,5,7A3,E00005799,E01001158,E02000198,E33033101,E38000245,E34004707,E35001466,A1,4A3,51.409109,-0.089812,E37000051,,E23000001,13982,E56000021,E54000031
CR7 8QG,199007,,E99999999,E99999999,E09000008,E05011486,E43000198,0,532686,168784,1,E18000007,E40000003,E92000001,E12000007,5,E14000655,E15000007,E24000016,E30000234,E16000049,E09000008,00AHHA,E00005735,00AHHA,E99999999,E01001153,E02000199,5,7A3,E00005735,E01001153,E02000199,E33033105,E38000245,E34004707,E35001466,A1,4A3,51.402574,-0.09388,E37000051,,E23000001,12275,E56000021,E54000031
SE25 4AA,198001,,E99999999,E99999999,E09000008,E05011485,E43000198,0,533924,168718,1,E18000007,E40000003,E92000001,E12000007,5,E14000655,E15000007,E24000016,E30000234,E16000049,E09000008,00AHGZ,E00005707,00AHGZ,E99999999,E01001142,E02000200,5,7B1,E00005707,E01001142,E02000200,E33033109,E38000245,E34004707,E35001466,A1,3D2,51.40169,-0.076118,E37000051,,E23000001,13217,E56000021,E54000031
SE25 4DN,198001,,E99999999,E99999999,E09000008,E05011485,E43000198,0,534235,169131,1,E18000007,E40000003,E92000001,E12000007,5,E14000655,E15000007,E24000016,E30000234,E16000049,E09000008,00AHGZ,E00005660,00AHGZ,E99999999,E01001141,E02000201,5,7B1,E00005660,E01001141,E02000201,E33033113,E38000245,E34004707,E35001466,A1,4A3,51.405328,-0.071494,E37000051,,E23000001,9313,E56000021,E54000031
CR7 7FP,201912,,E99999999,E99999999,E09000008,E05011464,E43000198,0,531842,168157,1,E18000007,E40000003,E92000001,E12000007,5,E14000655,E15000007,E24000016,E30000234,E16000049,E09000008,00AHGG,E00005000,00AHGG,E99999999,E01000997,E02000202,5,7A3,E00005000,E01000997,E02000202,E33033118,E38000245,E34004707,E35001466,A1,4B1,51.397136,-0.106213,E37000051,,E23000001,12509,E56000021,E54000031
SE25 6NT,198001,,E99999999,E99999999,E09000008,E05011485,E43000198,0,532909,168017,1,E18000007,E40000003,E92000001,E12000007,5,E14000655,E15000007,E24000016,E30000234,E16000049,E09000008,00AHGW,E00005538,00AHGW,E99999999,E01001111,E02000203,5,7A3,E00005538,E01001111,E02000203,E33033119,E38000245,E34004707,E35001466,A1,4A3,51.395629,-0.090963,E37000051,,E23000001,8781,E56000021,E54000031
CR7 6JQ,199007,,E99999999,E99999999,E09000008,E05011488,E43000198,0,530752,168265,1,E18000007,E40000003,E92000001,E12000007,5,E14000655,E15000007,E24000016,E30000234,E16000049,E09000008,00AHHD,E00005884,00AHHD,E99999999,E01001184,E02000204,5,7A3,E00005884,E01001184,E02000204,E33033125,E38000245,E34004707,E35001466,A1,4C2,51.398359,-0.121858,E37000051,,E23000001,17067,E56000021,E54000031
CR0 2WL,201807,,E99999999,E99999999,E09000008,E05011479,E43000198,0,532949,166670,1,E18000007,E40000003,E92000001,E12000007,5,E14000655,E15000007,E24000016,E30000234,E16000049,E09000008,00AHGW,E00005526,00AHGW,E99999999,E01001109,E02000206,5,7A3,E00005526,E01001109,E02000206,E33033133,E38000245,E34004707,E35001466,A1,4A3,51.383515,-0.090867,E37000051,,E23000001,7046,E56000021,E54000031
SE25 5RE,198001,,E99999999,E99999999,E09000008,E05011489,E43000198,0,534572,167669,1,E18000007,E40000003,E92000001,E12000007,5,E14000654,E15000007,E24000016,E30000234,E16000049,E09000008,00AHHE,E00005959,00AHHE,E99999999,E01001188,E02000207,5,7B1,E00005959,E01001188,E02000207,E33033137,E38000245,E34004707,E35001466,A1,3A1,51.39211,-0.067206,E37000051,,E23000001,8950,E56000021,E54000031
CR0 3QT,198001,,E99999999,E99999999,E09000008,E05011488,E43000198,0,531293,166958,1,E18000007,E40000003,E92000001,E12000007,5,E14000655,E15000007,E24000016,E30000234,E16000049,E09000008,00AHHD,E00005877,00AHHD,E99999999,E01001181,E02000208,5,7A3,E00005877,E01001181,E02000208,E33033142,E38000245,E34004707,E35001466,A1,4B1,51.386488,-0.114544,E37000051,,E23000001,3607,E56000021,E54000031
CR0 3QS,198001,,E99999999,E99999999,E09000008,E05011488,E43000198,0,531255,167081,1,E18000007,E40000003,E92000001,E12000007,5,E14000655,E15000007,E24000016,E30000234,E16000049,E09000008,00AHHD,E00005869,00AHHD,E99999999,E01001179,E02000209,5,7A3,E00005869,E01001179,E02000209,E33033149,E38000245,E34004707,E35001466,A1,4B1,51.387602,-0.115069,E37000051,,E23000001,13775,E56000021,E54000031
CR0 6LL,198001,,E99999999,E99999999,E09000008,E05011462,E43000198,0,534129,166483,1,E18000007,E40000003,E92000001,E12000007,5,E14000654,E15000007,E24000016,E30000234,E16000049,E09000008,00AHGE,E00004882,00AHGE,E99999999,E01000983,E02000210,5,7A3,E00004882,E01000983,E02000210,E33033154,E38000245,E34004707,E35001466,A1,4C3,51.381557,-0.074016,E37000051,,E23000001,20498,E56000021,E54000031
CR0 7PB,198001,,E99999999,E99999999,E09000008,E05011482,E43000198,0,536114,166755,1,E18000007,E40000003,E92000001,E12000007,5,E14000654,E15000007,E24000016,E30000234,E16000049,E09000008,00AHGF,E00004955,00AHGF,E99999999,E01000991,E02000211,5,4D1,E00004955,E01000991,E02000211,E33033156,E38000245,E34004707,E35001466,A1,6A1,51.383528,-0.04538,E37000051,,E23000001,25997,E56000021,E54000031
CR2 1PN,202011,,E99999999,E99999999,E09000008,E05011465,E43000198,1,531406,166024,1,E18000007,E40000003,E92000001,E12000007,5,E14000655,E15000007,E24000016,E30000234,E16000049,E09000008,00AHGH,E00005010,00AHGH,E99999999,E01001010,E02000212,5,7A2,E00005010,E01001010,E02000212,E33033159,E38000245,E34004707,E35001466,A1,4A3,51.378068,-0.113266,E37000051,,E23000001,3792,E56000021,E54000031
CR0 1UY,198001,,E99999999,E99999999,E09000008,E05011468,E43000198,0,532296,165835,1,E18000007,E40000003,E92000001,E12000007,5,E14000654,E15000007,E24000016,E30000234,E16000049,E09000008,00AHGM,E00005226,00AHGM,E99999999,E01001048,E02000213,5,7B1,E00005226,E01001048,E02000213,E33029572,E38000245,E34004707,E35001466,A1,3A2,51.376163,-0.100581,E37000051,,E23000001,8534,E56000021,E54000031
CR0 7DF,198001,,E99999999,E99999999,E09000008,E05011462,E43000198,0,534516,166421,1,E18000007,E40000003,E92000001,E12000007,5,E14000654,E15000007,E24000016,E30000234,E16000049,E09000008,00AHGF,E00004934,00AHGF,E99999999,E01000993,E02000214,5,6A2,E00004934,E01000993,E02000214,E33033171,E38000245,E34004707,E35001466,A1,4C3,51.380908,-0.068482,E37000051,,E23000001,21934,E56000021,E54000031
CR0 6UD,198001,,E99999999,E99999999,E09000008,E05011463,E43000198,0,533106,165908,1,E18000007,E40000003,E92000001,E12000007,5,E14000654,E15000007,E24000016,E30000234,E16000049,E09000008,00AHGE,E00004910,00AHGE,E99999999,E01000975,E02000215,5,7A3,E00004910,E01000975,E02000215,E33029539,E38000245,E34004707,E35001466,A1,4C2,51.37663,-0.088923,E37000051,,E23000001,16380,E56000021,E54000031
CR0 5UB,198001,,E99999999,E99999999,E09000008,E05011475,E43000198,0,533304,165364,1,E18000007,E40000003,E92000001,E12000007,5,E14000654,E15000007,E24000016,E30000234,E16000049,E09000008,00AHGM,E00005203,00AHGM,E99999999,E01001046,E02000216,5,2B2,E00005203,E01001046,E02000216,E33033182,E38000245,E34004707,E35001466,A1,2D1,51.371695,-0.086284,E37000051,,E23000001,24801,E56000021,E54000031
CR0 4WG,200905,,E99999999,E99999999,E09000008,E05011487,E43000198,0,531124,165542,1,E18000007,E40000003,E92000001,E12000007,5,E14000655,E15000007,E24000016,E30000234,E16000049,E09000008,00AHGH,E00005037,00AHGH,E99999999,E01001014,E02000217,5,7A2,E00174937,E01001014,E02000217,E33031862,E38000245,E34004707,E35001466,A1,3A1,51.373801,-0.117493,E37000051,,E23000001,7895,E56000021,E54000031
CR0 8AZ,198001,,E99999999,E99999999,E09000008,E05011483,E43000198,0,537006,165232,1,E18000007,E40000003,E92000001,E12000007,5,E14000654,E15000007,E24000016,E30000234,E16000049,E09000008,00AHGY,E00005632,00AHGY,E99999999,E01001127,E02000218,5,7A2,E00005632,E01001127,E02000218,E33033193,E38000245,E34004707,E35001466,A1,4C2,51.369629,-0.033183,E37000051,,E23000001,25246,E56000021,E54000031
CR0 5AW,198001,,E99999999,E99999999,E09000008,E05011480,E43000198,0,537286,164154,1,E18000007,E40000003,E92000001,E12000007,5,E14000654,E15000007,E24000016,E30000234,E16000049,E09000008,00AHGP,E00005297,00AHGP,E99999999,E01001064,E02000219,5,4D1,E00005297,E01001064,E02000219,E33033198,E38000245,E34004707,E35001466,A1,6A1,51.359874,-0.029579,E37000051,,E23000001,21223,E56000021,E54000031
CR9 3RR,200106,,E99999999,E99999999,E09000008,E05011468,E43000198,1,532449,165950,1,E18000007,E40000003,E92000001,E12000007,5,E14000654,E15000007,E24000016,E30000234,E16000049,E09000008,00AHGM,E00005197,00AHGM,E99999999,E01001045,E02000220,5,2A2,E00005197,E01001045,E02000220,E33029557,E38000245,E34004707,E35001466,A1,3D1,51.377161,-0.098341,E37000051,,E23000001,5615,E56000021,E54000031
CR2 6NA,198001,,E99999999,E99999999,E09000008,E05011484,E43000198,0,532240,163652,1,E18000007,E40000003,E92000001,E12000007,5,E14000656,E15000007,E24000016,E30000234,E16000049,E09000008,00AHHC,E00005845,00AHHC,E99999999,E01001173,E02000221,5,2B2,E00005845,E01001173,E02000221,E33033214,E38000245,E34004707,E35001466,A1,4C3,51.356558,-0.102197,E37000051,,E23000001,14566,E56000021,E54000031
CR2 6NX,200501,,E99999999,E99999999,E09000008,E05011484,E43000198,0,532467,163751,1,E18000007,E40000003,E92000001,E12000007,5,E14000656,E15000007,E24000016,E30000234,E16000049,E09000008,00AHGL,E00005162,00AHGL,E99999999,E01001040,E02000222,5,2A2,E00005162,E01001040,E02000222,E33033218,E38000245,E34004707,E35001466,A1,3D1,51.357395,-0.098902,E37000051,,E23000001,18763,E56000021,E54000031
CR0 9DE,199109,,E99999999,E99999999,E09000008,E05011470,E43000198,0,537846,163630,1,E18000007,E40000003,E92000001,E12000007,5,E14000654,E15000007,E24000016,E30000234,E16000049,E09000008,00AHGN,E00005275,00AHGN,E99999999,E01001051,E02000223,5,5C3,E00005275,E01001051,E02000223,E33033223,E38000245,E34000214,E35999999,A1,7A3,51.355029,-0.021744,E37000051,,E23000001,4553,E56000021,E54000031
CR2 6HX,198410,,E99999999,E99999999,E09000008,E05011484,E43000198,0,532469,163171,1,E18000007,E40000003,E92000001,E12000007,5,E14000656,E15000007,E24000016,E30000234,E16000049,E09000008,00AHGL,E00005178,00AHGL,E99999999,E01001033,E02000224,5,7A3,E00005178,E01001033,E02000224,E33033224,E38000245,E34004707,E35001466,A1,4A3,51.352182,-0.099089,E37000051,,E23000001,19477,E56000021,E54000031
CR0 0RA,198001,,E99999999,E99999999,E09000008,E05011470,E43000198,0,538518,163585,1,E18000007,E40000003,E92000001,E12000007,5,E14000654,E15000007,E24000016,E30000234,E16000049,E09000008,00AHGN,E00005276,00AHGN,E99999999,E01001055,E02000225,5,5B3,E00005276,E01001055,E02000225,E33033232,E38000245,E34000214,E35999999,A1,7A3,51.354462,-0.012117,E37000051,,E23000001,4623,E56000021,E54000031
CR2 7NF,198001,,E99999999,E99999999,E09000008,E05011480,E43000198,0,534598,163025,1,E18000007,E40000003,E92000001,E12000007,5,E14000656,E15000007,E24000016,E30000234,E16000049,E09000008,00AHGX,E00005600,00AHGX,E99999999,E01001122,E02000226,5,4C3,E00005600,E01001122,E02000226,E33033233,E38000245,E34004707,E35001466,A1,6A1,51.350371,-0.068589,E37000051,,E23000001,25084,E56000021,E54000031
CR0 9LB,198001,,E99999999,E99999999,E09000008,E05011481,E43000198,0,536451,162574,1,E18000007,E40000003,E92000001,E12000007,5,E14000654,E15000007,E24000016,E30000234,E16000049,E09000008,00AHGP,E00005319,00AHGP,E99999999,E01001059,E02000227,5,7A3,E00005319,E01001059,E02000227,E33033242,E38000245,E34004707,E35001466,A1,4A3,51.345876,-0.04217,E37000051,,E23000001,18690,E56000021,E54000031
CR2 9NF,198001,,E99999999,E99999999,E09000008,E05011478,E43000198,0,533349,161139,1,E18000007,E40000003,E92000001,E12000007,5,E14000656,E15000007,E24000016,E30000234,E16000049,E09000008,00AHGU,E00005516,00AHGU,E99999999,E01001101,E02000228,5,4D1,E00005516,E01001101,E02000228,E33033243,E38000245,E34004707,E35001466,A1,6A1,51.333716,-0.087219,E37000051,,E23000001,30394,E56000021,E54000031
CR0 0EB,198001,,E99999999,E99999999,E09000008,E05011471,E43000198,0,538888,161836,1,E18000007,E40000003,E92000001,E12000007,5,E14000654,E15000007,E24000016,E30000234,E16000049,E09000008,00AHGR,E00005378,00AHGR,E99999999,E01001076,E02000229,5,1B1,E00005378,E01001076,E02000229,E33033247,E38000245,E34000214,E35999999,A1,4A1,51.338655,-0.007489,E37000051,,E23000001,5461,E56000021,E54000031
CR8 2UD,199002,,E99999999,E99999999,E09000008,E05011476,E43000198,1,531460,161533,1,E18000007,E40000003,E92000001,E12000007,5,E14000656,E15000007,E24000016,E30000234,E16000049,E09000008,00AHGT,E00005473,00AHGT,E99999999,E01001097,E02000230,5,7A3,E00005473,E01001097,E02000230,E33033254,E38000245,E34004707,E35001466,A1,4C3,51.337696,-0.114174,E37000051,,E23000001,12443,E56000021,E54000031
CR8 4FF,202106,,E99999999,E99999999,E09000008,E05011476,E43000198,0,530421,160746,1,E18000007,E40000003,E92000001,E12000007,5,E14000656,E15000007,E24000016,E30000234,E16000049,E09000008,00AHGK,E00005121,00AHGK,E99999999,E01001030,E02000231,5,4B3,E00005121,E01001030,E02000231,E33033261,E38000245,E34004707,E35001466,A1,6A1,51.330861,-0.129343,E37000051,,E23000001,27962,E56000021,E54000031
CR2 9DG,198001,,E99999999,E99999999,E09000008,E05011478,E43000198,0,534839,159894,1,E18000007,E40000003,E92000001,E12000007,5,E14000656,E15000007,E24000016,E30000234,E16000049,E09000008,00AHGU,E00005504,00AHGU,E99999999,E01001106,E02000232,5,4C3,E00005504,E01001106,E02000232,E33033265,E38000245,E34004707,E35001466,A1,5A2,51.322176,-0.066315,E37000051,,E23000001,21553,E56000021,E54000031
CR8 1DE,199007,,E99999999,E99999999,E09000008,E05011477,E43000198,0,532230,160894,1,E18000007,E40000003,E92000001,E12000007,5,E14000656,E15000007,E24000016,E30000234,E16000049,E09000008,00AHGT,E00005476,00AHGT,E99999999,E01001099,E02000233,5,4D1,E00005476,E01001099,E02000233,E33033267,E38000245,E34004707,E35001466,A1,5B1,51.331775,-0.103364,E37000051,,E23000001,14611,E56000021,E54000031
CR8 4HS,201511,,E99999999,E99999999,E09000008,E05011476,E43000198,0,530637,160485,1,E18000007,E40000003,E92000001,E12000007,5,E14000656,E15000007,E24000016,E30000234,E16000049,E09000008,00AHGQ,E00005345,00AHGQ,E99999999,E01001074,E02000234,5,7A3,E00005345,E01001074,E02000234,E33033272,E38000245,E34004707,E35001466,A1,4A3,51.328466,-0.12634,E37000051,,E23000001,15845,E56000021,E54000031
CR8 5GD,200309,,E99999999,E99999999,E09000008,E05011469,E43000198,0,532592,160125,1,E18000007,E40000003,E92000001,E12000007,5,E14000656,E15000007,E24000016,E30000234,E16000049,E09000008,00AHGQ,E00005353,00AHGQ,E99999999,E01001068,E02000235,5,7B1,E00005353,E01001068,E02000235,E33033278,E38000245,E34004707,E35001466,A1,4A3,51.32478,-0.098456,E37000051,,E23000001,16728,E56000021,E54000031
CR5 3HP,199007,,E99999999,E99999999,E09000008,E05011466,E43000198,0,529559,159571,1,E18000007,E40000003,E92000001,E12000007,5,E14000656,E15000007,E24000016,E30000234,E16000049,E09000008,00AHGK,E00005104,00AHGK,E99999999,E01001024,E02000236,5,6C1,E00005104,E01001024,E02000236,E33033279,E38000245,E34004707,E35001466,A1,5A2,51.3205,-0.142162,E37000051,,E23000001,25960,E56000021,E54000031
CR5 1HN,199007,,E99999999,E99999999,E09000008,E05011474,E43000198,0,531671,157803,1,E18000007,E40000003,E92000001,E12000007,5,E14000656,E15000007,E24000016,E30000234,E16000049,E09000008,00AHGJ,E00005083,00AHGJ,E99999999,E01001018,E02000237,5,4D1,E00005083,E01001018,E02000237,E33033284,E38000245,E34004707,E35001466,A1,6B1,51.304126,-0.112523,E37000051,,E23000001,28945,E56000021,E54000031
UB5 4PX,198001,,E99999999,E99999999,E09000009,E05000183,E43000199,0,514439,185656,1,E18000007,E40000003,E92000001,E12000007,5,E14000675,E15000007,E24000013,E30000266,E16000035,E09000009,00AJGR,E00006540,00AJGR,E99999999,E01001309,E02000238,5,7A3,E00006540,E01001309,E02000238,E33033288,E38000256,E34004707,E35001504,A1,4C2,51.558187,-0.350614,E37000051,,E23000001,18839,E56000021,E54000027
UB6 0JS,198001,,E99999999,E99999999,E09000009,E05000183,E43000199,0,515490,185210,1,E18000007,E40000003,E92000001,E12000007,5,E14000675,E15000007,E24000013,E30000266,E16000035,E09000009,00AJGR,E00006524,00AJGR,E99999999,E01001312,E02000239,5,7A3,E00006524,E01001312,E02000239,E33033295,E38000256,E34004707,E35001504,A1,4C2,51.553965,-0.335606,E37000051,,E23000001,17313,E56000021,E54000027
UB5 4ER,198001,,E99999999,E99999999,E09000009,E05000184,E43000199,0,513417,185178,1,E18000007,E40000003,E92000001,E12000007,5,E14000675,E15000007,E24000013,E30000266,E16000035,E09000009,00AJGS,E00006562,00AJGS,E99999999,E01001316,E02000240,5,7B2,E00006562,E01001316,E02000240,E33033298,E38000256,E34004707,E35001504,A1,3B1,51.554097,-0.365504,E37000051,,E23000001,7159,E56000021,E54000027
UB5 4RP,198001,,E99999999,E99999999,E09000009,E05000178,E43000199,0,513829,184404,1,E18000007,E40000003,E92000001,E12000007,5,E14000675,E15000007,E24000013,E30000266,E16000035,E09000009,00AJGL,E00006320,00AJGL,E99999999,E01001270,E02000241,5,7A3,E00006320,E01001270,E02000241,E33033302,E38000256,E34004707,E35001504,A1,4C2,51.547058,-0.359814,E37000051,,E23000001,18289,E56000021,E54000027
UB6 7DJ,198303,,E99999999,E99999999,E09000009,E05000187,E43000199,0,517286,183672,1,E18000007,E40000003,E92000001,E12000007,5,E14000675,E15000007,E24000013,E30000266,E16000035,E09000009,00AJGW,E00006699,00AJGW,E99999999,E01001341,E02000242,5,7A3,E00006699,E01001341,E02000242,E33033303,E38000256,E34004707,E35001504,A1,4C2,51.539772,-0.310226,E37000051,,E23000001,21235,E56000021,E54000027
UB6 8PS,198001,,E99999999,E99999999,E09000009,E05000178,E43000199,0,514598,183539,1,E18000007,E40000003,E92000001,E12000007,5,E14000675,E15000007,E24000013,E30000266,E16000035,E09000009,00AJGL,E00006325,00AJGL,E99999999,E01001272,E02000243,5,4C3,E00006325,E01001272,E02000243,E33033310,E38000256,E34004707,E35001504,A1,4C2,51.539128,-0.34901,E37000051,,E23000001,15184,E56000021,E54000027
UB6 7RD,198001,,E99999999,E99999999,E09000009,E05000187,E43000199,0,516486,183687,1,E18000007,E40000003,E92000001,E12000007,5,E14000675,E15000007,E24000013,E30000266,E16000035,E09000009,00AJGW,E00006694,00AJGW,E99999999,E01001344,E02000244,5,7B2,E00006694,E01001344,E02000244,E33033313,E38000256,E34004707,E35001504,A1,3A2,51.540072,-0.321751,E37000051,,E23000001,15761,E56000021,E54000027
UB5 6DD,198001,,E99999999,E99999999,E09000009,E05000177,E43000199,0,512723,182994,1,E18000007,E40000003,E92000001,E12000007,5,E14000675,E15000007,E24000013,E30000266,E16000035,E09000009,00AJGK,E00006282,00AJGK,E99999999,E01001257,E02000245,5,7B1,E00006282,E01001257,E02000245,E33033315,E38000256,E34004707,E35001504,A1,4B1,51.534607,-0.376208,E37000051,,E23000001,4021,E56000021,E54000027
UB5 6NX,198001,,E99999999,E99999999,E09000009,E05000185,E43000199,0,510761,182809,1,E18000007,E40000003,E92000001,E12000007,5,E14000675,E15000007,E24000013,E30000266,E16000035,E09000009,00AJGT,E00006627,00AJGT,E99999999,E01001325,E02000246,5,7A3,E00006627,E01001325,E02000246,E33033316,E38000256,E34004707,E35001504,A1,4C2,51.533332,-0.404542,E37000051,,E23000001,9812,E56000021,E54000027
UB1 2NP,198001,,E99999999,E99999999,E09000009,E05000177,E43000199,0,513028,182536,1,E18000007,E40000003,E92000001,E12000007,5,E14000675,E15000007,E24000013,E30000266,E16000035,E09000009,00AJGK,E00006295,00AJGK,E99999999,E01001256,E02000247,5,7A1,E00006295,E01032744,E02000247,E33033322,E38000256,E34004707,E35001504,A1,3A2,51.53043,-0.37196,E37000051,,E23000001,6338,E56000021,E54000027
NW10 7DS,198001,,E99999999,E99999999,E09000009,E05000179,E43000199,0,518953,183025,1,E18000007,E40000003,E92000001,E12000007,5,E14000674,E15000007,E24000013,E30000234,E16000035,E09000009,00AJGM,E00006370,00AJGM,E99999999,E01001276,E02000248,5,7A3,E00006370,E01001276,E02000248,E33033324,E38000256,E34004707,E35001504,A1,4C2,51.533609,-0.286419,E37000051,,E23000001,13885,E56000021,E54000027
UB1 3LR,198001,,E99999999,E99999999,E09000009,E05000172,E43000199,0,514202,181015,1,E18000007,E40000003,E92000001,E12000007,5,E14000676,E15000007,E24000013,E30000266,E16000035,E09000009,00AJGE,E00006072,00AJGE,E99999999,E01001218,E02000249,5,7B2,E00006072,E01001218,E02000249,E33033329,E38000256,E34004707,E35001504,A1,3A2,51.516523,-0.355535,E37000051,,E23000001,5429,E56000021,E54000027
W5 1SE,198001,,E99999999,E99999999,E09000009,E05000171,E43000199,0,517272,181993,1,E18000007,E40000003,E92000001,E12000007,5,E14000675,E15000007,E24000013,E30000234,E16000035,E09000009,00AJGD,E00006055,00AJGD,E99999999,E01001211,E02000250,5,2B2,E00006055,E01001211,E02000250,E33033333,E38000256,E34004707,E35001504,A1,4C3,51.524685,-0.310986,E37000051,,E23000001,24028,E56000021,E54000027
UB6 9DG,198001,,E99999999,E99999999,E09000009,E05000172,E43000199,0,513781,181479,1,E18000007,E40000003,E92000001,E12000007,5,E14000676,E15000007,E24000013,E30000266,E16000035,E09000009,00AJGE,E00006059,00AJGE,E99999999,E01001217,E02000251,5,7A3,E00006059,E01001217,E02000251,E33033335,E38000256,E34004707,E35001504,A1,4C2,51.520778,-0.36145,E37000051,,E23000001,17865,E56000021,E54000027
W3 0RP,201008,,E99999999,E99999999,E09000009,E05000175,E43000199,1,519468,181763,1,E18000007,E40000003,E92000001,E12000007,5,E14000674,E15000007,E24000013,E30000234,E16000035,E09000009,00AJGH,E00006194,00AJGH,E99999999,E01001247,E02000252,5,7B1,E00006194,E01001247,E02000252,E33029609,E38000256,E34004707,E35001504,A1,3A2,51.522158,-0.279425,E37000051,,E23000001,13338,E56000021,E54000027
W7 1PA,198001,,E99999999,E99999999,E09000009,E05000180,E43000199,0,515478,181397,1,E18000007,E40000003,E92000001,E12000007,5,E14000675,E15000007,E24000013,E30000234,E16000035,E09000009,00AJGN,E00006439,00AJGN,E99999999,E01001286,E02000253,5,7A2,E00006439,E01001286,E02000253,E33033347,E38000256,E34004707,E35001504,A1,4A3,51.519697,-0.337029,E37000051,,E23000001,11665,E56000021,E54000027
UB1 2UB,198001,,E99999999,E99999999,E09000009,E05000181,E43000199,0,513078,181564,1,E18000007,E40000003,E92000001,E12000007,5,E14000676,E15000007,E24000013,E30000266,E16000035,E09000009,00AJGP,E00006453,00AJGP,E99999999,E01001294,E02000254,5,7A3,E00006453,E01001294,E02000254,E33033350,E38000256,E34004707,E35001504,A1,4C2,51.521683,-0.371551,E37000051,,E23000001,12398,E56000021,E54000027
W13 0EA,198001,,E99999999,E99999999,E09000009,E05000171,E43000199,0,516205,181211,1,E18000007,E40000003,E92000001,E12000007,5,E14000675,E15000007,E24000013,E30000234,E16000035,E09000009,00AJGD,E00006034,00AJGD,E99999999,E01001205,E02000255,5,2B2,E00006034,E01001205,E02000255,E33033355,E38000256,E34004707,E35001504,A1,4C3,51.517877,-0.326617,E37000051,,E23000001,7545,E56000021,E54000027
W13 8LB,198001,,E99999999,E99999999,E09000009,E05000173,E43000199,0,516730,181168,1,E18000007,E40000003,E92000001,E12000007,5,E14000674,E15000007,E24000013,E30000234,E16000035,E09000009,00AJGF,E00006106,00AJGF,E99999999,E01001224,E02000256,5,2B2,E00006106,E01001224,E02000256,E33033359,E38000256,E34004707,E35001504,A1,4C3,51.517382,-0.319068,E37000051,,E23000001,25604,E56000021,E54000027
W5 2HE,198001,,E99999999,E99999999,E09000009,E05000173,E43000199,0,517638,181431,1,E18000007,E40000003,E92000001,E12000007,5,E14000674,E15000007,E24000013,E30000234,E16000035,E09000009,00AJGF,E00006092,00AJGF,E99999999,E01001225,E02000257,5,7B1,E00006092,E01001225,E02000257,E33033370,E38000256,E34004707,E35001504,A1,3D1,51.519558,-0.3059,E37000051,,E23000001,12984,E56000021,E54000027
W3 0AQ,198001,,E99999999,E99999999,E09000009,E05000170,E43000199,0,519813,181640,1,E18000007,E40000003,E92000001,E12000007,5,E14000674,E15000007,E24000013,E30000234,E16000035,E09000009,00AJGC,E00005973,00AJGC,E99999999,E01001195,E02000258,5,7A3,E00005973,E01001195,E02000258,E33033374,E38000256,E34004707,E35001504,A1,4C2,51.520979,-0.274497,E37000051,,E23000001,19967,E56000021,E54000027
W7 1ES,198001,,E99999999,E99999999,E09000009,E05000180,E43000199,0,515647,181060,1,E18000007,E40000003,E92000001,E12000007,5,E14000675,E15000007,E24000013,E30000234,E16000035,E09000009,00AJGN,E00006418,00AJGN,E99999999,E01001288,E02000259,5,7A3,E00006418,E01001288,E02000259,E33033379,E38000256,E34004707,E35001504,A1,4A3,51.516634,-0.334705,E37000051,,E23000001,17925,E56000021,E54000027
UB1 2PW,198001,,E99999999,E99999999,E09000009,E05000172,E43000199,0,512801,180745,1,E18000007,E40000003,E92000001,E12000007,5,E14000676,E15000007,E24000013,E30000266,E16000035,E09000009,00AJGE,E00006077,00AJGE,E99999999,E01001213,E02000260,5,7A3,E00006077,E01001213,E02000260,E33033384,E38000256,E34004707,E35001504,A1,4B1,51.514378,-0.375804,E37000051,,E23000001,8943,E56000021,E54000027
W3 7AH,198001,,E99999999,E99999999,E09000009,E05000175,E43000199,0,521138,180841,1,E18000007,E40000003,E92000001,E12000007,5,E14000674,E15000007,E24000013,E30000234,E16000035,E09000009,00AJGH,E00006215,00AJGH,E99999999,E01001241,E02000261,5,7A3,E00006215,E01001241,E02000261,E33033385,E38000256,E34004707,E35001504,A1,4C2,51.513516,-0.255683,E37000051,,E23000001,12616,E56000021,E54000027
W3 6DZ,198001,,E99999999,E99999999,E09000009,E05000170,E43000199,0,520452,180484,1,E18000007,E40000003,E92000001,E12000007,5,E14000674,E15000007,E24000013,E30000234,E16000035,E09000009,00AJGC,E00006005,00AJGC,E99999999,E01001200,E02000262,5,2B2,E00006005,E01001200,E02000262,E33033390,E38000256,E34004707,E35001504,A1,3D2,51.510455,-0.265663,E37000051,,E23000001,17969,E56000021,E54000027
UB1 1QQ,198001,,E99999999,E99999999,E09000009,E05000189,E43000199,0,512414,180698,1,E18000007,E40000003,E92000001,E12000007,5,E14000676,E15000007,E24000013,E30000266,E16000035,E09000009,00AJGY,E00006774,00AJGY,E99999999,E01001364,E02000263,5,7A3,E00006774,E01001364,E02000263,E33033395,E38000256,E34004707,E35001504,A1,4B1,51.514032,-0.381393,E37000051,,E23000001,3672,E56000021,E54000027
W3 9AP,200410,,E99999999,E99999999,E09000009,E05000174,E43000199,0,519144,179702,1,E18000007,E40000003,E92000001,E12000007,5,E14000674,E15000007,E24000013,E30000234,E16000035,E09000009,00AJGG,E00006152,00AJGG,E99999999,E01001231,E02000264,5,2B2,E00166863,E01001231,E02000264,E33033401,E38000256,E34004707,E35001504,A1,3D1,51.503703,-0.284789,E37000051,,E23000001,20102,E56000021,E54000027
W7 2JS,198001,,E99999999,E99999999,E09000009,E05000176,E43000199,0,516197,179853,1,E18000007,E40000003,E92000001,E12000007,5,E14000676,E15000007,E24000013,E30000234,E16000035,E09000009,00AJGJ,E00006254,00AJGJ,E99999999,E01001255,E02000265,5,7A3,E00006254,E01001255,E02000265,E33033407,E38000256,E34004707,E35001504,A1,4C3,51.505673,-0.327179,E37000051,,E23000001,20547,E56000021,E54000027
UB2 4BD,198001,,E99999999,E99999999,E09000009,E05000186,E43000199,0,513112,179607,1,E18000007,E40000003,E92000001,E12000007,5,E14000676,E15000007,E24000013,E30000266,E16000035,E09000009,00AJGU,E00006647,00AJGU,E99999999,E01001338,E02000266,5,7B2,E00006647,E01001338,E02000266,E33029639,E38000256,E34004707,E35001504,A1,3A2,51.504088,-0.371688,E37000051,,E23000001,9484,E56000021,E54000027
W7 3TZ,198001,,E99999999,E99999999,E09000009,E05000176,E43000199,0,515398,180058,1,E18000007,E40000003,E92000001,E12000007,5,E14000676,E15000007,E24000013,E30000234,E16000035,E09000009,00AJGJ,E00006252,00AJGJ,E99999999,E01001252,E02000267,5,7A3,E00006252,E01001252,E02000267,E33033418,E38000256,E34004707,E35001504,A1,4C2,51.507679,-0.338619,E37000051,,E23000001,10397,E56000021,E54000027
W5 4AQ,198303,,E99999999,E99999999,E09000009,E05000174,E43000199,0,518331,179640,1,E18000007,E40000003,E92000001,E12000007,5,E14000674,E15000007,E24000013,E30000234,E16000035,E09000009,00AJGG,E00006140,00AJGG,E99999999,E01001232,E02000268,5,7B1,E00006140,E01001232,E02000268,E33033421,E38000256,E34004707,E35001504,A1,3A2,51.503317,-0.296518,E37000051,,E23000001,11537,E56000021,E54000027
W5 4TP,198001,,E99999999,E99999999,E09000009,E05000182,E43000199,0,517177,179359,1,E18000007,E40000003,E92000001,E12000007,5,E14000676,E15000007,E24000013,E30000234,E16000035,E09000009,00AJGQ,E00006484,00AJGQ,E99999999,E01001303,E02000269,5,2B2,E00006484,E01001303,E02000269,E33033429,E38000256,E34004707,E35001504,A1,3D1,51.501031,-0.313229,E37000051,,E23000001,24632,E56000021,E54000027
W2 7FT,202106,,E99999999,E99999999,E09000009,E05000188,E43000199,1,519694,179358,1,E18000007,E40000003,E92000001,E12000007,5,E14000674,E15000007,E24000013,E30000234,E16000035,E09000009,00AJGX,E00006734,00AJGX,E99999999,E01001358,E02000270,5,7B2,E00006734,E01001358,E02000270,E33029648,E38000256,E34004707,E35001504,A1,3A1,51.500496,-0.276962,E37000051,,E23000001,2888,E56000021,E54000027
W4 1DG,198001,,E99999999,E99999999,E09000009,E05000191,E43000199,0,520991,179528,1,E18000007,E40000003,E92000001,E12000007,5,E14000674,E15000007,E24000013,E30000234,E16000035,E09000009,00AJHA,E00006831,00AJHA,E99999999,E01001375,E02000271,5,2B2,E00006831,E01001375,E02000271,E33033438,E38000256,E34004707,E35001504,A1,2D2,51.501747,-0.25825,E37000051,,E23000001,29992,E56000021,E54000027
W13 9TZ,198001,,E99999999,E99999999,E09000009,E05000182,E43000199,0,516347,179420,1,E18000007,E40000003,E92000001,E12000007,5,E14000676,E15000007,E24000013,E30000234,E16000035,E09000009,00AJGQ,E00006514,00AJGQ,E99999999,E01001305,E02000272,5,6D1,E00006514,E01001305,E02000272,E33033443,E38000256,E34004707,E35001504,A1,5A2,51.501751,-0.325162,E37000051,,E23000001,27464,E56000021,E54000027
UB2 4QW,198001,,E99999999,E99999999,E09000009,E05000190,E43000199,0,512546,179734,1,E18000007,E40000003,E92000001,E12000007,5,E14000676,E15000007,E24000013,E30000266,E16000035,E09000009,00AJGZ,E00006805,00AJGZ,E99999999,E01001367,E02000274,5,7B1,E00006805,E01001367,E02000274,E33029659,E38000256,E34004707,E35001504,A1,3A2,51.505342,-0.379799,E37000051,,E23000001,7890,E56000021,E54000027
UB2 4JD,198001,,E99999999,E99999999,E09000009,E05000186,E43000199,0,512965,178756,1,E18000007,E40000003,E92000001,E12000007,5,E14000676,E15000007,E24000013,E30000266,E16000035,E09000009,00AJGU,E00006661,00AJGU,E99999999,E01001336,E02000275,5,7A3,E00006661,E01001336,E02000275,E33033457,E38000256,E34004707,E35001504,A1,4B1,51.496468,-0.374078,E37000051,,E23000001,10825,E56000021,E54000027
W5 4BB,198001,,E99999999,E99999999,E09000009,E05000182,E43000199,0,517419,178519,1,E18000007,E40000003,E92000001,E12000007,5,E14000676,E15000007,E24000013,E30000234,E16000035,E09000009,00AJGQ,E00006507,00AJGQ,E99999999,E01001304,E02000276,5,7A3,E00006507,E01001304,E02000276,E33033461,E38000256,E34004707,E35001504,A1,4A3,51.493432,-0.310024,E37000051,,E23000001,19885,E56000021,E54000027
EN3 6TJ,198001,,E99999999,E99999999,E09000010,E05000211,E43000200,0,535569,199785,1,E18000007,E40000003,E92000001,E12000007,5,E14000691,E15000007,E24000012,E30000234,E16000008,E09000010,00AKHF,E00007688,00AKHF,E99999999,E01001552,E02000277,5,6A2,E00007688,E01001552,E02000277,E33033464,E38000240,E34004707,E35000978,A1,4C1,51.680473,-0.040529,E37000051,,E23000001,9954,E56000027,E54000028
EN1 4NU,198001,,E99999999,E99999999,E09000010,E05000211,E43000200,0,535166,199395,1,E18000007,E40000003,E92000001,E12000007,5,E14000691,E15000007,E24000012,E30000234,E16000008,E09000010,00AKHF,E00007695,00AKHF,E99999999,E01001545,E02000278,5,7A2,E00007695,E01001545,E02000278,E33033467,E38000240,E34004707,E35000978,A1,4A1,51.677066,-0.046505,E37000051,,E23000001,2973,E56000027,E54000028
EN3 6GL,199806,,E99999999,E99999999,E09000010,E05000199,E43000200,0,537321,198371,1,E18000007,E40000003,E92000001,E12000007,5,E14000691,E15000007,E24000012,E30000234,E16000008,E09000010,00AKGS,E00007187,00AKGS,E99999999,E01001443,E02000279,5,2A1,E00007187,E01033150,E02000279,E33033469,E38000240,E34004707,E35000978,A1,3D1,51.667342,-0.01576,E37000051,,E23000001,9725,E56000027,E54000028
EN1 4SR,198001,,E99999999,E99999999,E09000010,E05000195,E43000200,0,534646,199199,1,E18000007,E40000003,E92000001,E12000007,5,E14000691,E15000007,E24000012,E30000234,E16000008,E09000010,00AKGN,E00007033,00AKGN,E99999999,E01001412,E02000280,5,1A3,E00007033,E01001412,E02000280,E33033477,E38000240,E34004707,E35000978,A1,4A3,51.675429,-0.054096,E37000051,,E23000001,8853,E56000027,E54000028
EN1 3NP,198001,,E99999999,E99999999,E09000010,E05000210,E43000200,0,533544,197850,1,E18000007,E40000003,E92000001,E12000007,5,E14000691,E15000007,E24000012,E30000234,E16000008,E09000010,00AKHE,E00007625,00AKHE,E99999999,E01001537,E02000281,5,2A2,E00007625,E01001537,E02000281,E33033481,E38000240,E34004707,E35000978,A1,3D1,51.66357,-0.070539,E37000051,,E23000001,22687,E56000027,E54000028
EN1 4LN,200006,,E99999999,E99999999,E09000010,E05000211,E43000200,0,534656,198203,1,E18000007,E40000003,E92000001,E12000007,5,E14000691,E15000007,E24000012,E30000234,E16000008,E09000010,00AKHF,E00007683,00AKHF,E99999999,E01001550,E02000282,5,7A2,E00007683,E01001550,E02000282,E33033488,E38000240,E34004707,E35000978,A1,4A3,51.666477,-0.054335,E37000051,,E23000001,5526,E56000027,E54000028
EN3 5DN,198001,,E99999999,E99999999,E09000010,E05000198,E43000200,0,535983,197557,1,E18000007,E40000003,E92000001,E12000007,5,E14000691,E15000007,E24000012,E30000234,E16000008,E09000010,00AKGR,E00007164,00AKGR,E99999999,E01001434,E02000283,5,7A2,E00007164,E01001434,E02000283,E33033489,E38000240,E34004707,E35000978,A1,4A3,51.660355,-0.035384,E37000051,,E23000001,8928,E56000027,E54000028
EN1 3UY,198001,,E99999999,E99999999,E09000010,E05000210,E43000200,0,532804,197302,1,E18000007,E40000003,E92000001,E12000007,5,E14000691,E15000007,E24000012,E30000234,E16000008,E09000010,00AKHE,E00007639,00AKHE,E99999999,E01001542,E02000284,5,2A2,E00007639,E01001542,E02000284,E33033493,E38000240,E34004707,E35000978,A1,3D1,51.658821,-0.08144,E37000051,,E23000001,15570,E56000027,E54000028
EN1 3BU,198001,,E99999999,E99999999,E09000010,E05000210,E43000200,0,533153,196893,1,E18000007,E40000003,E92000001,E12000007,5,E14000691,E15000007,E24000012,E30000234,E16000008,E09000010,00AKHE,E00007662,00AKHE,E99999999,E01001544,E02000285,5,4D2,E00007662,E01001544,E02000285,E33033499,E38000240,E34004707,E35000978,A1,5A2,51.655063,-0.076553,E37000051,,E23000001,25045,E56000027,E54000028
EN2 8DX,198001,,E99999999,E99999999,E09000010,E05000202,E43000200,0,532125,197071,1,E18000007,E40000003,E92000001,E12000007,5,E14000691,E15000007,E24000012,E30000234,E16000008,E09000010,00AKGW,E00007334,00AKGW,E99999999,E01001472,E02000286,5,6D2,E00007334,E01001472,E02000286,E33033504,E38000240,E34004707,E35000978,A1,5A2,51.656905,-0.091338,E37000051,,E23000001,20183,E56000027,E54000028
N14 4HA,198001,,E99999999,E99999999,E09000010,E05000196,E43000200,0,528997,195784,1,E18000007,E40000003,E92000001,E12000007,5,E14000692,E15000007,E24000012,E30000234,E16000008,E09000010,00AKGP,E00007067,00AKGP,E99999999,E01001418,E02000287,5,2B1,E00007067,E01001418,E02000287,E33033506,E38000240,E34004707,E35000978,A1,3D1,51.646065,-0.137006,E37000051,,E23000001,13494,E56000027,E54000028
EN1 3SH,198001,,E99999999,E99999999,E09000010,E05000207,E43000200,0,533908,196536,1,E18000007,E40000003,E92000001,E12000007,5,E14000691,E15000007,E24000012,E30000234,E16000008,E09000010,00AKHB,E00007523,00AKHB,E99999999,E01001513,E02000288,5,2B2,E00007523,E01001513,E02000288,E33029703,E38000240,E34004707,E35000978,A1,4A3,51.651676,-0.065783,E37000051,,E23000001,6497,E56000027,E54000028
N14 4XN,198001,,E99999999,E99999999,E09000010,E05000196,E43000200,0,530273,195696,1,E18000007,E40000003,E92000001,E12000007,5,E14000692,E15000007,E24000012,E30000234,E16000008,E09000010,00AKGP,E00007072,00AKGP,E99999999,E01001416,E02000289,5,4C3,E00007072,E01001416,E02000289,E33033519,E38000240,E34004707,E35000978,A1,6B1,51.64498,-0.118607,E37000051,,E23000001,27463,E56000027,E54000028
EN3 7JX,199002,,E99999999,E99999999,E09000010,E05000198,E43000200,0,536610,196964,1,E18000007,E40000003,E92000001,E12000007,5,E14000691,E15000007,E24000012,E30000234,E16000008,E09000010,00AKGR,E00007127,00AKGR,E99999999,E01001437,E02000290,5,7A2,E00007127,E01001437,E02000290,E33029687,E38000240,E34004707,E35000978,A1,4B1,51.654874,-0.026557,E37000051,,E23000001,4642,E56000027,E54000028
EN1 9LJ,202012,,E99999999,E99999999,E09000010,E05000207,E43000200,1,533124,196542,1,E18000007,E40000003,E92000001,E12000007,5,E14000691,E15000007,E24000012,E30000234,E16000008,E09000010,00AKHB,E00007528,00AKHB,E99999999,E01001512,E02000291,5,2A2,E00007528,E01001512,E02000291,E33029704,E38000240,E34004707,E35000978,A1,3A2,51.651918,-0.077079,E37000051,,E23000001,15781,E56000027,E54000028
EN1 1SQ,198001,,E99999999,E99999999,E09000010,E05000207,E43000200,0,534265,196124,1,E18000007,E40000003,E92000001,E12000007,5,E14000691,E15000007,E24000012,E30000234,E16000008,E09000010,00AKHB,E00007535,00AKHB,E99999999,E01001511,E02000292,5,6A2,E00007535,E01001511,E02000292,E33029705,E38000240,E34004707,E35000978,A1,4C2,51.647888,-0.060783,E37000051,,E23000001,12867,E56000027,E54000028
EN1 2BL,198001,,E99999999,E99999999,E09000010,E05000200,E43000200,0,532853,195584,1,E18000007,E40000003,E92000001,E12000007,5,E14000692,E15000007,E24000012,E30000234,E16000008,E09000010,00AKGT,E00007227,00AKGT,E99999999,E01001451,E02000293,5,6B2,E00007227,E01001451,E02000293,E33033538,E38000240,E34004707,E35000978,A1,4A3,51.643371,-0.081384,E37000051,,E23000001,17172,E56000027,E54000028
N9 7DU,198001,,E99999999,E99999999,E09000010,E05000203,E43000200,0,535161,195260,1,E18000007,E40000003,E92000001,E12000007,5,E14000687,E15000007,E24000012,E30000234,E16000008,E09000010,00AKGX,E00007364,00AKGX,E99999999,E01001476,E02000294,5,7A3,E00007364,E01001476,E02000294,E33033541,E38000240,E34004707,E35000978,A1,4C2,51.63991,-0.048174,E37000051,,E23000001,9017,E56000027,E54000028
N21 1NR,198001,,E99999999,E99999999,E09000010,E05000208,E43000200,0,530728,195384,1,E18000007,E40000003,E92000001,E12000007,5,E14000692,E15000007,E24000012,E30000234,E16000008,E09000010,00AKHC,E00007550,00AKHC,E99999999,E01001523,E02000295,5,4D1,E00007550,E01001523,E02000295,E33033544,E38000240,E34004707,E35000978,A1,4C1,51.642071,-0.112152,E37000051,,E23000001,26051,E56000027,E54000028
N14 6JJ,200503,,E99999999,E99999999,E09000010,E05000208,E43000200,0,529476,194450,1,E18000007,E40000003,E92000001,E12000007,5,E14000692,E15000007,E24000012,E30000234,E16000008,E09000010,00AKHC,E00007574,00AKHC,E99999999,E01001519,E02000296,5,2B2,E00171178,E01001519,E02000296,E33031735,E38000240,E34004707,E35000978,A1,4B1,51.633967,-0.13058,E37000051,,E23000001,20796,E56000027,E54000028
EN1 2BQ,198001,,E99999999,E99999999,E09000010,E05000200,E43000200,0,532969,195415,1,E18000007,E40000003,E92000001,E12000007,5,E14000692,E15000007,E24000012,E30000234,E16000008,E09000010,00AKGT,E00007235,00AKGT,E99999999,E01001455,E02000297,5,6A2,E00007235,E01001455,E02000297,E33033558,E38000240,E34004707,E35000978,A1,4C1,51.641825,-0.079773,E37000051,,E23000001,23129,E56000027,E54000028
N21 9FJ,202109,,E99999999,E99999999,E09000010,E05000213,E43000200,1,531626,194393,1,E18000007,E40000003,E92000001,E12000007,5,E14000692,E15000007,E24000012,E30000234,E16000008,E09000010,00AKHH,E00007760,00AKHH,E99999999,E01001564,E02000298,5,2B2,E00007760,E01001564,E02000298,E33033559,E38000240,E34004707,E35000978,A1,4C3,51.632959,-0.099528,E37000051,,E23000001,24184,E56000027,E54000028
N9 8BP,198001,,E99999999,E99999999,E09000010,E05000203,E43000200,0,535077,194765,1,E18000007,E40000003,E92000001,E12000007,5,E14000687,E15000007,E24000012,E30000234,E16000008,E09000010,00AKGX,E00007337,00AKGX,E99999999,E01001482,E02000299,5,7B1,E00007337,E01001482,E02000299,E33033567,E38000240,E34004707,E35000978,A1,3A2,51.635482,-0.049578,E37000051,,E23000001,4720,E56000027,E54000028
N9 9DT,198001,,E99999999,E99999999,E09000010,E05000201,E43000200,0,534175,193829,1,E18000007,E40000003,E92000001,E12000007,5,E14000687,E15000007,E24000012,E30000234,E16000008,E09000010,00AKGU,E00007250,00AKGU,E99999999,E01001460,E02000300,5,7B1,E00007250,E01001460,E02000300,E33033571,E38000240,E34004707,E35000978,A1,3A2,51.627287,-0.062962,E37000051,,E23000001,4797,E56000027,E54000028
N9 0SA,198001,,E99999999,E99999999,E09000010,E05000204,E43000200,0,535054,193386,1,E18000007,E40000003,E92000001,E12000007,5,E14000687,E15000007,E24000012,E30000234,E16000008,E09000010,00AKGY,E00007381,00AKGY,E99999999,E01001486,E02000301,5,7A3,E00007381,E01001486,E02000301,E33033576,E38000240,E34004707,E35000978,A1,4A3,51.623096,-0.050442,E37000051,,E23000001,3856,E56000027,E54000028
N21 3RS,198001,,E99999999,E99999999,E09000010,E05000213,E43000200,0,531771,194091,1,E18000007,E40000003,E92000001,E12000007,5,E14000692,E15000007,E24000012,E30000234,E16000008,E09000010,00AKHH,E00007764,00AKHH,E99999999,E01001570,E02000302,5,2B2,E00007764,E01001570,E02000302,E33033578,E38000240,E34004707,E35000978,A1,4C3,51.630211,-0.097548,E37000051,,E23000001,16189,E56000027,E54000028
N9 9NW,198001,,E99999999,E99999999,E09000010,E05000197,E43000200,0,533771,193132,1,E18000007,E40000003,E92000001,E12000007,5,E14000687,E15000007,E24000012,E30000234,E16000008,E09000010,00AKGQ,E00007110,00AKGQ,E99999999,E01001428,E02000303,5,7A2,E00007110,E01001428,E02000303,E33033580,E38000240,E34004707,E35000978,A1,4A3,51.621119,-0.069061,E37000051,,E23000001,4845,E56000027,E54000028
N11 2JE,198001,,E99999999,E99999999,E09000010,E05000209,E43000200,0,530161,192176,1,E18000007,E40000003,E92000001,E12000007,5,E14000692,E15000007,E24000012,E30000234,E16000008,E09000010,00AKHD,E00007620,00AKHD,E99999999,E01001535,E02000304,5,7A3,E00007620,E01001535,E02000304,E33033586,E38000240,E34004707,E35000978,A1,4C2,51.613374,-0.121532,E37000051,,E23000001,19585,E56000027,E54000028
N13 4PU,198001,,E99999999,E99999999,E09000010,E05000213,E43000200,0,530610,193027,1,E18000007,E40000003,E92000001,E12000007,5,E14000692,E15000007,E24000012,E30000234,E16000008,E09000010,00AKHH,E00007785,00AKHH,E99999999,E01001566,E02000305,5,2B2,E00007785,E01001566,E02000305,E33033590,E38000240,E34004707,E35000978,A1,4C3,51.620918,-0.114734,E37000051,,E23000001,20017,E56000027,E54000028
N18 2EL,198410,,E99999999,E99999999,E09000010,E05000197,E43000200,0,534706,192736,1,E18000007,E40000003,E92000001,E12000007,5,E14000687,E15000007,E24000012,E30000234,E16000008,E09000010,00AKGQ,E00007079,00AKGQ,E99999999,E01001427,E02000306,5,7B1,E00007079,E01001427,E02000306,E33033597,E38000240,E34004707,E35000978,A1,3A1,51.617338,-0.055716,E37000051,,E23000001,3582,E56000027,E54000028
N13 5QQ,198001,,E99999999,E99999999,E09000010,E05000205,E43000200,0,532341,193285,1,E18000007,E40000003,E92000001,E12000007,5,E14000692,E15000007,E24000012,E30000234,E16000008,E09000010,00AKGZ,E00007422,00AKGZ,E99999999,E01001497,E02000307,5,7A2,E00007422,E01001497,E02000307,E33033603,E38000240,E34004707,E35000978,A1,4A3,51.622832,-0.089648,E37000051,,E23000001,11718,E56000027,E54000028
N11 2SA,198001,,E99999999,E99999999,E09000010,E05000193,E43000200,0,529817,191756,1,E18000007,E40000003,E92000001,E12000007,5,E14000692,E15000007,E24000012,E30000234,E16000008,E09000010,00AKGL,E00006943,00AKGL,E99999999,E01001392,E02000308,5,7A3,E00006943,E01001392,E02000308,E33033604,E38000240,E34004707,E35000978,A1,4C3,51.609679,-0.126653,E37000051,,E23000001,23651,E56000027,E54000028
N18 2DN,198001,,E99999999,E99999999,E09000010,E05000212,E43000200,0,534853,191882,1,E18000007,E40000003,E92000001,E12000007,5,E14000687,E15000007,E24000012,E30000234,E16000008,E09000010,00AKHG,E00007745,00AKHG,E99999999,E01001559,E02000309,5,7A3,E00007745,E01001559,E02000309,E33029712,E38000240,E34004707,E35000978,A1,4A3,51.609629,-0.053922,E37000051,,E23000001,3951,E56000027,E54000028
N13 6HA,198001,,E99999999,E99999999,E09000010,E05000193,E43000200,0,531179,192038,1,E18000007,E40000003,E92000001,E12000007,5,E14000692,E15000007,E24000012,E30000234,E16000008,E09000010,00AKGL,E00006927,00AKGL,E99999999,E01001394,E02000311,5,7A3,E00006927,E01001394,E02000311,E33033614,E38000240,E34004707,E35000978,A1,4A3,51.6119,-0.106865,E37000051,,E23000001,9612,E56000027,E54000028
N13 4SD,198001,,E99999999,E99999999,E09000010,E05000193,E43000200,0,530285,191972,1,E18000007,E40000003,E92000001,E12000007,5,E14000692,E15000007,E24000012,E30000234,E16000008,E09000010,00AKGL,E00006934,00AKGL,E99999999,E01001393,E02000312,5,7A3,E00006934,E01001393,E02000312,E33033622,E38000240,E34004707,E35000978,A1,4C2,51.611512,-0.119818,E37000051,,E23000001,15156,E56000027,E54000028
SE28 8EL,198303,,E99999999,E99999999,E09000011,E05000228,E43000201,0,546521,180267,1,E18000007,E40000003,E92000001,E12000007,5,E14000696,E15000007,E24000015,E30000234,E16000005,E09000011,00ALHE,E00008443,00ALHE,E99999999,E01001694,E02000313,5,7B1,E00008443,E01001694,E02000313,E33033625,E38000244,E34004707,E35001510,A1,3A1,51.502352,0.109627,E37000051,,E23000001,11923,E56000010,E54000030
SE28 0NP,200510,,E99999999,E99999999,E09000011,E05000228,E43000201,0,545081,180350,1,E18000007,E40000003,E92000001,E12000007,5,E14000696,E15000007,E24000015,E30000234,E16000005,E09000011,00ALHE,E00008422,00ALHE,E99999999,E01001691,E02000314,5,7A3,E00176536,E01033739,E02000314,E33033629,E38000244,E34004707,E35001510,A1,3A2,51.503469,0.08893,E37000051,,E23000001,15162,E56000010,E54000030
SE2 9QY,198001,,E99999999,E99999999,E09000011,E05000214,E43000201,0,547068,179622,1,E18000007,E40000003,E92000001,E12000007,5,E14000696,E15000007,E24000015,E30000234,E16000005,E09000011,00ALGP,E00007826,00ALGP,E99999999,E01001575,E02000315,5,7A2,E00007826,E01001575,E02000315,E33033635,E38000244,E34004707,E35001510,A1,4A3,51.496415,0.117234,E37000051,,E23000001,2565,E56000010,E54000030
SE7 8SJ,201608,,E99999999,E99999999,E09000011,E05000230,E43000201,0,541305,179141,1,E18000007,E40000003,E92000001,E12000007,5,E14000718,E15000007,E24000015,E30000234,E16000005,E09000011,00ALHG,E00008497,00ALHG,E99999999,E01001709,E02000316,5,7B1,E00008497,E01001709,E02000316,E33029746,E38000244,E34004707,E35001510,A1,3A1,51.493562,0.034105,E37000051,,E23000001,5099,E56000010,E54000030
SE7 8ED,198001,,E99999999,E99999999,E09000011,E05000230,E43000201,0,542249,178205,1,E18000007,E40000003,E92000001,E12000007,5,E14000718,E15000007,E24000015,E30000234,E16000005,E09000011,00ALHG,E00008535,00ALHG,E99999999,E01001708,E02000317,5,7A2,E00008535,E01001708,E02000317,E33033651,E38000244,E34004707,E35001510,A1,4A3,51.484914,0.047291,E37000051,,E23000001,13833,E56000010,E54000030
SE18 1HW,198001,,E99999999,E99999999,E09000011,E05000226,E43000201,0,545711,178532,1,E18000007,E40000003,E92000001,E12000007,5,E14000696,E15000007,E24000015,E30000234,E16000005,E09000011,00ALHC,E00008341,00ALHC,E99999999,E01001677,E02000318,5,7B1,E00008341,E01001677,E02000318,E33033656,E38000244,E34004707,E35001510,A1,3A2,51.486972,0.09725,E37000051,,E23000001,14595,E56000010,E54000030
SE18 1PS,198001,,E99999999,E99999999,E09000011,E05000221,E43000201,0,545277,178232,1,E18000007,E40000003,E92000001,E12000007,5,E14000718,E15000007,E24000015,E30000234,E16000005,E09000011,00ALGX,E00008101,00ALGX,E99999999,E01001635,E02000319,5,7A3,E00008101,E01001635,E02000319,E33033658,E38000244,E34004707,E35001510,A1,4B1,51.484388,0.09088,E37000051,,E23000001,11906,E56000010,E54000030
SE2 0YL,198001,,E99999999,E99999999,E09000011,E05000214,E43000201,0,547317,178701,1,E18000007,E40000003,E92000001,E12000007,5,E14000696,E15000007,E24000015,E30000234,E16000005,E09000011,00ALGP,E00007811,00ALGP,E99999999,E01001574,E02000320,5,7B1,E00007811,E01001574,E02000320,E33033662,E38000244,E34004707,E35001510,A1,3A1,51.488075,0.120434,E37000051,,E23000001,4479,E56000010,E54000030
SE18 7SN,198001,,E99999999,E99999999,E09000011,E05000221,E43000201,0,544297,178198,1,E18000007,E40000003,E92000001,E12000007,5,E14000718,E15000007,E24000015,E30000234,E16000005,E09000011,00ALGX,E00008125,00ALGX,E99999999,E01001633,E02000321,5,7A2,E00008125,E01001633,E02000321,E33033665,E38000244,E34004707,E35001510,A1,4A3,51.484333,0.076763,E37000051,,E23000001,6202,E56000010,E54000030
SE18 2UL,198001,,E99999999,E99999999,E09000011,E05000229,E43000201,0,544430,177809,1,E18000007,E40000003,E92000001,E12000007,5,E14000718,E15000007,E24000015,E30000234,E16000005,E09000011,00ALHF,E00008484,00ALHF,E99999999,E01001704,E02000323,5,7B1,E00008484,E01001704,E02000323,E33033669,E38000244,E34004707,E35001510,A1,3A1,51.480804,0.078545,E37000051,,E23000001,11676,E56000010,E54000030
SE7 8BD,198001,,E99999999,E99999999,E09000011,E05000216,E43000201,0,541400,178274,1,E18000007,E40000003,E92000001,E12000007,5,E14000718,E15000007,E24000015,E30000234,E16000005,E09000011,00ALGR,E00007896,00ALGR,E99999999,E01001591,E02000324,5,7B2,E00007896,E01001591,E02000324,E33033671,E38000244,E34004707,E35001510,A1,3B1,51.485747,0.035099,E37000051,,E23000001,7189,E56000010,E54000030
SE7 7QB,198001,,E99999999,E99999999,E09000011,E05000216,E43000201,0,541218,178048,1,E18000007,E40000003,E92000001,E12000007,5,E14000718,E15000007,E24000015,E30000234,E16000005,E09000011,00ALGR,E00007905,00ALGR,E99999999,E01001590,E02000326,5,7B1,E00007905,E01001590,E02000326,E33033678,E38000244,E34004707,E35001510,A1,3A2,51.483761,0.032389,E37000051,,E23000001,15901,E56000010,E54000030
SE18 4DW,198001,,E99999999,E99999999,E09000011,E05000229,E43000201,0,543326,177752,1,E18000007,E40000003,E92000001,E12000007,5,E14000718,E15000007,E24000015,E30000234,E16000005,E09000011,00ALHF,E00008477,00ALHF,E99999999,E01001702,E02000327,5,7B1,E00008477,E01001702,E02000327,E33033679,E38000244,E34004707,E35001510,A1,3A1,51.480572,0.062607,E37000051,,E23000001,4923,E56000010,E54000030
SE3 7HD,198001,,E99999999,E99999999,E09000011,E05000215,E43000201,0,540426,177463,1,E18000007,E40000003,E92000001,E12000007,5,E14000718,E15000007,E24000015,E30000234,E16000005,E09000011,00ALGQ,E00007841,00ALGQ,E99999999,E01001581,E02000328,5,2A2,E00007841,E01001581,E02000328,E33033682,E38000244,E34004707,E35001510,A1,2C2,51.478702,0.020784,E37000051,,E23000001,13999,E56000010,E54000030
SE18 2ES,198001,,E99999999,E99999999,E09000011,E05000227,E43000201,0,545122,177017,1,E18000007,E40000003,E92000001,E12000007,5,E14000690,E15000007,E24000015,E30000234,E16000005,E09000011,00ALHD,E00008392,00ALHD,E99999999,E01001678,E02000329,5,6A2,E00008392,E01001678,E02000329,E33033684,E38000244,E34004707,E35001510,A1,4C1,51.47351,0.088151,E37000051,,E23000001,19867,E56000010,E54000030
SE3 8EQ,200308,,E99999999,E99999999,E09000011,E05000223,E43000201,0,542125,176626,1,E18000007,E40000003,E92000001,E12000007,5,E14000690,E15000007,E24000015,E30000234,E16000005,E09000011,00ALGZ,E00008228,00ALGZ,E99999999,E01001646,E02000331,5,7B1,E00008228,E01001646,E02000331,E33033688,E38000244,E34004707,E35001510,A1,3A1,51.470757,0.044871,E37000051,,E23000001,10745,E56000010,E54000030
SE18 3HQ,198001,,E99999999,E99999999,E09000011,E05000227,E43000201,0,543962,177204,1,E18000007,E40000003,E92000001,E12000007,5,E14000690,E15000007,E24000015,E30000234,E16000005,E09000011,00ALHD,E00008365,00ALHD,E99999999,E01001680,E02000332,5,4D1,E00008365,E01001680,E02000332,E33033691,E38000244,E34004707,E35001510,A1,6A1,51.475486,0.071537,E37000051,,E23000001,25987,E56000010,E54000030
SE3 0HA,198001,,E99999999,E99999999,E09000011,E05000215,E43000201,0,540555,176242,1,E18000007,E40000003,E92000001,E12000007,5,E14000718,E15000007,E24000015,E30000234,E16000005,E09000011,00ALGQ,E00007856,00ALGQ,E99999999,E01001582,E02000333,5,2B2,E00007856,E01001582,E02000333,E33033695,E38000244,E34004707,E35001510,A1,5B2,51.467698,0.02213,E37000051,,E23000001,11864,E56000010,E54000030
SE3 8NG,198001,,E99999999,E99999999,E09000011,E05000223,E43000201,0,542099,176366,1,E18000007,E40000003,E92000001,E12000007,5,E14000690,E15000007,E24000015,E30000234,E16000005,E09000011,00ALGZ,E00008192,00ALGZ,E99999999,E01001648,E02000334,5,6D1,E00008192,E01001648,E02000334,E33033696,E38000244,E34004707,E35001510,A1,4C1,51.468427,0.044393,E37000051,,E23000001,15054,E56000010,E54000030
SE9 1RH,198001,,E99999999,E99999999,E09000011,E05000218,E43000201,0,543679,175655,1,E18000007,E40000003,E92000001,E12000007,5,E14000690,E15000007,E24000015,E30000234,E16000005,E09000011,00ALGT,E00008005,00ALGT,E99999999,E01001605,E02000335,5,6A2,E00008005,E01001605,E02000335,E33033699,E38000244,E34004707,E35001510,A1,6B1,51.461639,0.066835,E37000051,,E23000001,28074,E56000010,E54000030
SE9 6HX,198001,,E99999999,E99999999,E09000011,E05000220,E43000201,0,541736,175334,1,E18000007,E40000003,E92000001,E12000007,5,E14000690,E15000007,E24000015,E30000234,E16000005,E09000011,00ALGW,E00008068,00ALGW,E99999999,E01001623,E02000337,5,1A2,E00008068,E01001623,E02000337,E33033701,E38000244,E34004707,E35001510,A1,8D2,51.459244,0.038757,E37000051,,E23000001,10924,E56000010,E54000030
SE9 1JB,198001,,E99999999,E99999999,E09000011,E05000218,E43000201,0,543370,174570,1,E18000007,E40000003,E92000001,E12000007,5,E14000690,E15000007,E24000015,E30000234,E16000005,E09000011,00ALGT,E00007990,00ALGT,E99999999,E01001609,E02000339,5,5A2,E00007990,E01001609,E02000339,E33033703,E38000244,E34004707,E35001510,A1,7D1,51.451968,0.061977,E37000051,,E23000001,12789,E56000010,E54000030
SE9 5EY,198001,,E99999999,E99999999,E09000011,E05000224,E43000201,0,542257,174238,1,E18000007,E40000003,E92000001,E12000007,5,E14000690,E15000007,E24000015,E30000234,E16000005,E09000011,00ALHA,E00008244,00ALHA,E99999999,E01001655,E02000341,5,5C3,E00008244,E01001655,E02000341,E33033713,E38000244,E34004707,E35001510,A1,7A3,51.449265,0.045811,E37000051,,E23000001,3586,E56000010,E54000030
DA15 8DZ,198001,,E99999999,E99999999,E09000011,E05000219,E43000201,0,544925,173789,1,E18000007,E40000003,E92000001,E12000007,5,E14000690,E15000007,E24000015,E30000234,E16000005,E09000011,00ALGU,E00008037,00ALGU,E99999999,E01001618,E02000342,5,1B1,E00008037,E01001618,E02000342,E33033717,E38000244,E34004707,E35001510,A1,8D2,51.444555,0.083995,E37000051,,E23000001,11623,E56000010,E54000030
SE9 3AG,198001,,E99999999,E99999999,E09000011,E05000217,E43000201,0,543044,172964,1,E18000007,E40000003,E92000001,E12000007,5,E14000690,E15000007,E24000015,E30000234,E16000005,E09000011,00ALGS,E00007937,00ALGS,E99999999,E01001598,E02000343,5,6A2,E00007937,E01001598,E02000343,E33033718,E38000244,E34004707,E35001510,A1,5A2,51.43762,0.056614,E37000051,,E23000001,19780,E56000010,E54000030
SE9 3JU,198001,,E99999999,E99999999,E09000011,E05000217,E43000201,0,544153,172341,1,E18000007,E40000003,E92000001,E12000007,5,E14000690,E15000007,E24000015,E30000234,E16000005,E09000011,00ALGS,E00007959,00ALGS,E99999999,E01001601,E02000344,5,6D1,E00007959,E01001601,E02000344,E33033720,E38000244,E34004707,E35001510,A1,5A2,51.431741,0.072305,E37000051,,E23000001,23383,E56000010,E54000030
N16 5AF,198001,,E99999999,E99999999,E09000012,E05009383,E43000202,1,533481,187911,1,E18000007,E40000003,E92000001,E12000007,5,E14000720,E15000007,E24000015,E30000234,E16000010,E09000012,00AMGP,E00009036,00AMGP,E99999999,E01001809,E02000345,5,7B1,E00009036,E01001809,E02000345,E33029775,E38000255,E34004707,E35000973,A1,3A2,51.574271,-0.075233,E37000051,,E23000001,9795,E56000028,E54000029
N4 2NF,201502,,E99999999,E99999999,E09000012,E05009387,E43000202,0,532202,187476,1,E18000007,E40000003,E92000001,E12000007,5,E14000720,E15000007,E24000015,E30000234,E16000010,E09000012,00AMGA,E00008578,00AMGA,E99999999,E01001721,E02000346,5,7B1,E00008578,E01033701,E02000346,E33033730,E38000255,E34004707,E35000973,A1,3B3,51.570663,-0.093841,E37000051,,E23000001,2578,E56000028,E54000029
N16 5BL,198001,,E99999999,E99999999,E09000012,E05009385,E43000202,1,533176,187061,1,E18000007,E40000003,E92000001,E12000007,5,E14000720,E15000007,E24000015,E30000234,E16000010,E09000012,00AMGN,E00008974,00AMGN,E99999999,E01001802,E02000347,5,7B1,E00008974,E01001802,E02000347,E33033733,E38000255,E34004707,E35000973,A1,3D2,51.566707,-0.079927,E37000051,,E23000001,6460,E56000028,E54000029
N16 6LL,198001,,E99999999,E99999999,E09000012,E05009368,E43000202,0,534081,187299,1,E18000007,E40000003,E92000001,E12000007,5,E14000720,E15000007,E24000015,E30000234,E16000010,E09000012,00AMGB,E00008587,00AMGB,E99999999,E01001725,E02000348,5,7A3,E00008587,E01001725,E02000348,E33033735,E38000255,E34004707,E35000973,A1,3D1,51.568629,-0.066813,E37000051,,E23000001,9853,E56000028,E54000029
N16 6PJ,198001,,E99999999,E99999999,E09000012,E05009368,E43000202,0,533994,187010,1,E18000007,E40000003,E92000001,E12000007,5,E14000720,E15000007,E24000015,E30000234,E16000010,E09000012,00AMGB,E00008600,00AMGB,E99999999,E01001723,E02000350,5,7B1,E00008600,E01001723,E02000350,E33033740,E38000255,E34004707,E35000973,A1,3D1,51.566053,-0.068178,E37000051,,E23000001,12151,E56000028,E54000029
N4 2XG,198001,,E99999999,E99999999,E09000012,E05009367,E43000202,0,532230,186499,1,E18000007,E40000003,E92000001,E12000007,5,E14000720,E15000007,E24000015,E30000234,E16000010,E09000012,00AMGA,E00008572,00AMGA,E99999999,E01001719,E02000351,5,7B2,E00008572,E01001719,E02000351,E33033748,E38000255,E34004707,E35000973,A1,3B1,51.561877,-0.093805,E37000051,,E23000001,5629,E56000028,E54000029
N16 0HZ,198106,,E99999999,E99999999,E09000012,E05009369,E43000202,0,532874,186745,1,E18000007,E40000003,E92000001,E12000007,5,E14000720,E15000007,E24000015,E30000234,E16000010,E09000012,00AMGN,E00008998,00AMGN,E99999999,E01001803,E02000352,5,7B1,E00008998,E01001803,E02000352,E33033751,E38000255,E34004707,E35000973,A1,3D2,51.563938,-0.084401,E37000051,,E23000001,18241,E56000028,E54000029
N16 7HE,198001,,E99999999,E99999999,E09000012,E05009385,E43000202,0,533664,186631,1,E18000007,E40000003,E92000001,E12000007,5,E14000720,E15000007,E24000015,E30000234,E16000010,E09000012,00AMGS,E00009143,00AMGS,E99999999,E01001831,E02000353,5,2A2,E00009143,E01001831,E02000353,E33033759,E38000255,E34004707,E35000973,A1,2D3,51.562725,-0.07308,E37000051,,E23000001,8414,E56000028,E54000029
E5 8NY,200112,,E99999999,E99999999,E09000012,E05009373,E43000202,0,534470,185896,1,E18000007,E40000003,E92000001,E12000007,5,E14000720,E15000007,E24000015,E30000234,E16000010,E09000012,00AMGH,E00008797,00AMGH,E99999999,E01001766,E02000354,5,7B1,E00008797,E01033713,E02000354,E33033765,E38000255,E34004707,E35000973,A1,3D1,51.555929,-0.06174,E37000051,,E23000001,5892,E56000028,E54000029
E5 0RJ,198001,,E99999999,E99999999,E09000012,E05009380,E43000202,0,535339,185802,1,E18000007,E40000003,E92000001,E12000007,5,E14000720,E15000007,E24000015,E30000234,E16000010,E09000012,00AMGM,E00008953,00AMGM,E99999999,E01001793,E02000355,5,7A3,E00008953,E01001793,E02000355,E33033766,E38000255,E34004707,E35000973,A1,4A3,51.554877,-0.049249,E37000051,,E23000001,10841,E56000028,E54000029
N16 9AP,198001,,E99999999,E99999999,E09000012,E05009369,E43000202,0,532677,186002,1,E18000007,E40000003,E92000001,E12000007,5,E14000720,E15000007,E24000015,E30000234,E16000010,E09000012,00AMGD,E00008661,00AMGD,E99999999,E01001737,E02000356,5,7B1,E00008661,E01001737,E02000356,E33033771,E38000255,E34004707,E35000973,A1,2D2,51.557306,-0.087548,E37000051,,E23000001,11026,E56000028,E54000029
E9 5QD,198001,,E99999999,E99999999,E09000012,E05009379,E43000202,0,536397,185338,1,E18000007,E40000003,E92000001,E12000007,5,E14000721,E15000007,E24000015,E30000234,E16000010,E09000012,00AMGL,E00008940,00AMGL,E99999999,E01001786,E02000357,5,7B2,E00008940,E01001786,E02000357,E33033775,E38000255,E34004707,E35000973,A1,3B1,51.550453,-0.034178,E37000051,,E23000001,4889,E56000028,E54000029
N16 7XN,198001,,E99999999,E99999999,E09000012,E05009382,E43000202,0,533577,185322,1,E18000007,E40000003,E92000001,E12000007,5,E14000720,E15000007,E24000015,E30000234,E16000010,E09000012,00AMGE,E00008697,00AMGE,E99999999,E01001747,E02000358,5,7B1,E00176313,E01001747,E02000358,E33033783,E38000255,E34004707,E35000973,A1,2B2,51.550983,-0.074831,E37000051,,E23000001,7514,E56000028,E54000029
E5 0JP,198001,,E99999999,E99999999,E09000012,E05009379,E43000202,0,535757,185954,1,E18000007,E40000003,E92000001,E12000007,5,E14000721,E15000007,E24000015,E30000234,E16000010,E09000012,00AMGL,E00008915,00AMGL,E99999999,E01001789,E02000359,5,7B1,E00008915,E01001789,E02000359,E33033785,E38000255,E34004707,E35000973,A1,3D2,51.556144,-0.043138,E37000051,,E23000001,9211,E56000028,E54000029
E8 2BD,198001,,E99999999,E99999999,E09000012,E05009382,E43000202,0,534184,185564,1,E18000007,E40000003,E92000001,E12000007,5,E14000720,E15000007,E24000015,E30000234,E16000010,E09000012,00AMGE,E00008716,00AMGE,E99999999,E01001746,E02000360,5,7B2,E00008716,E01001746,E02000360,E33033790,E38000255,E34004707,E35000973,A1,3B1,51.553014,-0.065989,E37000051,,E23000001,5801,E56000028,E54000029
E8 1JG,198001,,E99999999,E99999999,E09000012,E05009372,E43000202,0,534804,185175,1,E18000007,E40000003,E92000001,E12000007,5,E14000721,E15000007,E24000015,E30000234,E16000010,E09000012,00AMGG,E00008790,00AMGG,E99999999,E01001760,E02000361,5,7B1,E00008790,E01001760,E02000361,E33033795,E38000255,E34004707,E35000973,A1,3A1,51.54937,-0.057201,E37000051,,E23000001,4504,E56000028,E54000029
E9 5JS,198001,,E99999999,E99999999,E09000012,E05009374,E43000202,0,536840,184874,1,E18000007,E40000003,E92000001,E12000007,5,E14000721,E15000007,E24000015,E30000234,E16000010,E09000012,00AMGU,E00009195,00AMGU,E99999999,E01001846,E02000362,5,7B1,E00009195,E01001846,E02000362,E33033801,E38000255,E34004707,E35000973,A1,3A1,51.546176,-0.027973,E37000051,,E23000001,2705,E56000028,E54000029
E9 5AQ,200509,,E99999999,E99999999,E09000012,E05009376,E43000202,0,535646,184724,1,E18000007,E40000003,E92000001,E12000007,5,E14000721,E15000007,E24000015,E30000234,E16000010,E09000012,00AMGC,E00008622,00AMGC,E99999999,E01001730,E02000363,5,7B2,E00008622,E01001730,E02000363,E33033804,E38000255,E34004707,E35000973,A1,3B1,51.545117,-0.045212,E37000051,,E23000001,2897,E56000028,E54000029
E8 2FR,201709,,E99999999,E99999999,E09000012,E05009370,E43000202,0,533902,184923,1,E18000007,E40000003,E92000001,E12000007,5,E14000720,E15000007,E24000015,E30000234,E16000010,E09000012,00AMGE,E00008703,00AMGE,E99999999,E01001748,E02000364,5,7B1,E00176301,E01001748,E02000364,E33033809,E38000255,E34004707,E35000973,A1,3B3,51.547322,-0.070271,E37000051,,E23000001,6737,E56000028,E54000029
E8 3HY,198001,,E99999999,E99999999,E09000012,E05009381,E43000202,0,533647,184407,1,E18000007,E40000003,E92000001,E12000007,5,E14000721,E15000007,E24000015,E30000234,E16000010,E09000012,00AMGQ,E00009048,00AMGQ,E99999999,E01001817,E02000365,5,7B1,E00009048,E01033707,E02000365,E33033820,E38000255,E34004707,E35000973,A1,3B3,51.542744,-0.074169,E37000051,,E23000001,6864,E56000028,E54000029
E9 7LN,198001,,E99999999,E99999999,E09000012,E05009386,E43000202,0,535281,184280,1,E18000007,E40000003,E92000001,E12000007,5,E14000721,E15000007,E24000015,E30000234,E16000010,E09000012,00AMGT,E00009186,00AMGT,E99999999,E01001840,E02000366,5,7B2,E00009186,E01001840,E02000366,E33033826,E38000255,E34004707,E35000973,A1,3B1,51.541214,-0.05067,E37000051,,E23000001,4256,E56000028,E54000029
E9 7HF,198001,,E99999999,E99999999,E09000012,E05009386,E43000202,0,535131,183714,1,E18000007,E40000003,E92000001,E12000007,5,E14000721,E15000007,E24000015,E30000234,E16000010,E09000012,00AMGT,E00009177,00AMGT,E99999999,E01001837,E02000367,5,7A3,E00009177,E01001837,E02000367,E33033834,E38000255,E34004707,E35000973,A1,2D2,51.536163,-0.053049,E37000051,,E23000001,16914,E56000028,E54000029
E2 8RA,198001,,E99999999,E99999999,E09000012,E05009375,E43000202,0,534320,183350,1,E18000007,E40000003,E92000001,E12000007,5,E14000721,E15000007,E24000015,E30000234,E16000010,E09000012,00AMGJ,E00008828,00AMGJ,E99999999,E01001775,E02000368,5,7B1,E00008828,E01001775,E02000368,E33033838,E38000255,E34004707,E35001078,A1,3D3,51.533086,-0.064873,E37000051,,E23000001,4495,E56000028,E54000029
E2 8LJ,198001,,E99999999,E99999999,E09000012,E05009375,E43000202,0,533787,183268,1,E18000007,E40000003,E92000001,E12000007,5,E14000721,E15000007,E24000015,E30000234,E16000010,E09000012,00AMGJ,E00008854,00AMGJ,E99999999,E01001776,E02000369,5,7B2,E00008854,E01001776,E02000369,E33033846,E38000255,E34004707,E35000973,A1,3B1,51.532475,-0.072584,E37000051,,E23000001,2862,E56000028,E54000029
N1 7SZ,200206,,E99999999,E99999999,E09000012,E05009378,E43000202,0,532209,183246,1,E18000007,E40000003,E92000001,E12000007,5,E14000721,E15000007,E24000015,E30000234,E16000010,E09000012,00AMGK,E00008876,00AMGK,E99999999,E01001782,E02000370,5,2A2,E00176243,E01001782,E02000370,E33033849,E38000255,E34004707,E35000973,A1,2D3,51.532649,-0.095329,E37000051,,E23000001,13505,E56000028,E54000029
N1 6TL,198001,,E99999999,E99999999,E09000012,E05009378,E43000202,0,532867,183133,1,E18000007,E40000003,E92000001,E12000007,5,E14000721,E15000007,E24000015,E30000234,E16000010,E09000012,00AMGK,E00008900,00AMGK,E99999999,E01001778,E02000371,5,7B1,E00008900,E01033709,E02000371,E33033858,E38000255,E34004707,E35000973,A1,3B3,51.531479,-0.085891,E37000051,,E23000001,6366,E56000028,E54000029
W12 7RQ,198001,,E99999999,E99999999,E09000013,E05000253,E43000203,0,523460,180728,1,E18000007,E40000003,E92000001,E12000007,5,E14000726,E15000007,E24000013,E30000234,E16000030,E09000013,00ANGD,E00009365,00ANGD,E99999999,E01001874,E02000372,5,7B1,E00009365,E01001874,E02000372,E33029783,E38000256,E34004707,E35000839,A1,3A1,51.511999,-0.222277,E37000051,,E23000001,11438,E56000021,E54000027
W12 0SN,198001,,E99999999,E99999999,E09000013,E05000265,E43000203,0,522406,180682,1,E18000007,E40000003,E92000001,E12000007,5,E14000726,E15000007,E24000013,E30000234,E16000030,E09000013,00ANGR,E00009806,00ANGR,E99999999,E01001955,E02000373,5,7B1,E00009806,E01001955,E02000373,E33033867,E38000256,E34004707,E35000839,A1,4A3,51.511814,-0.237474,E37000051,,E23000001,4877,E56000021,E54000027
W12 0TL,198001,,E99999999,E99999999,E09000013,E05000265,E43000203,0,521873,180777,1,E18000007,E40000003,E92000001,E12000007,5,E14000726,E15000007,E24000013,E30000234,E16000030,E09000013,00ANGR,E00009803,00ANGR,E99999999,E01001959,E02000374,5,7A2,E00009803,E01001959,E02000374,E33033869,E38000256,E34004707,E35000839,A1,3A1,51.512783,-0.245118,E37000051,,E23000001,4238,E56000021,E54000027
W12 7FW,201710,,E99999999,E99999999,E09000013,E05000263,E43000203,0,523192,180497,1,E18000007,E40000003,E92000001,E12000007,5,E14000726,E15000007,E24000013,E30000234,E16000030,E09000013,00ANGP,E00009729,00ANGP,E99999999,E01001943,E02000375,5,7B1,E00009729,E01001943,E02000375,E33029831,E38000256,E34004707,E35000839,A1,3B3,51.509982,-0.226194,E37000051,,E23000001,6650,E56000021,E54000027
W12 8JL,198001,,E99999999,E99999999,E09000013,E05000263,E43000203,0,522972,179949,1,E18000007,E40000003,E92000001,E12000007,5,E14000726,E15000007,E24000013,E30000234,E16000030,E09000013,00ANGP,E00009753,00ANGP,E99999999,E01001941,E02000376,5,7B1,E00009753,E01001941,E02000376,E33033874,E38000256,E34004707,E35000839,A1,3D3,51.505105,-0.229554,E37000051,,E23000001,7925,E56000021,E54000027
W12 9JN,198001,,E99999999,E99999999,E09000013,E05000251,E43000203,0,522463,179709,1,E18000007,E40000003,E92000001,E12000007,5,E14000726,E15000007,E24000013,E30000234,E16000030,E09000013,00ANGB,E00009298,00ANGB,E99999999,E01001858,E02000377,5,7B1,E00009298,E01001858,E02000377,E33033879,E38000256,E34004707,E35000839,A1,3D3,51.503059,-0.236967,E37000051,,E23000001,7701,E56000021,E54000027
W6 7NE,198001,,E99999999,E99999999,E09000013,E05000250,E43000203,0,523495,179686,1,E18000007,E40000003,E92000001,E12000007,5,E14000726,E15000007,E24000013,E30000234,E16000030,E09000013,00ANGA,E00009267,00ANGA,E99999999,E01001854,E02000378,5,2A2,E00009267,E01001854,E02000378,E33033887,E38000256,E34004707,E35000839,A1,2D3,51.502626,-0.222138,E37000051,,E23000001,15003,E56000021,E54000027
W12 9PF,198001,,E99999999,E99999999,E09000013,E05000261,E43000203,0,522200,179301,1,E18000007,E40000003,E92000001,E12000007,5,E14000726,E15000007,E24000013,E30000234,E16000030,E09000013,00ANGM,E00009645,00ANGM,E99999999,E01001930,E02000379,5,7A3,E00009645,E01001930,E02000379,E33033892,E38000256,E34004707,E35000839,A1,4A3,51.499449,-0.240896,E37000051,,E23000001,7537,E56000021,E54000027
W6 0BB,198001,,E99999999,E99999999,E09000013,E05000256,E43000203,0,522827,179246,1,E18000007,E40000003,E92000001,E12000007,5,E14000726,E15000007,E24000013,E30000234,E16000030,E09000013,00ANGG,E00009472,00ANGG,E99999999,E01001895,E02000380,5,7A3,E00009472,E01001895,E02000380,E33033898,E38000256,E34004707,E35000839,A1,3D2,51.498817,-0.23191,E37000051,,E23000001,14790,E56000021,E54000027
W14 0HW,198710,,E99999999,E99999999,E09000013,E05000250,E43000203,0,523744,179267,1,E18000007,E40000003,E92000001,E12000007,5,E14000726,E15000007,E24000013,E30000234,E16000030,E09000013,00ANGA,E00009250,00ANGA,E99999999,E01001851,E02000381,5,2A2,E00009250,E01001851,E02000381,E33033901,E38000256,E34004707,E35000839,A1,2D3,51.498807,-0.218675,E37000051,,E23000001,20771,E56000021,E54000027
W6 0UG,198001,,E99999999,E99999999,E09000013,E05000261,E43000203,0,522532,178874,1,E18000007,E40000003,E92000001,E12000007,5,E14000726,E15000007,E24000013,E30000234,E16000030,E09000013,00ANGM,E00009648,00ANGM,E99999999,E01001928,E02000382,5,7A3,E00009648,E01001928,E02000382,E33033909,E38000256,E34004707,E35000839,A1,3D2,51.495538,-0.236287,E37000051,,E23000001,13864,E56000021,E54000027
W14 0JQ,199109,,E99999999,E99999999,E09000013,E05000252,E43000203,0,524170,178924,1,E18000007,E40000003,E92000001,E12000007,5,E14000726,E15000007,E24000013,E30000234,E16000030,E09000013,00ANGC,E00009340,00ANGC,E99999999,E01001871,E02000383,5,2A2,E00009340,E01001871,E02000383,E33033917,E38000256,E34004707,E35000839,A1,2D3,51.49563,-0.212686,E37000051,,E23000001,21856,E56000021,E54000027
W6 0PH,198001,,E99999999,E99999999,E09000013,E05000256,E43000203,0,523083,178919,1,E18000007,E40000003,E92000001,E12000007,5,E14000726,E15000007,E24000013,E30000234,E16000030,E09000013,00ANGG,E00009461,00ANGG,E99999999,E01001898,E02000384,5,7B1,E00009461,E01001898,E02000384,E33033933,E38000256,E34004707,E35000839,A1,3D3,51.495823,-0.228338,E37000051,,E23000001,12598,E56000021,E54000027
W14 9JP,198001,,E99999999,E99999999,E09000013,E05000258,E43000203,0,524461,178211,1,E18000007,E40000003,E92000001,E12000007,5,E14000726,E15000007,E24000013,E30000234,E16000030,E09000013,00ANGJ,E00009557,00ANGJ,E99999999,E01001914,E02000385,5,7B1,E00009557,E01001914,E02000385,E33033937,E38000256,E34004707,E35000839,A1,3D3,51.489159,-0.208747,E37000051,,E23000001,14365,E56000021,E54000027
W14 9NN,200304,,E99999999,E99999999,E09000013,E05000258,E43000203,0,524806,178322,1,E18000007,E40000003,E92000001,E12000007,5,E14000726,E15000007,E24000013,E30000234,E16000030,E09000013,00ANGJ,E00009560,00ANGJ,E99999999,E01001911,E02000386,5,7B2,E00009560,E01001911,E02000386,E33029817,E38000256,E34004707,E35000839,A1,3A1,51.49008,-0.203742,E37000051,,E23000001,6011,E56000021,E54000027
W6 8HU,198001,,E99999999,E99999999,E09000013,E05000255,E43000203,0,523988,177963,1,E18000007,E40000003,E92000001,E12000007,5,E14000726,E15000007,E24000013,E30000234,E16000030,E09000013,00ANGF,E00009442,00ANGF,E99999999,E01001892,E02000387,5,7B1,E00009442,E01001892,E02000387,E33033946,E38000256,E34004707,E35000839,A1,3D3,51.487034,-0.215643,E37000051,,E23000001,8819,E56000021,E54000027
SW6 7UF,198001,,E99999999,E99999999,E09000013,E05000254,E43000203,0,524987,177467,1,E18000007,E40000003,E92000001,E12000007,5,E14000629,E15000007,E24000013,E30000234,E16000030,E09000013,00ANGE,E00009419,00ANGE,E99999999,E01001881,E02000388,5,7B1,E00009419,E01001881,E02000388,E33029792,E38000256,E34004707,E35000839,A1,3D3,51.482357,-0.201415,E37000051,,E23000001,18973,E56000021,E54000027
SW6 6PD,198203,,E99999999,E99999999,E09000013,E05000259,E43000203,0,523495,177196,1,E18000007,E40000003,E92000001,E12000007,5,E14000629,E15000007,E24000013,E30000234,E16000030,E09000013,00ANGK,E00009591,00ANGK,E99999999,E01001917,E02000389,5,2B2,E00009591,E01001917,E02000389,E33033956,E38000256,E34004707,E35000839,A1,2D2,51.480248,-0.223008,E37000051,,E23000001,18372,E56000021,E54000027
SW6 7JW,198001,,E99999999,E99999999,E09000013,E05000257,E43000203,0,524460,176995,1,E18000007,E40000003,E92000001,E12000007,5,E14000629,E15000007,E24000013,E30000234,E16000030,E09000013,00ANGH,E00009536,00ANGH,E99999999,E01001901,E02000390,5,7B1,E00009536,E01001901,E02000390,E33033963,E38000256,E34004707,E35000839,A1,2D2,51.478231,-0.20919,E37000051,,E23000001,23507,E56000021,E54000027
SW6 2HN,198001,,E99999999,E99999999,E09000013,E05000260,E43000203,0,525734,177105,1,E18000007,E40000003,E92000001,E12000007,5,E14000629,E15000007,E24000013,E30000234,E16000030,E09000013,00ANGL,E00009608,00ANGL,E99999999,E01001921,E02000391,5,7A3,E00009608,E01001921,E02000391,E33033971,E38000256,E34004707,E35000839,A1,3D2,51.478938,-0.190815,E37000051,,E23000001,15164,E56000021,E54000027
SW6 4TQ,198001,,E99999999,E99999999,E09000013,E05000264,E43000203,1,525040,176569,1,E18000007,E40000003,E92000001,E12000007,5,E14000629,E15000007,E24000013,E30000234,E16000030,E09000013,00ANGQ,E00009785,00ANGQ,E99999999,E01001948,E02000392,5,7A3,E00167279,E01001948,E02000392,E33033974,E38000256,E34004707,E35000839,A1,3B3,51.474274,-0.200993,E37000051,,E23000001,19353,E56000021,E54000027
SW6 5EH,198001,,E99999999,E99999999,E09000013,E05000257,E43000203,0,524230,176611,1,E18000007,E40000003,E92000001,E12000007,5,E14000629,E15000007,E24000013,E30000234,E16000030,E09000013,00ANGH,E00009508,00ANGH,E99999999,E01001906,E02000393,5,2A2,E00009508,E01001906,E02000393,E33033985,E38000256,E34004707,E35000839,A1,2D2,51.47483,-0.212635,E37000051,,E23000001,24988,E56000021,E54000027
SW6 2FT,201202,,E99999999,E99999999,E09000013,E05000262,E43000203,0,526207,176706,1,E18000007,E40000003,E92000001,E12000007,5,E14000629,E15000007,E24000013,E30000234,E16000030,E09000013,00ANGN,E00009704,00ANGN,E99999999,E01001939,E02000394,5,7B1,E00167275,E01001939,E02000394,E33031691,E38000256,E34004707,E35000839,A1,3B3,51.475247,-0.18415,E37000051,,E23000001,13510,E56000021,E54000027
SW6 4LW,199101,,E99999999,E99999999,E09000013,E05000264,E43000203,0,524543,176407,1,E18000007,E40000003,E92000001,E12000007,5,E14000629,E15000007,E24000013,E30000234,E16000030,E09000013,00ANGQ,E00009790,00ANGQ,E99999999,E01001952,E02000395,5,2A2,E00009790,E01001952,E02000395,E33033994,E38000256,E34004707,E35000839,A1,2D3,51.472928,-0.208202,E37000051,,E23000001,18223,E56000021,E54000027
SW6 3HF,198001,,E99999999,E99999999,E09000013,E05000262,E43000203,0,525804,175749,1,E18000007,E40000003,E92000001,E12000007,5,E14000629,E15000007,E24000013,E30000234,E16000030,E09000013,00ANGN,E00009695,00ANGN,E99999999,E01001938,E02000396,5,7B1,E00009695,E01001938,E02000396,E33034003,E38000256,E34004707,E35000839,A1,3D2,51.466736,-0.19029,E37000051,,E23000001,9309,E56000021,E54000027
N22 8YE,199806,,E99999999,E99999999,E09000014,E05000267,E43000204,0,530380,191337,1,E18000007,E40000003,E92000001,E12000007,5,E14000752,E15000007,E24000012,E30000234,E16000013,E09000014,00APGB,E00009901,00APGB,E99999999,E01001974,E02000397,5,7A3,E00009901,E01001974,E02000397,E33034004,E38000240,E34004707,E35000478,A1,3A2,51.605786,-0.118658,E37000051,,E23000001,14821,E56000027,E54000028
N17 0RD,198001,,E99999999,E99999999,E09000014,E05000276,E43000204,0,534756,191212,1,E18000007,E40000003,E92000001,E12000007,5,E14001002,E15000007,E24000012,E30000234,E16000013,E09000014,00APGL,E00010223,00APGL,E99999999,E01002039,E02000398,5,7B2,E00010223,E01002039,E02000398,E33034009,E38000240,E34004707,E35000478,A1,3B1,51.603631,-0.055579,E37000051,,E23000001,1411,E56000027,E54000028
N11 2QD,198001,,E99999999,E99999999,E09000014,E05000267,E43000204,0,529848,191168,1,E18000007,E40000003,E92000001,E12000007,5,E14000752,E15000007,E24000012,E30000234,E16000013,E09000014,00APGB,E00009904,00APGB,E99999999,E01001973,E02000400,5,7A3,E00009904,E01001973,E02000400,E33034014,E38000240,E34004707,E35000478,A1,4C2,51.604388,-0.126423,E37000051,,E23000001,15884,E56000027,E54000028
N17 7BP,198001,,E99999999,E99999999,E09000014,E05000283,E43000204,0,532671,191078,1,E18000007,E40000003,E92000001,E12000007,5,E14001002,E15000007,E24000012,E30000234,E16000013,E09000014,00APGT,E00010529,00APGT,E99999999,E01002096,E02000401,5,7A2,E00010529,E01002096,E02000401,E33034016,E38000240,E34004707,E35000478,A1,4A3,51.602922,-0.085718,E37000051,,E23000001,3397,E56000027,E54000028
N17 7QR,198001,,E99999999,E99999999,E09000014,E05000283,E43000204,0,533097,190574,1,E18000007,E40000003,E92000001,E12000007,5,E14001002,E15000007,E24000012,E30000234,E16000013,E09000014,00APGT,E00010502,00APGT,E99999999,E01002095,E02000402,5,7B1,E00010502,E01002095,E02000402,E33034019,E38000240,E34004707,E35000478,A1,3A1,51.598292,-0.079762,E37000051,,E23000001,2671,E56000027,E54000028
N22 5ND,198001,,E99999999,E99999999,E09000014,E05000284,E43000204,0,531143,190516,1,E18000007,E40000003,E92000001,E12000007,5,E14000752,E15000007,E24000012,E30000234,E16000013,E09000014,00APGU,E00010568,00APGU,E99999999,E01002105,E02000403,5,7B1,E00010568,E01002105,E02000403,E33034025,E38000240,E34004707,E35000478,A1,3A2,51.598229,-0.107978,E37000051,,E23000001,9038,E56000027,E54000028
N22 5BT,198001,,E99999999,E99999999,E09000014,E05000284,E43000204,0,531604,190931,1,E18000007,E40000003,E92000001,E12000007,5,E14000752,E15000007,E24000012,E30000234,E16000013,E09000014,00APGU,E00010547,00APGU,E99999999,E01002103,E02000404,5,7A3,E00010547,E01002103,E02000404,E33034027,E38000240,E34004707,E35000478,A1,4C2,51.601851,-0.101171,E37000051,,E23000001,10425,E56000027,E54000028
N10 2QG,198001,,E99999999,E99999999,E09000014,E05000266,E43000204,0,529223,190356,1,E18000007,E40000003,E92000001,E12000007,5,E14000752,E15000007,E24000012,E30000234,E16000013,E09000014,00APGA,E00009851,00APGA,E99999999,E01001966,E02000405,5,6D1,E00009851,E01001966,E02000405,E33034032,E38000240,E34004707,E35000478,A1,4C3,51.597234,-0.135742,E37000051,,E23000001,20730,E56000027,E54000028
N22 6RX,198001,,E99999999,E99999999,E09000014,E05000275,E43000204,0,532112,190424,1,E18000007,E40000003,E92000001,E12000007,5,E14000752,E15000007,E24000012,E30000234,E16000013,E09000014,00APGK,E00010202,00APGK,E99999999,E01002028,E02000406,5,7A3,E00010202,E01002028,E02000406,E33034033,E38000240,E34004707,E35000478,A1,3A2,51.597178,-0.094006,E37000051,,E23000001,9520,E56000027,E54000028
N17 1GA,202010,,E99999999,E99999999,E09000014,E05000268,E43000204,1,533675,190096,1,E18000007,E40000003,E92000001,E12000007,5,E14001002,E15000007,E24000012,E30000234,E16000013,E09000014,00APGC,E00009940,00APGC,E99999999,E01001979,E02000407,5,7B1,E00009940,E01001979,E02000407,E33034036,E38000240,E34004707,E35000478,A1,3A2,51.593862,-0.071579,E37000051,,E23000001,3861,E56000027,E54000028
N17 9ET,198001,,E99999999,E99999999,E09000014,E05000281,E43000204,0,533918,189803,1,E18000007,E40000003,E92000001,E12000007,5,E14001002,E15000007,E24000012,E30000234,E16000013,E09000014,00APGR,E00010451,00APGR,E99999999,E01002081,E02000408,5,7B2,E00010451,E01002081,E02000408,E33034041,E38000240,E34004707,E35000478,A1,3B1,51.591169,-0.068209,E37000051,,E23000001,2971,E56000027,E54000028
N17 6PE,198001,,E99999999,E99999999,E09000014,E05000282,E43000204,0,532747,189527,1,E18000007,E40000003,E92000001,E12000007,5,E14001002,E15000007,E24000012,E30000234,E16000013,E09000014,00APGS,E00010492,00APGS,E99999999,E01002086,E02000409,5,7B1,E00010492,E01002086,E02000409,E33034044,E38000240,E34004707,E35000478,A1,3D1,51.588968,-0.085182,E37000051,,E23000001,6661,E56000027,E54000028
N10 2LA,198001,,E99999999,E99999999,E09000014,E05000266,E43000204,0,529095,190024,1,E18000007,E40000003,E92000001,E12000007,5,E14000752,E15000007,E24000012,E30000234,E16000013,E09000014,00APGA,E00009833,00APGA,E99999999,E01001967,E02000410,5,2B2,E00009833,E01001967,E02000410,E33034050,E38000240,E34004707,E35000478,A1,2D2,51.59428,-0.137711,E37000051,,E23000001,25963,E56000027,E54000028
N17 9NF,198001,,E99999999,E99999999,E09000014,E05000281,E43000204,0,534849,189617,1,E18000007,E40000003,E92000001,E12000007,5,E14001002,E15000007,E24000012,E30000234,E16000013,E09000014,00APGR,E00010434,00APGR,E99999999,E01002078,E02000411,5,2A2,E00010434,E01002078,E02000411,E33034054,E38000240,E34004707,E35000478,A1,3B3,51.589278,-0.054824,E37000051,,E23000001,6136,E56000027,E54000028
N22 6BH,198001,,E99999999,E99999999,E09000014,E05000275,E43000204,0,531404,189730,1,E18000007,E40000003,E92000001,E12000007,5,E14000752,E15000007,E24000012,E30000234,E16000013,E09000014,00APGK,E00010194,00APGK,E99999999,E01002031,E02000412,5,7B1,E00010194,E01002031,E02000412,E33029848,E38000240,E34004707,E35000478,A1,3A2,51.591107,-0.104481,E37000051,,E23000001,6590,E56000027,E54000028
N2 9NB,198001,,E99999999,E99999999,E09000014,E05000270,E43000204,0,527913,189521,1,E18000007,E40000003,E92000001,E12000007,5,E14000752,E15000007,E24000012,E30000234,E16000013,E09000014,00APGE,E00009990,00APGE,E99999999,E01001993,E02000413,5,6B2,E00009990,E01001993,E02000413,E33034063,E38000240,E34004707,E35000478,A1,5A3,51.590032,-0.154923,E37000051,,E23000001,28651,E56000027,E54000028
N17 6LG,198001,,E99999999,E99999999,E09000014,E05000268,E43000204,0,532754,189715,1,E18000007,E40000003,E92000001,E12000007,5,E14001002,E15000007,E24000012,E30000234,E16000013,E09000014,00APGC,E00009911,00APGC,E99999999,E01001983,E02000414,5,7A3,E00009911,E01001983,E02000414,E33034066,E38000240,E34004707,E35000478,A1,4A3,51.590654,-0.085036,E37000051,,E23000001,9236,E56000027,E54000028
N15 3LR,198001,,E99999999,E99999999,E09000014,E05000282,E43000204,0,532026,189519,1,E18000007,E40000003,E92000001,E12000007,5,E14001002,E15000007,E24000012,E30000234,E16000013,E09000014,00APGS,E00010489,00APGS,E99999999,E01002087,E02000415,5,7A3,E00010489,E01002087,E02000415,E33034070,E38000240,E34004707,E35000478,A1,3D1,51.589066,-0.095587,E37000051,,E23000001,5776,E56000027,E54000028
N8 7PD,198001,,E99999999,E99999999,E09000014,E05000273,E43000204,0,530247,189245,1,E18000007,E40000003,E92000001,E12000007,5,E14000752,E15000007,E24000012,E30000234,E16000013,E09000014,00APGH,E00010135,00APGH,E99999999,E01002015,E02000416,5,7B1,E00010135,E01002015,E02000416,E33034075,E38000240,E34004707,E35000478,A1,3B3,51.587018,-0.121353,E37000051,,E23000001,9999,E56000027,E54000028
N10 3NQ,199706,,E99999999,E99999999,E09000014,E05000274,E43000204,0,528684,189334,1,E18000007,E40000003,E92000001,E12000007,5,E14000752,E15000007,E24000012,E30000234,E16000013,E09000014,00APGJ,E00010146,00APGJ,E99999999,E01002023,E02000417,5,2B2,E00010146,E01002023,E02000417,E33034080,E38000240,E34004707,E35000478,A1,3D2,51.588173,-0.143894,E37000051,,E23000001,18466,E56000027,E54000028
N8 7HR,198001,,E99999999,E99999999,E09000014,E05000274,E43000204,0,529529,189294,1,E18000007,E40000003,E92000001,E12000007,5,E14000752,E15000007,E24000012,E30000234,E16000013,E09000014,00APGJ,E00010144,00APGJ,E99999999,E01002021,E02000418,5,2B2,E00010144,E01002021,E02000418,E33034082,E38000240,E34004707,E35000478,A1,5A3,51.587623,-0.131692,E37000051,,E23000001,24077,E56000027,E54000028
N8 0JD,198001,,E99999999,E99999999,E09000014,E05000271,E43000204,0,531370,189457,1,E18000007,E40000003,E92000001,E12000007,5,E14001002,E15000007,E24000012,E30000234,E16000013,E09000014,00APGF,E00010032,00APGF,E99999999,E01001998,E02000419,5,7B1,E00010032,E01001998,E02000419,E33034087,E38000240,E34004707,E35000478,A1,3D1,51.588659,-0.105099,E37000051,,E23000001,16516,E56000027,E54000028
N15 4GD,202010,,E99999999,E99999999,E09000014,E05000280,E43000204,0,533178,189288,1,E18000007,E40000003,E92000001,E12000007,5,E14001002,E15000007,E24000012,E30000234,E16000013,E09000014,00APGQ,E00010411,00APGQ,E99999999,E01002070,E02000420,5,7A3,E00010411,E01002070,E02000420,E33034093,E38000240,E34004707,E35000478,A1,3A2,51.586719,-0.079055,E37000051,,E23000001,10051,E56000027,E54000028
N15 5NY,198001,,E99999999,E99999999,E09000014,E05000280,E43000204,0,533504,188654,1,E18000007,E40000003,E92000001,E12000007,5,E14001002,E15000007,E24000012,E30000234,E16000013,E09000014,00APGQ,E00010400,00APGQ,E99999999,E01002072,E02000421,5,7B1,E00010400,E01002072,E02000421,E33034098,E38000240,E34004707,E35000478,A1,3A1,51.580944,-0.074593,E37000051,,E23000001,5544,E56000027,E54000028
N15 3AW,200708,,E99999999,E99999999,E09000014,E05000277,E43000204,0,532490,189024,1,E18000007,E40000003,E92000001,E12000007,5,E14001002,E15000007,E24000012,E30000234,E16000013,E09000014,00APGM,E00010263,00APGM,E99999999,E01002049,E02000422,5,7A3,E00010263,E01002049,E02000422,E33034101,E38000240,E34004707,E35000478,A1,3D1,51.584506,-0.089105,E37000051,,E23000001,7343,E56000027,E54000028
N15 3PL,198001,,E99999999,E99999999,E09000014,E05000277,E43000204,0,531863,189295,1,E18000007,E40000003,E92000001,E12000007,5,E14001002,E15000007,E24000012,E30000234,E16000013,E09000014,00APGM,E00010287,00APGM,E99999999,E01002048,E02000423,5,7B1,E00010287,E01002048,E02000423,E33034105,E38000240,E34004707,E35000478,A1,3A2,51.587091,-0.098022,E37000051,,E23000001,10638,E56000027,E54000028
N8 9RN,198001,,E99999999,E99999999,E09000014,E05000273,E43000204,0,530582,188646,1,E18000007,E40000003,E92000001,E12000007,5,E14000752,E15000007,E24000012,E30000234,E16000013,E09000014,00APGH,E00010109,00APGH,E99999999,E01002016,E02000424,5,7B1,E00010109,E01002016,E02000424,E33034111,E38000240,E34004707,E35000478,A1,3D2,51.581554,-0.116768,E37000051,,E23000001,13101,E56000027,E54000028
N15 6TP,198001,,E99999999,E99999999,E09000014,E05000278,E43000204,0,533853,188412,1,E18000007,E40000003,E92000001,E12000007,5,E14001002,E15000007,E24000012,E30000234,E16000013,E09000014,00APGN,E00010332,00APGN,E99999999,E01002050,E02000425,5,7A3,E00010332,E01002050,E02000425,E33034113,E38000240,E34004707,E35000478,A1,4A3,51.578685,-0.069677,E37000051,,E23000001,11791,E56000027,E54000028
N6 4QA,198001,,E99999999,E99999999,E09000014,E05000272,E43000204,0,528180,188069,1,E18000007,E40000003,E92000001,E12000007,5,E14000752,E15000007,E24000012,E30000234,E16000013,E09000014,00APGG,E00010079,00APGG,E99999999,E01002010,E02000426,5,2B2,E00010079,E01002010,E02000426,E33034118,E38000240,E34004707,E35000478,A1,2D2,51.576923,-0.1516,E37000051,,E23000001,14235,E56000027,E54000028
N8 0BL,198001,,E99999999,E99999999,E09000014,E05000271,E43000204,0,531476,188752,1,E18000007,E40000003,E92000001,E12000007,5,E14001002,E15000007,E24000012,E30000234,E16000013,E09000014,00APGF,E00010051,00APGF,E99999999,E01002000,E02000427,5,7A3,E00010051,E01002000,E02000427,E33034122,E38000240,E34004707,E35000478,A1,3D2,51.582299,-0.103834,E37000051,,E23000001,15505,E56000027,E54000028
N15 6HP,198001,,E99999999,E99999999,E09000014,E05000278,E43000204,0,532973,188183,1,E18000007,E40000003,E92000001,E12000007,5,E14001002,E15000007,E24000012,E30000234,E16000013,E09000014,00APGN,E00010305,00APGN,E99999999,E01002054,E02000428,5,7B1,E00010305,E01002054,E02000428,E33034128,E38000240,E34004707,E35000478,A1,3A2,51.576835,-0.082456,E37000051,,E23000001,5281,E56000027,E54000028
N6 5TT,198001,,E99999999,E99999999,E09000014,E05000269,E43000204,0,529038,188070,1,E18000007,E40000003,E92000001,E12000007,5,E14000752,E15000007,E24000012,E30000234,E16000013,E09000014,00APGD,E00009968,00APGD,E99999999,E01001987,E02000429,5,2A2,E00009968,E01001987,E02000429,E33034130,E38000240,E34004707,E35000478,A1,2D1,51.576736,-0.139225,E37000051,,E23000001,25129,E56000027,E54000028
N8 8AG,198001,,E99999999,E99999999,E09000014,E05000269,E43000204,0,529997,188158,1,E18000007,E40000003,E92000001,E12000007,5,E14000752,E15000007,E24000012,E30000234,E16000013,E09000014,00APGD,E00009966,00APGD,E99999999,E01001990,E02000430,5,2A2,E00170297,E01001990,E02000430,E33031718,E38000240,E34004707,E35000478,A1,2D2,51.577307,-0.125361,E37000051,,E23000001,18313,E56000027,E54000028
N6 5JJ,198001,,E99999999,E99999999,E09000014,E05000272,E43000204,0,528595,187366,1,E18000007,E40000003,E92000001,E12000007,5,E14000752,E15000007,E24000012,E30000234,E16000013,E09000014,00APGG,E00010097,00APGG,E99999999,E01002009,E02000431,5,2B2,E00010097,E01002009,E02000431,E33034144,E38000240,E34004707,E35000478,A1,2D1,51.570508,-0.145898,E37000051,,E23000001,21826,E56000027,E54000028
N4 4PP,198001,,E99999999,E99999999,E09000014,E05000279,E43000204,0,531238,187618,1,E18000007,E40000003,E92000001,E12000007,5,E14000752,E15000007,E24000012,E30000234,E16000013,E09000014,00APGP,E00010360,00APGP,E99999999,E01002063,E02000432,5,7B1,E00010360,E01002063,E02000432,E33034148,E38000240,E34004707,E35000478,A1,3B1,51.572164,-0.10769,E37000051,,E23000001,12876,E56000027,E54000028
HA7 3AG,198001,,E99999999,E99999999,E09000015,E05000303,E43000205,0,516559,192586,1,E18000007,E40000003,E92000001,E12000007,5,E14000731,E15000007,E24000013,E30000234,E16000046,E09000015,00AQGS,E00011116,00AQGS,E99999999,E01002225,E02000433,5,4D1,E00011116,E01002225,E02000433,E33034153,E38000256,E34004707,E35001108,A1,5B1,51.620037,-0.317748,E37000051,,E23000001,28358,E56000021,E54000027
HA8 7TW,198001,,E99999999,E99999999,E09000015,E05000286,E43000205,0,518803,192092,1,E18000007,E40000003,E92000001,E12000007,5,E14000731,E15000007,E24000013,E30000234,E16000046,E09000015,00AQFZ,E00010604,00AQFZ,E99999999,E01002116,E02000434,5,2A2,E00010604,E01002116,E02000434,E33034156,E38000256,E34004707,E35001108,A1,3D1,51.615128,-0.285517,E37000051,,E23000001,26311,E56000021,E54000027
HA7 3LQ,198001,,E99999999,E99999999,E09000015,E05000303,E43000205,0,516162,192057,1,E18000007,E40000003,E92000001,E12000007,5,E14000731,E15000007,E24000013,E30000234,E16000046,E09000015,00AQGS,E00011117,00AQGS,E99999999,E01002228,E02000435,5,7A3,E00011117,E01002228,E02000435,E33034161,E38000256,E34004707,E35001108,A1,4C3,51.615364,-0.323655,E37000051,,E23000001,20166,E56000021,E54000027
HA3 6RB,198001,,E99999999,E99999999,E09000015,E05000290,E43000205,0,514516,191397,1,E18000007,E40000003,E92000001,E12000007,5,E14000731,E15000007,E24000013,E30000234,E16000046,E09000015,00AQGD,E00010751,00AQGD,E99999999,E01002144,E02000436,5,7A3,E00010751,E01002144,E02000436,E33034166,E38000256,E34004707,E35001108,A1,4C2,51.609769,-0.347633,E37000051,,E23000001,20101,E56000021,E54000027
HA3 6BT,198001,,E99999999,E99999999,E09000015,E05000290,E43000205,0,515528,191593,1,E18000007,E40000003,E92000001,E12000007,5,E14000731,E15000007,E24000013,E30000234,E16000046,E09000015,00AQGD,E00010747,00AQGD,E99999999,E01002145,E02000437,5,4D2,E00010747,E01002145,E02000437,E33034169,E38000256,E34004707,E35001108,A1,4C3,51.611324,-0.332961,E37000051,,E23000001,18154,E56000021,E54000027
HA5 4TL,198001,,E99999999,E99999999,E09000015,E05000291,E43000205,0,511934,190816,1,E18000007,E40000003,E92000001,E12000007,5,E14000906,E15000007,E24000013,E30000234,E16000046,E09000015,00AQGE,E00010760,00AQGE,E99999999,E01002152,E02000438,5,4D1,E00010760,E01002152,E02000438,E33034173,E38000256,E34004707,E35001108,A1,6A1,51.605066,-0.38509,E37000051,,E23000001,28974,E56000021,E54000027
HA8 6JL,198001,,E99999999,E99999999,E09000015,E05000287,E43000205,0,518802,190764,1,E18000007,E40000003,E92000001,E12000007,5,E14000731,E15000007,E24000013,E30000234,E16000046,E09000015,00AQGA,E00010632,00AQGA,E99999999,E01002121,E02000439,5,7A3,E00010632,E01002121,E02000439,E33034178,E38000256,E34004707,E35001108,A1,4C2,51.603193,-0.285981,E37000051,,E23000001,22384,E56000021,E54000027
HA7 2HW,198001,,E99999999,E99999999,E09000015,E05000285,E43000205,0,516935,190543,1,E18000007,E40000003,E92000001,E12000007,5,E14000731,E15000007,E24000013,E30000234,E16000046,E09000015,00AQFY,E00010589,00AQFY,E99999999,E01002108,E02000440,5,4C3,E00010589,E01002108,E02000440,E33034181,E38000256,E34004707,E35001108,A1,4C2,51.601597,-0.313,E37000051,,E23000001,26452,E56000021,E54000027
HA5 3SA,198001,,E99999999,E99999999,E09000015,E05000297,E43000205,0,511366,190181,1,E18000007,E40000003,E92000001,E12000007,5,E14000906,E15000007,E24000013,E30000266,E16000046,E09000015,00AQGL,E00010956,00AQGL,E99999999,E01002186,E02000441,5,7B1,E00010956,E01002186,E02000441,E33034185,E38000256,E34004707,E35001108,A1,4B1,51.599471,-0.393489,E37000051,,E23000001,15554,E56000021,E54000027
HA8 6DN,198001,,E99999999,E99999999,E09000015,E05000287,E43000205,0,518932,190505,1,E18000007,E40000003,E92000001,E12000007,5,E14000731,E15000007,E24000013,E30000234,E16000046,E09000015,00AQGA,E00010637,00AQGA,E99999999,E01002124,E02000442,5,7A3,E00010637,E01002124,E02000442,E33034188,E38000256,E34004707,E35001108,A1,4C2,51.600838,-0.284193,E37000051,,E23000001,19547,E56000021,E54000027
HA3 7EU,198001,,E99999999,E99999999,E09000015,E05000304,E43000205,0,515240,190486,1,E18000007,E40000003,E92000001,E12000007,5,E14000731,E15000007,E24000013,E30000234,E16000046,E09000015,00AQGT,E00011148,00AQGT,E99999999,E01002233,E02000443,5,7A3,E00011148,E01002233,E02000443,E33034191,E38000256,E34004707,E35001108,A1,4C2,51.601434,-0.337481,E37000051,,E23000001,10857,E56000021,E54000027
HA3 9HH,198001,,E99999999,E99999999,E09000015,E05000299,E43000205,0,518213,189845,1,E18000007,E40000003,E92000001,E12000007,5,E14000731,E15000007,E24000013,E30000234,E16000046,E09000015,00AQGN,E00011015,00AQGN,E99999999,E01002202,E02000444,5,7B2,E00011015,E01002202,E02000444,E33034197,E38000256,E34004707,E35001108,A1,3A2,51.595058,-0.294791,E37000051,,E23000001,15836,E56000021,E54000027
HA3 7TJ,201312,,E99999999,E99999999,E09000015,E05000296,E43000205,0,515505,189756,1,E18000007,E40000003,E92000001,E12000007,5,E14000732,E15000007,E24000013,E30000234,E16000046,E09000015,00AQGK,E00010929,00AQGK,E99999999,E01002179,E02000445,5,7A3,E00010929,E01002179,E02000445,E33034201,E38000256,E34004707,E35001108,A1,4B1,51.594819,-0.333897,E37000051,,E23000001,13474,E56000021,E54000027
HA2 6DW,201701,,E99999999,E99999999,E09000015,E05000292,E43000205,0,514351,190027,1,E18000007,E40000003,E92000001,E12000007,5,E14000732,E15000007,E24000013,E30000234,E16000046,E09000015,00AQGF,E00010816,00AQGF,E99999999,E01002154,E02000447,5,7A3,E00010816,E01002154,E02000447,E33034203,E38000256,E34004707,E35001108,A1,4C2,51.597492,-0.350439,E37000051,,E23000001,21403,E56000021,E54000027
HA5 2AP,198001,,E99999999,E99999999,E09000015,E05000298,E43000205,0,511159,189810,1,E18000007,E40000003,E92000001,E12000007,5,E14000906,E15000007,E24000013,E30000266,E16000046,E09000015,00AQGM,E00010969,00AQGM,E99999999,E01002192,E02000448,5,7A3,E00010969,E01002192,E02000448,E33034206,E38000256,E34004707,E35001108,A1,4C3,51.596178,-0.396594,E37000051,,E23000001,28705,E56000021,E54000027
HA3 9PX,198001,,E99999999,E99999999,E09000015,E05000294,E43000205,0,518797,189048,1,E18000007,E40000003,E92000001,E12000007,5,E14000731,E15000007,E24000013,E30000234,E16000046,E09000015,00AQGH,E00010851,00AQGH,E99999999,E01002165,E02000449,5,7A3,E00010851,E01002165,E02000449,E33034210,E38000256,E34004707,E35001108,A1,4C2,51.587772,-0.286634,E37000051,,E23000001,19339,E56000021,E54000027
HA2 7RA,198001,,E99999999,E99999999,E09000015,E05000292,E43000205,0,513330,188680,1,E18000007,E40000003,E92000001,E12000007,5,E14000732,E15000007,E24000013,E30000266,E16000046,E09000015,00AQGF,E00010802,00AQGF,E99999999,E01002157,E02000451,5,7A3,E00010802,E01002157,E02000451,E33034212,E38000256,E34004707,E35001108,A1,4C2,51.58559,-0.36563,E37000051,,E23000001,23409,E56000021,E54000027
HA1 1QS,198001,,E99999999,E99999999,E09000015,E05000288,E43000205,0,515451,188601,1,E18000007,E40000003,E92000001,E12000007,5,E14000732,E15000007,E24000013,E30000234,E16000046,E09000015,00AQGB,E00010686,00AQGB,E99999999,E01002130,E02000452,5,7A3,E00010686,E01002130,E02000452,E33034220,E38000256,E34004707,E35001108,A1,4C2,51.58445,-0.335056,E37000051,,E23000001,11018,E56000021,E54000027
HA1 4QR,198001,,E99999999,E99999999,E09000015,E05000293,E43000205,0,514590,188603,1,E18000007,E40000003,E92000001,E12000007,5,E14000732,E15000007,E24000013,E30000234,E16000046,E09000015,00AQGG,E00010830,00AQGG,E99999999,E01002164,E02000453,5,7A3,E00010830,E01002164,E02000453,E33034222,E38000256,E34004707,E35001108,A1,4C3,51.584643,-0.347477,E37000051,,E23000001,26005,E56000021,E54000027
HA5 1HE,198109,,E99999999,E99999999,E09000015,E05000298,E43000205,0,511850,189046,1,E18000007,E40000003,E92000001,E12000007,5,E14000906,E15000007,E24000013,E30000266,E16000046,E09000015,00AQGM,E00010975,00AQGM,E99999999,E01002194,E02000454,5,2B1,E00010975,E01002194,E02000454,E33034226,E38000256,E34004707,E35001108,A1,5B1,51.589177,-0.386844,E37000051,,E23000001,30112,E56000021,E54000027
HA1 3AH,198001,,E99999999,E99999999,E09000015,E05000288,E43000205,0,515232,187897,1,E18000007,E40000003,E92000001,E12000007,5,E14000732,E15000007,E24000013,E30000266,E16000046,E09000015,00AQGB,E00010664,00AQGB,E99999999,E01002129,E02000455,5,2B2,E00010664,E01002129,E02000455,E33034228,E38000256,E34004707,E35001108,A1,3D1,51.578167,-0.338446,E37000051,,E23000001,16216,E56000021,E54000027
HA2 7BZ,198001,,E99999999,E99999999,E09000015,E05000305,E43000205,0,513691,188043,1,E18000007,E40000003,E92000001,E12000007,5,E14000732,E15000007,E24000013,E30000266,E16000046,E09000015,00AQGU,E00011177,00AQGU,E99999999,E01002242,E02000456,5,4D1,E00011177,E01002242,E02000456,E33034235,E38000256,E34004707,E35001108,A1,4C1,51.579792,-0.360628,E37000051,,E23000001,26617,E56000021,E54000027
HA5 5HZ,198001,,E99999999,E99999999,E09000015,E05000300,E43000205,0,512707,188365,1,E18000007,E40000003,E92000001,E12000007,5,E14000732,E15000007,E24000013,E30000266,E16000046,E09000015,00AQGP,E00011048,00AQGP,E99999999,E01002208,E02000457,5,4D1,E00011048,E01002208,E02000457,E33034239,E38000256,E34004707,E35001108,A1,6A1,51.582883,-0.374719,E37000051,,E23000001,30543,E56000021,E54000027
HA2 8AF,198001,,E99999999,E99999999,E09000015,E05000301,E43000205,0,513805,186530,1,E18000007,E40000003,E92000001,E12000007,5,E14000732,E15000007,E24000013,E30000266,E16000046,E09000015,00AQGQ,E00011061,00AQGQ,E99999999,E01002213,E02000459,5,7A3,E00011061,E01002213,E02000459,E33034240,E38000256,E34004707,E35001108,A1,4C2,51.566171,-0.359473,E37000051,,E23000001,16121,E56000021,E54000027
HA2 9NP,198001,,E99999999,E99999999,E09000015,E05000301,E43000205,0,512520,186647,1,E18000007,E40000003,E92000001,E12000007,5,E14000732,E15000007,E24000013,E30000266,E16000046,E09000015,00AQGQ,E00011056,00AQGQ,E99999999,E01002216,E02000460,5,7A3,E00011056,E01002216,E02000460,E33034246,E38000256,E34004707,E35001108,A1,4C2,51.56748,-0.377967,E37000051,,E23000001,21924,E56000021,E54000027
HA1 3GF,200905,,E99999999,E99999999,E09000015,E05000289,E43000205,0,515608,187501,1,E18000007,E40000003,E92000001,E12000007,5,E14000732,E15000007,E24000013,E30000266,E16000046,E09000015,00AQGC,E00010724,00AQGC,E99999999,E01002137,E02000461,5,7A3,E00010724,E01002137,E02000461,E33034247,E38000256,E34004707,E35001108,A1,5A2,51.574531,-0.333152,E37000051,,E23000001,30813,E56000021,E54000027
HA2 8PZ,198001,,E99999999,E99999999,E09000015,E05000302,E43000205,0,513475,186133,1,E18000007,E40000003,E92000001,E12000007,5,E14000732,E15000007,E24000013,E30000266,E16000046,E09000015,00AQGR,E00011107,00AQGR,E99999999,E01002218,E02000462,5,2B1,E00011107,E01002218,E02000462,E33034255,E38000256,E34004707,E35001108,A1,4C2,51.562669,-0.36436,E37000051,,E23000001,17413,E56000021,E54000027
HA2 9JZ,198402,,E99999999,E99999999,E09000015,E05000301,E43000205,0,512868,186224,1,E18000007,E40000003,E92000001,E12000007,5,E14000732,E15000007,E24000013,E30000266,E16000046,E09000015,00AQGQ,E00011070,00AQGQ,E99999999,E01002215,E02000463,5,7A2,E00011070,E01002215,E02000463,E33034258,E38000256,E34004707,E35001108,A1,4A3,51.563608,-0.373083,E37000051,,E23000001,9693,E56000021,E54000027
RM3 7QU,198001,,E99999999,E99999999,E09000016,E05000314,E43000206,0,553206,192094,1,E18000007,E40000003,E92000001,E12000007,5,E14000751,E15000007,E24000015,E30000234,E16000002,E09000016,00ARGL,E00011560,00ARGL,E99999999,E01002313,E02000464,5,1B1,E00011560,E01002313,E02000464,E33034260,E38000255,E34004707,E35001275,A1,8D2,51.606843,0.211015,E37000051,,E23000001,10387,E56000028,E54000029
RM3 9FD,201406,,E99999999,E99999999,E09000016,E05000310,E43000206,0,554382,191893,1,E18000007,E40000003,E92000001,E12000007,5,E14000751,E15000007,E24000015,E30000234,E16000002,E09000016,00ARGG,E00011383,00ARGG,E99999999,E01002281,E02000465,5,5B3,E00011383,E01002281,E02000465,E33034263,E38000255,E34004707,E35001275,A1,7A3,51.604717,0.227895,E37000051,,E23000001,6352,E56000028,E54000029
RM5 3YD,198001,,E99999999,E99999999,E09000016,E05000313,E43000206,0,550892,191903,1,E18000007,E40000003,E92000001,E12000007,5,E14000900,E15000007,E24000015,E30000234,E16000002,E09000016,00ARGK,E00011514,00ARGK,E99999999,E01002303,E02000466,5,1C3,E00166794,E01002303,E02000466,E33034265,E38000255,E34004707,E35001275,A1,5A2,51.605754,0.177571,E37000051,,E23000001,7536,E56000028,E54000029
RM3 8AN,198001,,E99999999,E99999999,E09000016,E05000310,E43000206,0,553944,191982,1,E18000007,E40000003,E92000001,E12000007,5,E14000751,E15000007,E24000015,E30000234,E16000002,E09000016,00ARGG,E00011396,00ARGG,E99999999,E01002282,E02000467,5,5C2,E00011396,E01002282,E02000467,E33034267,E38000255,E34004707,E35001275,A1,7A3,51.605638,0.22164,E37000051,,E23000001,4217,E56000028,E54000029
RM5 2JZ,201202,,E99999999,E99999999,E09000016,E05000313,E43000206,0,549497,191631,1,E18000007,E40000003,E92000001,E12000007,5,E14000900,E15000007,E24000015,E30000234,E16000002,E09000016,00ARGK,E00011521,00ARGK,E99999999,E01002308,E02000468,5,1A2,E00011521,E01002308,E02000468,E33034272,E38000255,E34004707,E35001275,A1,5A3,51.603682,0.157326,E37000051,,E23000001,11054,E56000028,E54000029
RM3 7DY,201302,,E99999999,E99999999,E09000016,E05000314,E43000206,0,552993,191273,1,E18000007,E40000003,E92000001,E12000007,5,E14000751,E15000007,E24000015,E30000234,E16000002,E09000016,00ARGL,E00011572,00ARGL,E99999999,E01002315,E02000469,5,5C1,E00011572,E01002315,E02000469,E33034275,E38000255,E34004707,E35001275,A1,7A3,51.599525,0.207584,E37000051,,E23000001,12112,E56000028,E54000029
RM3 0YT,198001,,E99999999,E99999999,E09000016,E05000312,E43000206,0,555759,191515,1,E18000007,E40000003,E92000001,E12000007,5,E14000751,E15000007,E24000015,E30000234,E16000002,E09000016,00ARGJ,E00011466,00ARGJ,E99999999,E01002296,E02000470,5,6D1,E00011466,E01002296,E02000470,E33034280,E38000255,E34004707,E35001275,A1,5A2,51.600944,0.247621,E37000051,,E23000001,20805,E56000028,E54000029
RM1 4SA,198001,,E99999999,E99999999,E09000016,E05000317,E43000206,0,551184,191552,1,E18000007,E40000003,E92000001,E12000007,5,E14000900,E15000007,E24000015,E30000234,E16000002,E09000016,00ARGP,E00011680,00ARGP,E99999999,E01002341,E02000471,5,4C2,E00011680,E01002341,E02000471,E33034283,E38000255,E34004707,E35001275,A1,6B1,51.602522,0.181633,E37000051,,E23000001,23558,E56000028,E54000029
RM5 3DS,198001,,E99999999,E99999999,E09000016,E05000317,E43000206,0,550250,190218,1,E18000007,E40000003,E92000001,E12000007,5,E14000900,E15000007,E24000015,E30000234,E16000002,E09000016,00ARGP,E00011662,00ARGP,E99999999,E01002335,E02000472,5,7B2,E00011662,E01002335,E02000472,E33034286,E38000255,E34004707,E35001275,A1,7A3,51.590784,0.167558,E37000051,,E23000001,17529,E56000028,E54000029
RM11 2FA,201511,,E99999999,E99999999,E09000016,E05000322,E43000206,0,553600,189672,1,E18000007,E40000003,E92000001,E12000007,5,E14000900,E15000007,E24000015,E30000234,E16000002,E09000016,00ARGU,E00011899,00ARGU,E99999999,E01002377,E02000473,5,5B3,E00011899,E01002377,E02000473,E33034289,E38000255,E34004707,E35001275,A1,4A3,51.584977,0.215667,E37000051,,E23000001,21172,E56000028,E54000029
RM7 7LN,200902,,E99999999,E99999999,E09000016,E05000306,E43000206,0,550744,188670,1,E18000007,E40000003,E92000001,E12000007,5,E14000900,E15000007,E24000015,E30000234,E16000002,E09000016,00ARGC,E00011227,00ARGC,E99999999,E01002244,E02000474,5,6D1,E00166778,E01002244,E02000474,E33034297,E38000255,E34004707,E35001275,A1,3D2,51.576743,0.17402,E37000051,,E23000001,15215,E56000028,E54000029
RM11 2EB,198001,,E99999999,E99999999,E09000016,E05000322,E43000206,0,553164,188904,1,E18000007,E40000003,E92000001,E12000007,5,E14000900,E15000007,E24000015,E30000234,E16000002,E09000016,00ARGU,E00011863,00ARGU,E99999999,E01002381,E02000475,5,4D2,E00011863,E01002381,E02000475,E33034302,E38000255,E34004707,E35001275,A1,6B1,51.578196,0.209044,E37000051,,E23000001,20683,E56000028,E54000029
RM1 2JH,198001,,E99999999,E99999999,E09000016,E05000319,E43000206,0,551566,188433,1,E18000007,E40000003,E92000001,E12000007,5,E14000900,E15000007,E24000015,E30000234,E16000002,E09000016,00ARGR,E00011763,00ARGR,E99999999,E01002356,E02000476,5,7B1,E00011763,E01002356,E02000476,E33029920,E38000255,E34004707,E35001275,A1,3C1,51.574396,0.185798,E37000051,,E23000001,6369,E56000028,E54000029
RM11 2AY,198001,,E99999999,E99999999,E09000016,E05000309,E43000206,0,553087,188450,1,E18000007,E40000003,E92000001,E12000007,5,E14000751,E15000007,E24000015,E30000234,E16000002,E09000016,00ARGF,E00011358,00ARGF,E99999999,E01002272,E02000477,5,6A2,E00011358,E01002272,E02000477,E33034316,E38000255,E34004707,E35001275,A1,6B2,51.574136,0.20771,E37000051,,E23000001,25437,E56000028,E54000029
RM11 3BF,201011,,E99999999,E99999999,E09000016,E05000309,E43000206,0,555093,188579,1,E18000007,E40000003,E92000001,E12000007,5,E14000751,E15000007,E24000015,E30000234,E16000002,E09000016,00ARGF,E00011326,00ARGF,E99999999,E01002271,E02000478,5,4D1,E00011326,E01002271,E02000478,E33034321,E38000255,E34004707,E35001275,A1,6A1,51.574747,0.23669,E37000051,,E23000001,27175,E56000028,E54000029
RM12 4AA,198001,,E99999999,E99999999,E09000016,E05000315,E43000206,0,552174,187059,1,E18000007,E40000003,E92000001,E12000007,5,E14000900,E15000007,E24000015,E30000234,E16000002,E09000016,00ARGM,E00011584,00ARGM,E99999999,E01002319,E02000479,5,6D2,E00011584,E01002319,E02000479,E33034324,E38000255,E34004707,E35001275,A1,5A2,51.561887,0.193971,E37000051,,E23000001,17177,E56000028,E54000029
RM7 1NE,201010,,E99999999,E99999999,E09000016,E05000306,E43000206,1,550536,187929,1,E18000007,E40000003,E92000001,E12000007,5,E14000900,E15000007,E24000015,E30000234,E16000002,E09000016,00ARGC,E00011236,00ARGC,E99999999,E01002249,E02000480,5,6D1,E00166784,E01002249,E02000480,E33031628,E38000255,E34004707,E35001275,A1,3A2,51.570143,0.170731,E37000051,,E23000001,13869,E56000028,E54000029
RM14 1HN,198001,,E99999999,E99999999,E09000016,E05000307,E43000206,0,557865,188052,1,E18000007,E40000003,E92000001,E12000007,5,E14000751,E15000007,E24000015,E30000234,E16000002,E09000016,00ARGD,E00011267,00ARGD,E99999999,E01002252,E02000481,5,4C2,E00011267,E01002252,E02000481,E33034336,E38000255,E34004707,E35001275,A1,6B2,51.569245,0.27645,E37000051,,E23000001,24057,E56000028,E54000029
RM14 1SF,198001,,E99999999,E99999999,E09000016,E05000307,E43000206,0,557016,187440,1,E18000007,E40000003,E92000001,E12000007,5,E14000751,E15000007,E24000015,E30000234,E16000002,E09000016,00ARGD,E00011250,00ARGD,E99999999,E01002254,E02000482,5,4B3,E00011250,E01002254,E02000482,E33034340,E38000255,E34004707,E35001275,A1,6B1,51.563984,0.263936,E37000051,,E23000001,32025,E56000028,E54000029
RM11 1JD,198001,,E99999999,E99999999,E09000016,E05000320,E43000206,0,553535,187528,1,E18000007,E40000003,E92000001,E12000007,5,E14000751,E15000007,E24000015,E30000234,E16000002,E09000016,00ARGS,E00011794,00ARGS,E99999999,E01002367,E02000483,5,6D2,E00011794,E01002367,E02000483,E33034347,E38000255,E34004707,E35001275,A1,5B1,51.56573,0.213767,E37000051,,E23000001,24902,E56000028,E54000029
RM11 1FL,199002,,E99999999,E99999999,E09000016,E05000315,E43000206,0,552820,187139,1,E18000007,E40000003,E92000001,E12000007,5,E14000900,E15000007,E24000015,E30000234,E16000002,E09000016,00ARGM,E00011573,00ARGM,E99999999,E01002321,E02000484,5,4B3,E00011573,E01002321,E02000484,E33034349,E38000255,E34004707,E35001275,A1,6A1,51.562431,0.203317,E37000051,,E23000001,25096,E56000028,E54000029
RM14 2PR,198001,,E99999999,E99999999,E09000016,E05000311,E43000206,0,554935,186263,1,E18000007,E40000003,E92000001,E12000007,5,E14000751,E15000007,E24000015,E30000234,E16000002,E09000016,00ARGH,E00011423,00ARGH,E99999999,E01002292,E02000485,5,6A2,E00011423,E01002292,E02000485,E33034354,E38000255,E34004707,E35001275,A1,6B3,51.553984,0.23342,E37000051,,E23000001,15963,E56000028,E54000029
RM12 5BH,198001,,E99999999,E99999999,E09000016,E05000311,E43000206,0,552842,185489,1,E18000007,E40000003,E92000001,E12000007,5,E14000751,E15000007,E24000015,E30000234,E16000002,E09000016,00ARGH,E00011443,00ARGH,E99999999,E01002287,E02000486,5,6A2,E00011443,E01002287,E02000486,E33034358,E38000255,E34004707,E35001275,A1,5A2,51.5476,0.202919,E37000051,,E23000001,25723,E56000028,E54000029
RM14 2LW,198001,,E99999999,E99999999,E09000016,E05000323,E43000206,0,555202,185935,1,E18000007,E40000003,E92000001,E12000007,5,E14000751,E15000007,E24000015,E30000234,E16000002,E09000016,00ARGW,E00011916,00ARGW,E99999999,E01002389,E02000487,5,4C2,E00011916,E01002389,E02000487,E33034363,E38000255,E34004707,E35001275,A1,6B3,51.550963,0.237123,E37000051,,E23000001,31077,E56000028,E54000029
RM12 6HS,198001,,E99999999,E99999999,E09000016,E05000311,E43000206,0,554128,186509,1,E18000007,E40000003,E92000001,E12000007,5,E14000751,E15000007,E24000015,E30000234,E16000002,E09000016,00ARGH,E00011419,00ARGH,E99999999,E01002290,E02000488,5,6D1,E00011419,E01002290,E02000488,E33034368,E38000255,E34004707,E35001275,A1,5A2,51.556415,0.221896,E37000051,,E23000001,27373,E56000028,E54000029
RM12 5DX,198001,,E99999999,E99999999,E09000016,E05000308,E43000206,0,552166,185562,1,E18000007,E40000003,E92000001,E12000007,5,E14000657,E15000007,E24000015,E30000234,E16000002,E09000016,00ARGE,E00011300,00ARGE,E99999999,E01002260,E02000489,5,1A2,E00011300,E01002260,E02000489,E33034369,E38000255,E34004707,E35001275,A1,8B1,51.548438,0.193209,E37000051,,E23000001,22086,E56000028,E54000029
RM13 7PA,198001,,E99999999,E99999999,E09000016,E05000308,E43000206,0,552489,184304,1,E18000007,E40000003,E92000001,E12000007,5,E14000657,E15000007,E24000015,E30000234,E16000002,E09000016,00ARGE,E00011291,00ARGE,E99999999,E01002267,E02000490,5,6A2,E00011291,E01002267,E02000490,E33034372,E38000255,E34004707,E35001275,A1,8B1,51.537047,0.197291,E37000051,,E23000001,10117,E56000028,E54000029
RM13 8ND,198001,,E99999999,E99999999,E09000016,E05000321,E43000206,0,551327,183496,1,E18000007,E40000003,E92000001,E12000007,5,E14000657,E15000007,E24000015,E30000234,E16000002,E09000016,00ARGT,E00011853,00ARGT,E99999999,E01002369,E02000491,5,1C3,E00011853,E01002369,E02000491,E33034377,E38000255,E34004707,E35001275,A1,4A1,51.5301,0.180231,E37000051,,E23000001,13245,E56000028,E54000029
RM13 9FR,201307,,E99999999,E99999999,E09000016,E05000318,E43000206,0,553459,183160,1,E18000007,E40000003,E92000001,E12000007,5,E14000657,E15000007,E24000015,E30000234,E16000002,E09000016,00ARGQ,E00011701,00ARGQ,E99999999,E01002349,E02000492,5,6D1,E00011701,E01002349,E02000492,E33034379,E38000255,E34004707,E35001275,A1,5A1,51.526506,0.210768,E37000051,,E23000001,20045,E56000028,E54000029
RM13 9AL,198001,,E99999999,E99999999,E09000016,E05000318,E43000206,0,552719,182123,1,E18000007,E40000003,E92000001,E12000007,5,E14000657,E15000007,E24000015,E30000234,E16000002,E09000016,00ARGQ,E00011718,00ARGQ,E99999999,E01002346,E02000493,5,1B1,E00011718,E01002346,E02000493,E33034381,E38000255,E34004707,E35001275,A1,4A1,51.51739,0.199689,E37000051,,E23000001,10436,E56000028,E54000029
HA6 3AN,198001,,E99999999,E99999999,E09000017,E05000335,E43000207,0,509315,192071,1,E18000007,E40000003,E92000001,E12000007,5,E14000906,E15000007,E24000013,E30000266,E16000007,E09000017,00ASGT,E00012339,00ASGT,E99999999,E01002476,E02000494,5,4D1,E00012339,E01002476,E02000494,E33034382,E38000256,E34004707,E35001255,A1,4C3,51.616864,-0.42248,E37000051,,E23000001,30955,E56000021,E54000027
HA5 3UB,198001,,E99999999,E99999999,E09000017,E05000336,E43000207,0,510750,190142,1,E18000007,E40000003,E92000001,E12000007,5,E14000906,E15000007,E24000013,E30000266,E16000007,E09000017,00ASGU,E00012379,00ASGU,E99999999,E01002483,E02000495,5,4D1,E00012379,E01002483,E02000495,E33034391,E38000256,E34004707,E35001255,A1,4C3,51.599242,-0.402392,E37000051,,E23000001,25352,E56000021,E54000027
UB9 6UX,199512,,E99999999,E99999999,E09000017,E05000330,E43000207,0,504934,191560,1,E18000007,E40000003,E92000001,E12000007,5,E14000906,E15000007,E24000013,E30000266,E16000007,E09000017,00ASGN,E00012152,00ASGN,E99999999,E01002438,E02000496,6,6B2,E00012152,E01002438,E02000496,E33034398,E38000256,E34999999,E35999999,D1,5B2,51.6131,-0.485907,E37000051,,E23000001,21531,E56000021,E54000027
HA5 2AU,198001,,E99999999,E99999999,E09000017,E05000336,E43000207,0,510960,189658,1,E18000007,E40000003,E92000001,E12000007,5,E14000906,E15000007,E24000013,E30000266,E16000007,E09000017,00ASGU,E00012355,00ASGU,E99999999,E01002480,E02000497,5,4D1,E00012355,E01002480,E02000497,E33034402,E38000256,E34004707,E35001255,A1,5B1,51.594851,-0.399514,E37000051,,E23000001,31432,E56000021,E54000027
HA4 7RE,198001,,E99999999,E99999999,E09000017,E05000343,E43000207,0,507994,188115,1,E18000007,E40000003,E92000001,E12000007,5,E14000906,E15000007,E24000013,E30000266,E16000007,E09000017,00ASHC,E00012610,00ASHC,E99999999,E01002533,E02000498,5,7A2,E00012610,E01002533,E02000498,E33034407,E38000256,E34004707,E35001255,A1,4A3,51.581558,-0.44279,E37000051,,E23000001,16920,E56000021,E54000027
HA4 9LS,201508,,E99999999,E99999999,E09000017,E05000327,E43000207,0,511238,187484,1,E18000007,E40000003,E92000001,E12000007,5,E14001007,E15000007,E24000013,E30000266,E16000007,E09000017,00ASGK,E00012066,00ASGK,E99999999,E01002419,E02000499,5,4D1,E00012066,E01002419,E02000499,E33034410,E38000256,E34004707,E35001255,A1,5B1,51.575257,-0.396191,E37000051,,E23000001,30025,E56000021,E54000027
HA4 8EF,198001,,E99999999,E99999999,E09000017,E05000329,E43000207,0,510106,187891,1,E18000007,E40000003,E92000001,E12000007,5,E14000906,E15000007,E24000013,E30000266,E16000007,E09000017,00ASGM,E00012118,00ASGM,E99999999,E01002435,E02000500,5,4B3,E00012118,E01002435,E02000500,E33034417,E38000256,E34004707,E35001255,A1,6A1,51.579137,-0.412391,E37000051,,E23000001,31339,E56000021,E54000027
HA4 8RG,198001,,E99999999,E99999999,E09000017,E05000327,E43000207,0,510533,187562,1,E18000007,E40000003,E92000001,E12000007,5,E14001007,E15000007,E24000013,E30000266,E16000007,E09000017,00ASGK,E00012064,00ASGK,E99999999,E01002417,E02000501,5,4D1,E00012064,E01002417,E02000501,E33034419,E38000256,E34004707,E35001255,A1,5B1,51.576096,-0.406335,E37000051,,E23000001,28823,E56000021,E54000027
HA4 6EG,198001,,E99999999,E99999999,E09000017,E05000334,E43000207,0,509585,186577,1,E18000007,E40000003,E92000001,E12000007,5,E14001007,E15000007,E24000013,E30000266,E16000007,E09000017,00ASGS,E00012299,00ASGS,E99999999,E01002467,E02000502,5,6D1,E00012299,E01002467,E02000502,E33034423,E38000256,E34004707,E35001255,A1,5A2,51.567428,-0.420317,E37000051,,E23000001,29710,E56000021,E54000027
HA4 0BS,198001,,E99999999,E99999999,E09000017,E05000334,E43000207,0,510242,186379,1,E18000007,E40000003,E92000001,E12000007,5,E14001007,E15000007,E24000013,E30000266,E16000007,E09000017,00ASGS,E00012304,00ASGS,E99999999,E01002468,E02000503,5,6A2,E00012304,E01002468,E02000503,E33034428,E38000256,E34004707,E35001255,A1,4C1,51.56552,-0.410904,E37000051,,E23000001,28529,E56000021,E54000027
UB10 8GE,202011,,E99999999,E99999999,E09000017,E05000333,E43000207,0,508007,186352,1,E18000007,E40000003,E92000001,E12000007,5,E14000906,E15000007,E24000013,E30000266,E16000007,E09000017,00ASGR,E00012254,00ASGR,E99999999,E01002460,E02000504,5,2B1,E00012254,E01002460,E02000504,E33034432,E38000256,E34004707,E35001255,A1,7A2,51.565712,-0.443123,E37000051,,E23000001,28811,E56000021,E54000027
UB10 8FU,201510,,E99999999,E99999999,E09000017,E05000333,E43000207,0,507346,185593,1,E18000007,E40000003,E92000001,E12000007,5,E14000906,E15000007,E24000013,E30000266,E16000007,E09000017,00ASGR,E00012270,00ASGR,E99999999,E01002463,E02000506,5,4B3,E00012270,E01002463,E02000506,E33034438,E38000256,E34004707,E35001255,A1,6A1,51.559016,-0.452887,E37000051,,E23000001,27916,E56000021,E54000027
UB10 9ES,198001,,E99999999,E99999999,E09000017,E05000332,E43000207,0,507779,184105,1,E18000007,E40000003,E92000001,E12000007,5,E14001007,E15000007,E24000013,E30000266,E16000007,E09000017,00ASGQ,E00012209,00ASGQ,E99999999,E01002453,E02000507,5,6C1,E00012209,E01002453,E02000507,E33034442,E38000256,E34004707,E35001255,A1,4C1,51.545557,-0.44712,E37000051,,E23000001,23046,E56000021,E54000027
UB8 3PQ,198704,,E99999999,E99999999,E09000017,E05000326,E43000207,0,506374,182495,1,E18000007,E40000003,E92000001,E12000007,5,E14001007,E15000007,E24000013,E30000266,E16000007,E09000017,00ASGJ,E00012014,00ASGJ,E99999999,E01002414,E02000508,5,2B2,E00176456,E01002414,E02000508,E33032157,E38000256,E34004707,E35001255,A1,2A1,51.531354,-0.467839,E37000051,,E23000001,26080,E56000021,E54000027
UB8 2RR,198001,,E99999999,E99999999,E09000017,E05000341,E43000207,0,504724,183002,1,E18000007,E40000003,E92000001,E12000007,5,E14001007,E15000007,E24000013,E30000266,E16000007,E09000017,00ASHA,E00012527,00ASHA,E99999999,E01002520,E02000509,5,6B2,E00012527,E01002520,E02000509,E33030026,E38000256,E34004707,E35001255,A1,4A2,51.536219,-0.491466,E37000051,,E23000001,14591,E56000021,E54000027
UB10 0LF,198001,,E99999999,E99999999,E09000017,E05000340,E43000207,0,507136,182906,1,E18000007,E40000003,E92000001,E12000007,5,E14001007,E15000007,E24000013,E30000266,E16000007,E09000017,00ASGZ,E00012503,00ASGZ,E99999999,E01002511,E02000510,5,6D1,E00012503,E01002511,E02000510,E33034456,E38000256,E34004707,E35001255,A1,4C3,51.534903,-0.456753,E37000051,,E23000001,11647,E56000021,E54000027
UB4 8DB,198001,,E99999999,E99999999,E09000017,E05000328,E43000207,0,509900,182733,1,E18000007,E40000003,E92000001,E12000007,5,E14000737,E15000007,E24000013,E30000266,E16000007,E09000017,00ASGL,E00012109,00ASGL,E99999999,E01002424,E02000511,5,4D1,E00012109,E01002424,E02000511,E33034463,E38000256,E34004707,E35001255,A1,4C1,51.532818,-0.416953,E37000051,,E23000001,20546,E56000021,E54000027
UB4 8PR,198001,,E99999999,E99999999,E09000017,E05000328,E43000207,0,508530,183215,1,E18000007,E40000003,E92000001,E12000007,5,E14000737,E15000007,E24000013,E30000266,E16000007,E09000017,00ASGL,E00012106,00ASGL,E99999999,E01002429,E02000512,5,7A2,E00012106,E01002429,E02000512,E33034469,E38000256,E34004707,E35001255,A1,4A3,51.537414,-0.436568,E37000051,,E23000001,7970,E56000021,E54000027
UB4 9JW,198001,,E99999999,E99999999,E09000017,E05000324,E43000207,0,510539,182735,1,E18000007,E40000003,E92000001,E12000007,5,E14000737,E15000007,E24000013,E30000266,E16000007,E09000017,00ASGG,E00011963,00ASGG,E99999999,E01002392,E02000513,5,5B3,E00011963,E01002392,E02000513,E33034471,E38000256,E34004707,E35001255,A1,4A3,51.53271,-0.407764,E37000051,,E23000001,5845,E56000021,E54000027
UB4 0QH,198001,,E99999999,E99999999,E09000017,E05000324,E43000207,0,510196,181626,1,E18000007,E40000003,E92000001,E12000007,5,E14000737,E15000007,E24000013,E30000266,E16000007,E09000017,00ASGG,E00011948,00ASGG,E99999999,E01002398,E02000514,5,7A3,E00011948,E01002398,E02000514,E33034472,E38000256,E34004707,E35001255,A1,4C2,51.522811,-0.413033,E37000051,,E23000001,13411,E56000021,E54000027
UB7 7FY,201111,,E99999999,E99999999,E09000017,E05000345,E43000207,0,505806,180601,1,E18000007,E40000003,E92000001,E12000007,5,E14001007,E15000007,E24000013,E30000266,E16000007,E09000017,00ASHE,E00012688,00ASHE,E99999999,E01002554,E02000515,5,2A2,E00012688,E01002554,E02000515,E33030042,E38000256,E34004707,E35001255,A1,3A2,51.514435,-0.476613,E37000051,,E23000001,9125,E56000021,E54000027
UB5 6FF,200506,,E99999999,E99999999,E09000017,E05000344,E43000207,0,512396,182328,1,E18000007,E40000003,E92000001,E12000007,5,E14000737,E15000007,E24000013,E30000266,E16000007,E09000017,00ASHD,E00012655,00ASHD,E99999999,E01002541,E02000516,5,6D1,E00176458,E01002541,E02000516,E33034482,E38000256,E34004707,E35001255,A1,4C2,51.528686,-0.381133,E37000051,,E23000001,19169,E56000021,E54000027
UB3 2QT,198001,,E99999999,E99999999,E09000017,E05000325,E43000207,0,508663,181547,1,E18000007,E40000003,E92000001,E12000007,5,E14000737,E15000007,E24000013,E30000266,E16000007,E09000017,00ASGH,E00011994,00ASGH,E99999999,E01002403,E02000517,5,7A3,E00011994,E01002403,E02000517,E33034483,E38000256,E34004707,E35001255,A1,4B1,51.522396,-0.435165,E37000051,,E23000001,9823,E56000021,E54000027
UB11 1FH,201901,,E99999999,E99999999,E09000017,E05000345,E43000207,0,507223,180220,1,E18000007,E40000003,E92000001,E12000007,5,E14001007,E15000007,E24000013,E30000266,E16000007,E09000017,00ASHE,E00012699,00ASHE,E99999999,E01002548,E02000518,5,5B3,E00012699,E01002548,E02000518,E33030046,E38000256,E34004707,E35001255,A1,4A1,51.510745,-0.456296,E37000051,,E23000001,7083,E56000021,E54000027
UB3 3AL,198001,,E99999999,E99999999,E09000017,E05000339,E43000207,0,510761,180600,1,E18000007,E40000003,E92000001,E12000007,5,E14000737,E15000007,E24000013,E30000266,E16000007,E09000017,00ASGY,E00012460,00ASGY,E99999999,E01002501,E02000519,5,4C3,E00012460,E01002501,E02000519,E33034492,E38000256,E34004707,E35001255,A1,4C2,51.513478,-0.405235,E37000051,,E23000001,13368,E56000021,E54000027
UB3 3FA,201206,,E99999999,E99999999,E09000017,E05000339,E43000207,0,510682,179982,1,E18000007,E40000003,E92000001,E12000007,5,E14000737,E15000007,E24000013,E30000266,E16000007,E09000017,00ASGY,E00012473,00ASGY,E99999999,E01002507,E02000520,5,7A1,E00012473,E01002507,E02000520,E33034498,E38000256,E34004707,E35001255,A1,4B1,51.507939,-0.406567,E37000051,,E23000001,13549,E56000021,E54000027
UB3 1PX,198001,,E99999999,E99999999,E09000017,E05000337,E43000207,0,508241,179013,1,E18000007,E40000003,E92000001,E12000007,5,E14000737,E15000007,E24000013,E30000266,E16000007,E09000017,00ASGW,E00012395,00ASGW,E99999999,E01002486,E02000521,5,1B2,E00012395,E01002486,E02000521,E33034502,E38000256,E34004707,E35001255,A1,4C2,51.499701,-0.442023,E37000051,,E23000001,10820,E56000021,E54000027
UB7 7UW,198001,,E99999999,E99999999,E09000017,E05000342,E43000207,0,506100,178638,1,E18000007,E40000003,E92000001,E12000007,5,E14000737,E15000007,E24000013,E30000266,E16000007,E09000017,00ASHB,E00012578,00ASHB,E99999999,E01002530,E02000522,5,5B3,E00012578,E01002530,E02000522,E33034504,E38000256,E34004707,E35001255,A1,4A1,51.496738,-0.472948,E37000051,,E23000001,5774,E56000021,E54000027
UB3 4AQ,198001,,E99999999,E99999999,E09000017,E05000337,E43000207,0,508860,178751,1,E18000007,E40000003,E92000001,E12000007,5,E14000737,E15000007,E24000013,E30000266,E16000007,E09000017,00ASGW,E00012411,00ASGW,E99999999,E01002490,E02000523,5,7A3,E00012411,E01002490,E02000523,E33034510,E38000256,E34004707,E35001255,A1,4C2,51.497229,-0.433169,E37000051,,E23000001,12914,E56000021,E54000027
UB7 7NH,198607,,E99999999,E99999999,E09000017,E05000342,E43000207,0,505586,179263,1,E18000007,E40000003,E92000001,E12000007,5,E14000737,E15000007,E24000013,E30000266,E16000007,E09000017,00ASHB,E00012570,00ASHB,E99999999,E01002527,E02000524,5,6D1,E00012570,E01002527,E02000524,E33034515,E38000256,E34004707,E35001255,A1,4C3,51.50245,-0.480182,E37000051,,E23000001,9202,E56000021,E54000027
UB3 5NH,198704,,E99999999,E99999999,E09000017,E05000331,E43000207,0,508485,177112,1,E18000007,E40000003,E92000001,E12000007,5,E14000737,E15000007,E24000013,E30000266,E16000007,E09000017,00ASGP,E00012199,00ASGP,E99999999,E01002449,E02000525,5,2B2,E00012199,E01002449,E02000525,E33029993,E38000256,E34004707,E35001255,A1,3A2,51.482568,-0.439093,E37000051,,E23000001,13247,E56000021,E54000027
W4 2HL,198001,,E99999999,E99999999,E09000018,E05000348,E43000208,0,521337,178301,1,E18000007,E40000003,E92000001,E12000007,5,E14000593,E15000007,E24000013,E30000234,E16000036,E09000018,00ATGA,E00012816,00ATGA,E99999999,E01002569,E02000526,5,7A3,E00012816,E01002569,E02000526,E33034521,E38000256,E34004707,E35001294,A1,2D2,51.490646,-0.253689,E37000051,,E23000001,25541,E56000021,E54000027
TW8 0EN,198001,,E99999999,E99999999,E09000018,E05000347,E43000208,0,518824,178117,1,E18000007,E40000003,E92000001,E12000007,5,E14000593,E15000007,E24000013,E30000266,E16000036,E09000018,00ATFZ,E00012764,00ATFZ,E99999999,E01002566,E02000528,5,7B1,E00012764,E01002566,E02000528,E33034535,E38000256,E34004707,E35001294,A1,3A1,51.489525,-0.28993,E37000051,,E23000001,6165,E56000021,E54000027
TW5 0UU,198001,,E99999999,E99999999,E09000018,E05000356,E43000208,0,513349,177839,1,E18000007,E40000003,E92000001,E12000007,5,E14000701,E15000007,E24000013,E30000266,E16000036,E09000018,00ATGJ,E00013057,00ATGJ,E99999999,E01002627,E02000529,5,7B2,E00013057,E01002627,E02000529,E33034537,E38000256,E34004707,E35001294,A1,3A1,51.48815,-0.368843,E37000051,,E23000001,8506,E56000021,E54000027
TW5 9LF,198001,,E99999999,E99999999,E09000018,E05000357,E43000208,0,511328,177251,1,E18000007,E40000003,E92000001,E12000007,5,E14000701,E15000007,E24000013,E30000266,E16000036,E09000018,00ATGK,E00013090,00ATGK,E99999999,E01002633,E02000530,5,7A2,E00013090,E01002633,E02000530,E33034540,E38000256,E34004707,E35001294,A1,4B1,51.483266,-0.398124,E37000051,,E23000001,4802,E56000021,E54000027
TW7 9EF,201812,,E99999999,E99999999,E09000018,E05000364,E43000208,1,517054,177215,1,E18000007,E40000003,E92000001,E12000007,5,E14000593,E15000007,E24000013,E30000266,E16000036,E09000018,00ATGS,E00013330,00ATGS,E99999999,E01002686,E02000531,5,7B1,E00013330,E01002686,E02000531,E33034542,E38000256,E34004707,E35001294,A1,4A3,51.481787,-0.315689,E37000051,,E23000001,4940,E56000021,E54000027
W4 4NT,198001,,E99999999,E99999999,E09000018,E05000365,E43000208,0,520714,178170,1,E18000007,E40000003,E92000001,E12000007,5,E14000593,E15000007,E24000013,E30000234,E16000036,E09000018,00ATGT,E00013368,00ATGT,E99999999,E01002690,E02000532,5,2B2,E00013368,E01002690,E02000532,E33034552,E38000256,E34004707,E35001294,A1,5A2,51.489602,-0.262703,E37000051,,E23000001,24196,E56000021,E54000027
W4 3NX,198001,,E99999999,E99999999,E09000018,E05000349,E43000208,0,519428,177871,1,E18000007,E40000003,E92000001,E12000007,5,E14000593,E15000007,E24000013,E30000234,E16000036,E09000018,00ATGB,E00012834,00ATGB,E99999999,E01002581,E02000533,5,7B1,E00012834,E01002581,E02000533,E33034559,E38000256,E34004707,E35001294,A1,3D2,51.487188,-0.281296,E37000051,,E23000001,22834,E56000021,E54000027
TW7 5NZ,199507,,E99999999,E99999999,E09000018,E05000363,E43000208,0,516042,177649,1,E18000007,E40000003,E92000001,E12000007,5,E14000593,E15000007,E24000013,E30000266,E16000036,E09000018,00ATGR,E00013306,00ATGR,E99999999,E01002678,E02000534,5,6A2,E00013306,E01002678,E02000534,E33030092,E38000256,E34004707,E35001294,A1,4C1,51.485896,-0.330136,E37000051,,E23000001,22847,E56000021,E54000027
TW5 9DZ,198001,,E99999999,E99999999,E09000018,E05000357,E43000208,0,511925,177012,1,E18000007,E40000003,E92000001,E12000007,5,E14000701,E15000007,E24000013,E30000266,E16000036,E09000018,00ATGK,E00013104,00ATGK,E99999999,E01002636,E02000535,5,7A3,E00013104,E01002636,E02000535,E33034571,E38000256,E34004707,E35001294,A1,4C2,51.481,-0.389605,E37000051,,E23000001,17423,E56000021,E54000027
TW3 4EU,198001,,E99999999,E99999999,E09000018,E05000356,E43000208,0,513721,176648,1,E18000007,E40000003,E92000001,E12000007,5,E14000701,E15000007,E24000013,E30000266,E16000036,E09000018,00ATGJ,E00013071,00ATGJ,E99999999,E01002629,E02000536,5,7A3,E00013071,E01002629,E02000536,E33034575,E38000256,E34004707,E35001294,A1,4C2,51.477371,-0.363849,E37000051,,E23000001,11979,E56000021,E54000027
TW5 0TH,198001,,E99999999,E99999999,E09000018,E05000363,E43000208,0,514144,176969,1,E18000007,E40000003,E92000001,E12000007,5,E14000593,E15000007,E24000013,E30000266,E16000036,E09000018,00ATGR,E00013289,00ATGR,E99999999,E01002676,E02000537,5,7A3,E00013289,E01002676,E02000537,E33034576,E38000256,E34004707,E35001294,A1,4C2,51.480171,-0.357678,E37000051,,E23000001,18291,E56000021,E54000027
TW5 9TL,198001,,E99999999,E99999999,E09000018,E05000350,E43000208,0,510813,176654,1,E18000007,E40000003,E92000001,E12000007,5,E14000701,E15000007,E24000013,E30000266,E16000036,E09000018,00ATGC,E00012887,00ATGC,E99999999,E01002585,E02000538,5,7A3,E00012887,E01002585,E02000538,E33034579,E38000256,E34004707,E35001294,A1,4B1,51.478001,-0.405724,E37000051,,E23000001,8782,E56000021,E54000027
TW7 6DH,198001,,E99999999,E99999999,E09000018,E05000362,E43000208,0,516178,175941,1,E18000007,E40000003,E92000001,E12000007,5,E14000593,E15000007,E24000013,E30000266,E16000036,E09000018,00ATGQ,E00013267,00ATGQ,E99999999,E01002668,E02000539,5,7A3,E00013267,E01002668,E02000539,E33034585,E38000256,E34004707,E35001294,A1,4A3,51.470518,-0.328739,E37000051,,E23000001,18494,E56000021,E54000027
TW7 6LX,198001,,E99999999,E99999999,E09000018,E05000360,E43000208,0,515175,175791,1,E18000007,E40000003,E92000001,E12000007,5,E14000593,E15000007,E24000013,E30000266,E16000036,E09000018,00ATGN,E00013209,00ATGN,E99999999,E01002658,E02000540,5,6D2,E00013209,E01002658,E02000540,E33034592,E38000256,E34004707,E35001294,A1,4C1,51.469374,-0.343222,E37000051,,E23000001,24569,E56000021,E54000027
TW4 7PB,198001,,E99999999,E99999999,E09000018,E05000350,E43000208,0,511360,175972,1,E18000007,E40000003,E92000001,E12000007,5,E14000701,E15000007,E24000013,E30000266,E16000036,E09000018,00ATGC,E00012873,00ATGC,E99999999,E01002588,E02000541,5,7B2,E00012873,E01002588,E02000541,E33034601,E38000256,E34004707,E35001294,A1,3A1,51.471764,-0.398066,E37000051,,E23000001,4946,E56000021,E54000027
TW3 3AD,198001,,E99999999,E99999999,E09000018,E05000361,E43000208,0,513271,175875,1,E18000007,E40000003,E92000001,E12000007,5,E14000701,E15000007,E24000013,E30000266,E16000036,E09000018,00ATGP,E00013236,00ATGP,E99999999,E01002662,E02000542,5,7A3,E00013236,E01002662,E02000542,E33034604,E38000256,E34004707,E35001294,A1,4C2,51.470513,-0.370595,E37000051,,E23000001,16786,E56000021,E54000027
TW3 2BQ,198001,,E99999999,E99999999,E09000018,E05000359,E43000208,0,513599,174813,1,E18000007,E40000003,E92000001,E12000007,5,E14000593,E15000007,E24000013,E30000266,E16000036,E09000018,00ATGM,E00013168,00ATGM,E99999999,E01002649,E02000543,5,7A3,E00013168,E01002649,E02000543,E33034610,E38000256,E34004707,E35001294,A1,4C2,51.460902,-0.366215,E37000051,,E23000001,9818,E56000021,E54000027
TW3 2QP,198001,,E99999999,E99999999,E09000018,E05000360,E43000208,0,514439,174950,1,E18000007,E40000003,E92000001,E12000007,5,E14000593,E15000007,E24000013,E30000266,E16000036,E09000018,00ATGN,E00013196,00ATGN,E99999999,E01002655,E02000544,5,7A3,E00013196,E01002655,E02000544,E33034614,E38000256,E34004707,E35001294,A1,4C2,51.461965,-0.354085,E37000051,,E23000001,21413,E56000021,E54000027
TW7 6XX,201807,,E99999999,E99999999,E09000018,E05000362,E43000208,0,516571,175744,1,E18000007,E40000003,E92000001,E12000007,5,E14000593,E15000007,E24000013,E30000266,E16000036,E09000018,00ATGQ,E00013275,00ATGQ,E99999999,E01002667,E02000545,5,7A2,E00013275,E01002667,E02000545,E33034617,E38000256,E34004707,E35001294,A1,4A3,51.468666,-0.323126,E37000051,,E23000001,13586,E56000021,E54000027
TW4 5DJ,198106,,E99999999,E99999999,E09000018,E05000361,E43000208,0,511774,174996,1,E18000007,E40000003,E92000001,E12000007,5,E14000701,E15000007,E24000013,E30000266,E16000036,E09000018,00ATGP,E00013230,00ATGP,E99999999,E01002666,E02000546,5,7A3,E00013230,E01002666,E02000546,E33034623,E38000256,E34004707,E35001294,A1,4C2,51.46291,-0.392416,E37000051,,E23000001,16317,E56000021,E54000027
TW14 9EQ,199712,,E99999999,E99999999,E09000018,E05000351,E43000208,0,510286,174323,1,E18000007,E40000003,E92000001,E12000007,5,E14000701,E15000007,E24000013,E30000266,E16000036,E09000018,00ATGD,E00012910,00ATGD,E99999999,E01002595,E02000547,5,7A2,E00012910,E01002595,E02000547,E33034629,E38000256,E34004707,E35001294,A1,4A3,51.457153,-0.414036,E37000051,,E23000001,9557,E56000021,E54000027
TW14 8LH,198001,,E99999999,E99999999,E09000018,E05000346,E43000208,0,508370,174114,1,E18000007,E40000003,E92000001,E12000007,5,E14000701,E15000007,E24000013,E30000266,E16000036,E09000018,00ATFY,E00012736,00ATFY,E99999999,E01002557,E02000548,5,1C1,E00012736,E01002557,E02000548,E33034633,E38000256,E34004707,E35001294,A1,4A3,51.455644,-0.441666,E37000051,,E23000001,10494,E56000021,E54000027
TW13 5DN,198001,,E99999999,E99999999,E09000018,E05000354,E43000208,0,511337,173124,1,E18000007,E40000003,E92000001,E12000007,5,E14000701,E15000007,E24000013,E30000266,E16000036,E09000018,00ATGG,E00013015,00ATGG,E99999999,E01002611,E02000549,5,6C1,E00013015,E01002611,E02000549,E33034634,E38000256,E34004707,E35001294,A1,4C2,51.446171,-0.399292,E37000051,,E23000001,13547,E56000021,E54000027
TW13 4LB,198001,,E99999999,E99999999,E09000018,E05000352,E43000208,0,509913,172469,1,E18000007,E40000003,E92000001,E12000007,5,E14000701,E15000007,E24000013,E30000266,E16000036,E09000018,00ATGE,E00012954,00ATGE,E99999999,E01002598,E02000550,5,7A2,E00012954,E01002598,E02000550,E33034641,E38000256,E34004707,E35001294,A1,4A3,51.440561,-0.419978,E37000051,,E23000001,10352,E56000021,E54000027
TW13 5JW,198001,,E99999999,E99999999,E09000018,E05000353,E43000208,0,512270,172853,1,E18000007,E40000003,E92000001,E12000007,5,E14000701,E15000007,E24000013,E30000266,E16000036,E09000018,00ATGF,E00012963,00ATGF,E99999999,E01002607,E02000551,5,6C1,E00012963,E01002607,E02000551,E33034646,E38000256,E34004707,E35001294,A1,4C2,51.443551,-0.385958,E37000051,,E23000001,13493,E56000021,E54000027
TW13 7AH,198001,,E99999999,E99999999,E09000018,E05000354,E43000208,1,510554,172627,1,E18000007,E40000003,E92000001,E12000007,5,E14000701,E15000007,E24000013,E30000266,E16000036,E09000018,00ATGG,E00013018,00ATGG,E99999999,E01002614,E02000552,5,7A2,E00013018,E01002614,E02000552,E33030070,E38000256,E34004707,E35001294,A1,4B1,51.441857,-0.41071,E37000051,,E23000001,19316,E56000021,E54000027
TW13 6SD,198402,,E99999999,E99999999,E09000018,E05000353,E43000208,0,511814,171645,1,E18000007,E40000003,E92000001,E12000007,5,E14000701,E15000007,E24000013,E30000266,E16000036,E09000018,00ATGF,E00012987,00ATGF,E99999999,E01002608,E02000553,5,7B1,E00012987,E01002608,E02000553,E33034655,E38000256,E34004707,E35001294,A1,4A3,51.432783,-0.392898,E37000051,,E23000001,7837,E56000021,E54000027
N19 9EU,201902,,E99999999,E99999999,E09000019,E05000381,E43000209,1,530301,186928,1,E18000007,E40000003,E92000001,E12000007,5,E14000763,E15000007,E24000014,E30000234,E16000048,E09000019,00AUGN,E00014021,00AUGN,E99999999,E01002807,E02000554,5,7B2,E00014021,E01002807,E02000554,E33034659,E38000240,E34004707,E35000168,A1,3B3,51.566183,-0.121432,E37000051,,E23000001,7258,E56000027,E54000028
N19 3LQ,198001,,E99999999,E99999999,E09000019,E05000374,E43000209,0,529818,187166,1,E18000007,E40000003,E92000001,E12000007,5,E14000763,E15000007,E24000014,E30000234,E16000048,E09000019,00AUGF,E00013721,00AUGF,E99999999,E01002760,E02000555,5,7B1,E00013721,E01002760,E02000555,E33034663,E38000240,E34004707,E35000168,A1,3A1,51.568431,-0.128335,E37000051,,E23000001,4631,E56000027,E54000028
N19 4JF,198106,,E99999999,E99999999,E09000019,E05000381,E43000209,0,530342,186726,1,E18000007,E40000003,E92000001,E12000007,5,E14000763,E15000007,E24000014,E30000234,E16000048,E09000019,00AUGN,E00014037,00AUGN,E99999999,E01002808,E02000556,5,7B1,E00014037,E01002808,E02000556,E33034668,E38000240,E34004707,E35000168,A1,3D3,51.564356,-0.120942,E37000051,,E23000001,10985,E56000027,E54000028
N19 5DN,198001,,E99999999,E99999999,E09000019,E05000376,E43000209,0,529209,186672,1,E18000007,E40000003,E92000001,E12000007,5,E14000763,E15000007,E24000014,E30000234,E16000048,E09000019,00AUGH,E00013819,00AUGH,E99999999,E01002773,E02000557,5,7B2,E00013819,E01002773,E02000557,E33034672,E38000240,E34004707,E35000168,A1,3B1,51.564131,-0.137298,E37000051,,E23000001,2164,E56000027,E54000028
N4 2DQ,198001,,E99999999,E99999999,E09000019,E05000371,E43000209,0,531424,186796,1,E18000007,E40000003,E92000001,E12000007,5,E14000763,E15000007,E24000014,E30000234,E16000048,E09000019,00AUGC,E00013618,00AUGC,E99999999,E01002734,E02000558,5,7B1,E00174769,E01002734,E02000558,E33034676,E38000240,E34004707,E35000168,A1,3B3,51.564734,-0.105315,E37000051,,E23000001,4096,E56000027,E54000028
N5 1UJ,199007,,E99999999,E99999999,E09000019,E05000373,E43000209,0,531926,185965,1,E18000007,E40000003,E92000001,E12000007,5,E14000763,E15000007,E24000014,E30000234,E16000048,E09000019,00AUGE,E00013667,00AUGE,E99999999,E01002749,E02000559,5,7B1,E00013667,E01002749,E02000559,E33034684,E38000240,E34004707,E35000168,A1,3D3,51.557151,-0.098362,E37000051,,E23000001,12160,E56000027,E54000028
N7 6JB,198001,,E99999999,E99999999,E09000019,E05000371,E43000209,1,530407,186107,1,E18000007,E40000003,E92000001,E12000007,5,E14000763,E15000007,E24000014,E30000234,E16000048,E09000019,00AUGC,E00013596,00AUGC,E99999999,E01002731,E02000560,5,7B1,E00013596,E01002731,E02000560,E33034687,E38000240,E34004707,E35000168,A1,3D3,51.558778,-0.120234,E37000051,,E23000001,11066,E56000027,E54000028
N19 5EL,200305,,E99999999,E99999999,E09000019,E05000378,E43000209,0,529328,185662,1,E18000007,E40000003,E92000001,E12000007,5,E14000763,E15000007,E24000014,E30000234,E16000048,E09000019,00AUGK,E00013902,00AUGK,E99999999,E01002789,E02000561,5,7B1,E00013902,E01002789,E02000561,E33034697,E38000240,E34004707,E35000168,A1,2D2,51.555027,-0.135953,E37000051,,E23000001,20257,E56000027,E54000028
N5 2AG,198001,,E99999999,E99999999,E09000019,E05000372,E43000209,0,531966,185414,1,E18000007,E40000003,E92000001,E12000007,5,E14000763,E15000007,E24000014,E30000234,E16000048,E09000019,00AUGD,E00013652,00AUGD,E99999999,E01002738,E02000562,5,2A2,E00013652,E01002738,E02000562,E33034699,E38000240,E34004707,E35000168,A1,3D2,51.552191,-0.097991,E37000051,,E23000001,10960,E56000027,E54000028
N7 0NJ,198001,,E99999999,E99999999,E09000019,E05000378,E43000209,0,530105,185822,1,E18000007,E40000003,E92000001,E12000007,5,E14000763,E15000007,E24000014,E30000234,E16000048,E09000019,00AUGK,E00013899,00AUGK,E99999999,E01002786,E02000563,5,7B1,E00013899,E01002786,E02000563,E33034705,E38000240,E34004707,E35000168,A1,3B3,51.556287,-0.124693,E37000051,,E23000001,5495,E56000027,E54000028
N7 8EL,200510,,E99999999,E99999999,E09000019,E05000375,E43000209,0,530744,185180,1,E18000007,E40000003,E92000001,E12000007,5,E14000764,E15000007,E24000014,E30000234,E16000048,E09000019,00AUGG,E00013775,00AUGG,E99999999,E01002761,E02000564,5,7B2,E00174759,E01033487,E02000564,E33034713,E38000240,E34004707,E35000168,A1,2B2,51.550372,-0.115693,E37000051,,E23000001,23623,E56000027,E54000028
N5 2NS,198001,,E99999999,E99999999,E09000019,E05000377,E43000209,0,532352,185114,1,E18000007,E40000003,E92000001,E12000007,5,E14000763,E15000007,E24000014,E30000234,E16000048,E09000019,00AUGJ,E00013858,00AUGJ,E99999999,E01002781,E02000565,5,7B2,E00013858,E01002781,E02000565,E33034718,E38000240,E34004707,E35000168,A1,3B1,51.549402,-0.092567,E37000051,,E23000001,8526,E56000027,E54000028
N7 8LH,198001,,E99999999,E99999999,E09000019,E05000379,E43000209,0,531328,184777,1,E18000007,E40000003,E92000001,E12000007,5,E14000764,E15000007,E24000014,E30000234,E16000048,E09000019,00AUGL,E00013941,00AUGL,E99999999,E01002795,E02000566,5,2A2,E00013941,E01002795,E02000566,E33034722,E38000240,E34004707,E35000168,A1,2D2,51.546613,-0.107452,E37000051,,E23000001,10755,E56000027,E54000028
N1 3JL,199806,,E99999999,E99999999,E09000019,E05000369,E43000209,0,532614,184539,1,E18000007,E40000003,E92000001,E12000007,5,E14000764,E15000007,E24000014,E30000234,E16000048,E09000019,00AUGA,E00013505,00AUGA,E99999999,E01002716,E02000567,5,7B1,E00174842,E01002716,E02000567,E33034728,E38000240,E34004707,E35000168,A1,3D3,51.544173,-0.089007,E37000051,,E23000001,6033,E56000027,E54000028
N1 1DY,198001,,E99999999,E99999999,E09000019,E05000368,E43000209,0,530681,184232,1,E18000007,E40000003,E92000001,E12000007,5,E14000764,E15000007,E24000014,E30000234,E16000048,E09000019,00AUFZ,E00013498,00AUFZ,E99999999,E01002712,E02000568,5,7B1,E00174797,E01002712,E02000568,E33034737,E38000240,E34004707,E35000168,A1,2D3,51.541865,-0.11698,E37000051,,E23000001,9562,E56000027,E54000028
N1 2EU,198001,,E99999999,E99999999,E09000019,E05000379,E43000209,0,531922,184030,1,E18000007,E40000003,E92000001,E12000007,5,E14000764,E15000007,E24000014,E30000234,E16000048,E09000019,00AUGL,E00013923,00AUGL,E99999999,E01002793,E02000569,5,2A2,E00013923,E01002793,E02000569,E33034745,E38000240,E34004707,E35000168,A1,3D3,51.539761,-0.099171,E37000051,,E23000001,5450,E56000027,E54000028
N1 1US,201307,,E99999999,E99999999,E09000019,E05000379,E43000209,0,531652,184142,1,E18000007,E40000003,E92000001,E12000007,5,E14000764,E15000007,E24000014,E30000234,E16000048,E09000019,00AUGL,E00013915,00AUGL,E99999999,E01002792,E02000570,5,2A2,E00013915,E01002792,E02000570,E33034751,E38000240,E34004707,E35000168,A1,2D3,51.540831,-0.10302,E37000051,,E23000001,17852,E56000027,E54000028
N1 7BG,198001,,E99999999,E99999999,E09000019,E05000380,E43000209,0,532567,183636,1,E18000007,E40000003,E92000001,E12000007,5,E14000764,E15000007,E24000014,E30000234,E16000048,E09000019,00AUGM,E00013982,00AUGM,E99999999,E01002798,E02000571,5,7B1,E00013982,E01002798,E02000571,E33034753,E38000240,E34004707,E35000168,A1,3D3,51.53607,-0.090024,E37000051,,E23000001,13193,E56000027,E54000028
N1 0TU,198001,,E99999999,E99999999,E09000019,E05000366,E43000209,0,530914,183542,1,E18000007,E40000003,E92000001,E12000007,5,E14000764,E15000007,E24000014,E30000234,E16000048,E09000019,00AUFX,E00013415,00AUFX,E99999999,E01002694,E02000572,5,7B2,E00013415,E01002694,E02000572,E33034761,E38000240,E34004707,E35000168,A1,3B2,51.53561,-0.113878,E37000051,,E23000001,3487,E56000027,E54000028
N1P 2QA,201208,,E99999999,E99999999,E09000019,E05000379,E43000209,1,531630,183943,1,E18000007,E40000003,E92000001,E12000007,5,E14000764,E15000007,E24000014,E30000234,E16000048,E09000019,00AUGL,E00013926,00AUGL,E99999999,E01002794,E02000573,5,2B2,E00013926,E01002794,E02000573,E33030225,E38000240,E34004707,E35000168,A1,2D2,51.53905,-0.103385,E37000051,,E23000001,12607,E56000027,E54000028
N1 9FA,201705,,E99999999,E99999999,E09000019,E05000368,E43000209,0,530355,183314,1,E18000007,E40000003,E92000001,E12000007,5,E14000764,E15000007,E24000014,E30000234,E16000048,E09000019,00AUFZ,E00013484,00AUFZ,E99999999,E01002711,E02000574,5,2A2,E00013484,E01002711,E02000574,E33030160,E38000240,E34004707,E35000168,A1,2D3,51.533693,-0.121991,E37000051,,E23000001,12915,E56000027,E54000028
EC1V 8BY,198001,,E99999999,E99999999,E09000019,E05000367,E43000209,0,532062,182631,1,E18000007,E40000003,E92000001,E12000007,5,E14000764,E15000007,E24000014,E30000234,E16000048,E09000019,00AUFY,E00013443,00AUFY,E99999999,E01002702,E02000576,5,7B2,E00013443,E01002702,E02000576,E33034791,E38000240,E34004707,E35000168,A1,3B1,51.527157,-0.097677,E37000051,,E23000001,8242,E56000027,E54000028
W10 5AN,198001,,E99999999,E99999999,E09000020,E05009396,E43000210,0,524172,182179,1,E18000007,E40000003,E92000001,E12000007,5,E14000768,E15000007,E24000014,E30000234,E16000056,E09000020,00AWGF,E00014312,00AWGF,E99999999,E01002852,E02000577,5,7B2,E00014312,E01002852,E02000577,E33034793,E38000256,E34004707,E35000074,A1,3B3,51.524885,-0.211487,E37000051,,E23000001,3797,E56000021,E54000027
W10 5DN,199512,,E99999999,E99999999,E09000020,E05009394,E43000210,0,523444,182031,1,E18000007,E40000003,E92000001,E12000007,5,E14000768,E15000007,E24000014,E30000234,E16000056,E09000020,00AWGQ,E00014620,00AWGQ,E99999999,E01002904,E02000578,5,7B2,E00014620,E01002904,E02000578,E33034800,E38000256,E34004707,E35000074,A1,3A1,51.523712,-0.222052,E37000051,,E23000001,3043,E56000021,E54000027
W10 6PH,198001,,E99999999,E99999999,E09000020,E05009394,E43000210,0,523235,181758,1,E18000007,E40000003,E92000001,E12000007,5,E14000768,E15000007,E24000014,E30000234,E16000056,E09000020,00AWGQ,E00014638,00AWGQ,E99999999,E01002908,E02000579,5,7B1,E00014638,E01002908,E02000579,E33034802,E38000256,E34004707,E35000074,A1,3D2,51.521304,-0.225158,E37000051,,E23000001,9637,E56000021,E54000027
W10 5TF,198001,,E99999999,E99999999,E09000020,E05009396,E43000210,0,524488,181604,1,E18000007,E40000003,E92000001,E12000007,5,E14000768,E15000007,E24000014,E30000234,E16000056,E09000020,00AWGF,E00014328,00AWGF,E99999999,E01002856,E02000580,5,7B2,E00014328,E01002856,E02000580,E33034819,E38000256,E34004707,E35000074,A1,3B3,51.519646,-0.207162,E37000051,,E23000001,4928,E56000021,E54000027
W11 4QA,198001,,E99999999,E99999999,E09000020,E05009398,E43000210,0,524239,180300,1,E18000007,E40000003,E92000001,E12000007,5,E14000768,E15000007,E24000014,E30000234,E16000056,E09000020,00AWGJ,E00014423,00AWGJ,E99999999,E01002872,E02000581,5,7B1,E00014423,E01002872,E02000581,E33034823,E38000256,E34004707,E35000074,A1,3D2,51.507982,-0.211208,E37000051,,E23000001,4605,E56000021,E54000027
W2 4DX,198001,,E99999999,E99999999,E09000020,E05009400,E43000210,0,525216,180602,1,E18000007,E40000003,E92000001,E12000007,5,E14000768,E15000007,E24000014,E30000234,E16000056,E09000020,00AWGL,E00014472,00AWGL,E99999999,E01002884,E02000582,5,2A2,E00175087,E01002884,E02000582,E33034834,E38000256,E34004707,E35000074,A1,2D3,51.51048,-0.197031,E37000051,,E23000001,13100,E56000021,E54000027
W11 2DT,198410,,E99999999,E99999999,E09000020,E05009392,E43000210,0,524700,181227,1,E18000007,E40000003,E92000001,E12000007,5,E14000768,E15000007,E24000014,E30000234,E16000056,E09000020,00AWGB,E00014180,00AWGB,E99999999,E01002833,E02000583,5,7B2,E00014180,E01002833,E02000583,E33034835,E38000256,E34004707,E35000074,A1,3D3,51.516211,-0.204242,E37000051,,E23000001,15083,E56000021,E54000027
W8 7NB,198001,,E99999999,E99999999,E09000020,E05009390,E43000210,0,525216,179988,1,E18000007,E40000003,E92000001,E12000007,5,E14000768,E15000007,E24000014,E30000234,E16000056,E09000020,00AWGA,E00014126,00AWGA,E99999999,E01002825,E02000584,5,2B2,E00014126,E01002825,E02000584,E33034852,E38000256,E34004707,E35000074,A1,2D2,51.504962,-0.197249,E37000051,,E23000001,24885,E56000021,E54000027
W14 8ER,198001,,E99999999,E99999999,E09000020,E05009397,E43000210,0,524505,179870,1,E18000007,E40000003,E92000001,E12000007,5,E14000768,E15000007,E24000014,E30000234,E16000056,E09000020,00AWGH,E00014383,00AWGH,E99999999,E01002868,E02000585,5,2B2,E00014383,E01002868,E02000585,E33034854,E38000256,E34004707,E35000074,A1,2D3,51.504059,-0.207529,E37000051,,E23000001,25448,E56000021,E54000027
SW7 4RB,198001,,E99999999,E99999999,E09000020,E05009401,E43000210,0,526152,179364,1,E18000007,E40000003,E92000001,E12000007,5,E14000768,E15000007,E24000014,E30000234,E16000056,E09000020,00AWGM,E00014527,00AWGM,E99999999,E01002892,E02000586,5,2A2,E00014527,E01002892,E02000586,E33034863,E38000256,E34004707,E35000074,A1,2D3,51.499146,-0.183993,E37000051,,E23000001,26365,E56000021,E54000027
W8 6UW,198607,,E99999999,E99999999,E09000020,E05009388,E43000210,0,525401,179428,1,E18000007,E40000003,E92000001,E12000007,5,E14000768,E15000007,E24000014,E30000234,E16000056,E09000020,00AWFY,E00014064,00AWFY,E99999999,E01002816,E02000587,5,2B2,E00014064,E01002816,E02000587,E33034874,E38000256,E34004707,E35000074,A1,2D2,51.499888,-0.194783,E37000051,,E23000001,22718,E56000021,E54000027
SW3 1RE,198001,,E99999999,E99999999,E09000020,E05009389,E43000210,0,527584,179222,1,E18000007,E40000003,E92000001,E12000007,5,E14000768,E15000007,E24000014,E30000234,E16000056,E09000020,00AWFZ,E00014087,00AWFZ,E99999999,E01002818,E02000588,5,2B2,E00014087,E01002818,E02000588,E33034885,E38000256,E34004707,E35000074,A1,2D3,51.497549,-0.163425,E37000051,,E23000001,21429,E56000021,E54000027
SW5 9RQ,198001,,E99999999,E99999999,E09000020,E05009395,E43000210,0,525486,178660,1,E18000007,E40000003,E92000001,E12000007,5,E14000768,E15000007,E24000014,E30000234,E16000056,E09000020,00AWGE,E00014292,00AWGE,E99999999,E01002850,E02000589,5,2A2,E00014292,E01002850,E02000589,E33030275,E38000256,E34004707,E35000074,A1,2D3,51.492968,-0.193832,E37000051,,E23000001,11573,E56000021,E54000027
SW3 3NH,198001,,E99999999,E99999999,E09000020,E05009403,E43000210,0,527685,178460,1,E18000007,E40000003,E92000001,E12000007,5,E14000629,E15000007,E24000014,E30000234,E16000056,E09000020,00AWGG,E00014351,00AWGG,E99999999,E01002861,E02000590,5,2B2,E00014351,E01002861,E02000590,E33034897,E38000256,E34004707,E35000074,A1,2D2,51.490678,-0.162247,E37000051,,E23000001,18886,E56000021,E54000027
W14 8BU,201601,,E99999999,E99999999,E09000020,E05009397,E43000210,0,524644,178944,1,E18000007,E40000003,E92000001,E12000007,5,E14000768,E15000007,E24000014,E30000234,E16000056,E09000020,00AWFY,E00014046,00AWFY,E99999999,E01002814,E02000591,5,7B1,E00014046,E01002814,E02000591,E33034903,E38000256,E34004707,E35000074,A1,2D1,51.495706,-0.205854,E37000051,,E23000001,10748,E56000021,E54000027
SW7 5HD,200401,,E99999999,E99999999,E09000020,E05009389,E43000210,0,526501,179135,1,E18000007,E40000003,E92000001,E12000007,5,E14000768,E15000007,E24000014,E30000234,E16000056,E09000020,00AWFZ,E00014101,00AWFZ,E99999999,E01002820,E02000592,5,2B2,E00014101,E01002820,E02000592,E33030256,E38000256,E34004707,E35000074,A1,2D3,51.49701,-0.17905,E37000051,,E23000001,25054,E56000021,E54000027
SW5 0DX,198001,,E99999999,E99999999,E09000020,E05009402,E43000210,0,525789,178242,1,E18000007,E40000003,E92000001,E12000007,5,E14000629,E15000007,E24000014,E30000234,E16000056,E09000020,00AWGN,E00014554,00AWGN,E99999999,E01002894,E02000593,5,2A2,E00014554,E01002894,E02000593,E33034919,E38000256,E34004707,E35000074,A1,2D3,51.489144,-0.189619,E37000051,,E23000001,14414,E56000021,E54000027
SW3 4LE,198001,,E99999999,E99999999,E09000020,E05009403,E43000210,0,527836,177766,1,E18000007,E40000003,E92000001,E12000007,5,E14000629,E15000007,E24000014,E30000234,E16000056,E09000020,00AWGP,E00014613,00AWGP,E99999999,E01002900,E02000594,5,2B2,E00014613,E01002900,E02000594,E33034935,E38000256,E34004707,E35000074,A1,2D2,51.484407,-0.160324,E37000051,,E23000001,26730,E56000021,E54000027
SW3 5HU,198001,,E99999999,E99999999,E09000020,E05009391,E43000210,0,527153,177663,1,E18000007,E40000003,E92000001,E12000007,5,E14000629,E15000007,E24000014,E30000234,E16000056,E09000020,00AWGD,E00014232,00AWGD,E99999999,E01002844,E02000595,5,2A2,E00014232,E01002844,E02000595,E33034940,E38000256,E34004707,E35000074,A1,2D3,51.483636,-0.170192,E37000051,,E23000001,16966,E56000021,E54000027
SW5 9WZ,199906,,E99999999,E99999999,E09000020,E05009402,E43000210,1,526217,177763,1,E18000007,E40000003,E92000001,E12000007,5,E14000629,E15000007,E24000014,E30000234,E16000056,E09000020,00AWGN,E00014566,00AWGN,E99999999,E01002896,E02000596,5,2A2,E00014566,E01002896,E02000596,E33034944,E38000256,E34004707,E35000074,A1,2D3,51.484744,-0.183629,E37000051,,E23000001,24135,E56000021,E54000027
SW10 0NY,198001,,E99999999,E99999999,E09000020,E05009391,E43000210,0,526310,177285,1,E18000007,E40000003,E92000001,E12000007,5,E14000629,E15000007,E24000014,E30000234,E16000056,E09000020,00AWGD,E00014245,00AWGD,E99999999,E01002843,E02000597,5,2A2,E00175101,E01002843,E02000597,E33034951,E38000256,E34004707,E35000074,A1,3B3,51.480427,-0.182461,E37000051,,E23000001,3564,E56000021,E54000027
KT2 5TP,198001,,E99999999,E99999999,E09000021,E05000415,E43000211,0,518287,170498,1,E18000007,E40000003,E92000001,E12000007,5,E14000896,E15000007,E24000016,E30000266,E16000003,E09000021,00AXGN,E00015159,00AXGN,E99999999,E01003010,E02000598,5,4D1,E00015159,E01003010,E02000598,E33034957,E38000245,E34004707,E35000944,A1,5B1,51.421161,-0.300184,E37000051,,E23000001,31189,E56000021,E54000031
SW15 3QR,198001,,E99999999,E99999999,E09000021,E05000406,E43000211,0,521216,171545,1,E18000007,E40000003,E92000001,E12000007,5,E14000896,E15000007,E24000016,E30000234,E16000003,E09000021,00AXGD,E00014863,00AXGD,E99999999,E01002956,E02000599,5,4D1,E00014863,E01002956,E02000599,E33034960,E38000245,E34004707,E35000944,C1,4C1,51.429953,-0.257745,E37000051,,E23000001,27909,E56000021,E54000031
KT2 7BS,198001,,E99999999,E99999999,E09000021,E05000406,E43000211,0,519690,169712,1,E18000007,E40000003,E92000001,E12000007,5,E14000896,E15000007,E24000016,E30000266,E16000003,E09000021,00AXGD,E00014865,00AXGD,E99999999,E01002954,E02000600,5,2B2,E00014865,E01002954,E02000600,E33034967,E38000245,E34004707,E35000944,A1,3D1,51.413803,-0.280281,E37000051,,E23000001,21932,E56000021,E54000031
KT2 6LL,198001,,E99999999,E99999999,E09000021,E05000403,E43000211,0,518826,169994,1,E18000007,E40000003,E92000001,E12000007,5,E14000896,E15000007,E24000016,E30000266,E16000003,E09000021,00AXGA,E00014799,00AXGA,E99999999,E01002933,E02000601,5,6D1,E00014799,E01002933,E02000601,E33034974,E38000245,E34004707,E35000944,A1,5B1,51.416519,-0.292605,E37000051,,E23000001,18511,E56000021,E54000031
KT1 3JB,198001,,E99999999,E99999999,E09000021,E05000409,E43000211,0,519089,169046,1,E18000007,E40000003,E92000001,E12000007,5,E14000770,E15000007,E24000016,E30000266,E16000003,E09000021,00AXGG,E00014972,00AXGG,E99999999,E01002969,E02000602,5,7B1,E00014972,E01002969,E02000602,E33034982,E38000245,E34004707,E35000944,A1,3A1,51.407943,-0.289143,E37000051,,E23000001,4000,E56000021,E54000031
KT3 3TZ,198001,,E99999999,E99999999,E09000021,E05000407,E43000211,0,520315,169206,1,E18000007,E40000003,E92000001,E12000007,5,E14000896,E15000007,E24000016,E30000234,E16000003,E09000021,00AXGE,E00014904,00AXGE,E99999999,E01002962,E02000603,5,6D1,E00014904,E01002962,E02000603,E33034984,E38000245,E34004707,E35000944,A1,4C1,51.409123,-0.271492,E37000051,,E23000001,21110,E56000021,E54000031
KT3 6DL,198001,,E99999999,E99999999,E09000021,E05000411,E43000211,0,521663,167946,1,E18000007,E40000003,E92000001,E12000007,5,E14000770,E15000007,E24000016,E30000234,E16000003,E09000021,00AXGJ,E00015010,00AXGJ,E99999999,E01002985,E02000604,5,6D1,E00015010,E01002985,E02000604,E33034993,E38000245,E34004707,E35000944,A1,4C2,51.397512,-0.252552,E37000051,,E23000001,22446,E56000021,E54000031
KT3 5EE,198001,,E99999999,E99999999,E09000021,E05000402,E43000211,0,520814,167808,1,E18000007,E40000003,E92000001,E12000007,5,E14000770,E15000007,E24000016,E30000234,E16000003,E09000021,00AXFZ,E00014751,00AXFZ,E99999999,E01002928,E02000605,5,4D1,E00014751,E01002928,E02000605,E33034995,E38000245,E34004707,E35000944,A1,5B2,51.396453,-0.264797,E37000051,,E23000001,17328,E56000021,E54000031
KT6 4JA,198001,,E99999999,E99999999,E09000021,E05000408,E43000211,0,517642,167823,1,E18000007,E40000003,E92000001,E12000007,5,E14000770,E15000007,E24000016,E30000266,E16000003,E09000021,00AXGF,E00014947,00AXGF,E99999999,E01002967,E02000606,5,2B1,E00014947,E01002967,E02000606,E33035000,E38000245,E34004707,E35000944,A1,2D1,51.397253,-0.310343,E37000051,,E23000001,30191,E56000021,E54000031
KT5 8LR,198001,,E99999999,E99999999,E09000021,E05000401,E43000211,0,519650,167852,1,E18000007,E40000003,E92000001,E12000007,5,E14000770,E15000007,E24000016,E30000266,E16000003,E09000021,00AXFY,E00014719,00AXFY,E99999999,E01002926,E02000607,5,2B2,E00014719,E01002926,E02000607,E33035008,E38000245,E34004707,E35000944,A1,4C3,51.397095,-0.281505,E37000051,,E23000001,27879,E56000021,E54000031
KT6 4QR,198001,,E99999999,E99999999,E09000021,E05000412,E43000211,0,518054,167439,1,E18000007,E40000003,E92000001,E12000007,5,E14000770,E15000007,E24000016,E30000266,E16000003,E09000021,00AXGK,E00015067,00AXGK,E99999999,E01002987,E02000608,5,2A1,E00015067,E01002987,E02000608,E33030346,E38000245,E34004707,E35000944,A1,2B2,51.393717,-0.304573,E37000051,,E23000001,15568,E56000021,E54000031
KT3 5EW,198001,,E99999999,E99999999,E09000021,E05000411,E43000211,0,520804,167291,1,E18000007,E40000003,E92000001,E12000007,5,E14000770,E15000007,E24000016,E30000234,E16000003,E09000021,00AXGJ,E00015030,00AXGJ,E99999999,E01002981,E02000609,5,6D1,E00015030,E01002981,E02000609,E33035015,E38000245,E34004707,E35000944,A1,4C1,51.391808,-0.265116,E37000051,,E23000001,22235,E56000021,E54000031
KT6 6NA,198001,,E99999999,E99999999,E09000021,E05000413,E43000211,0,517641,166720,1,E18000007,E40000003,E92000001,E12000007,5,E14000770,E15000007,E24000016,E30000266,E16000003,E09000021,00AXGL,E00015082,00AXGL,E99999999,E01002993,E02000610,5,2A1,E00015082,E01002993,E02000610,E33035019,E38000245,E34004707,E35000944,A1,2C3,51.38734,-0.310745,E37000051,,E23000001,24286,E56000021,E54000031
KT5 9JP,198001,,E99999999,E99999999,E09000021,E05000400,E43000211,0,519825,166613,1,E18000007,E40000003,E92000001,E12000007,5,E14000770,E15000007,E24000016,E30000266,E16000003,E09000021,00AXFX,E00014678,00AXFX,E99999999,E01002917,E02000611,5,4D1,E00014678,E01002917,E02000611,E33035024,E38000245,E34004707,E35000944,A1,6A1,51.385922,-0.279409,E37000051,,E23000001,31433,E56000021,E54000031
KT4 7LZ,199806,,E99999999,E99999999,E09000021,E05000410,E43000211,0,521196,166105,1,E18000007,E40000003,E92000001,E12000007,5,E14000770,E15000007,E24000016,E30000234,E16000003,E09000021,00AXGH,E00014985,00AXGH,E99999999,E01002979,E02000612,5,6D1,E00014985,E01002979,E02000612,E33035028,E38000245,E34004707,E35000944,A1,4C3,51.381066,-0.259889,E37000051,,E23000001,25153,E56000021,E54000031
KT6 7LF,198001,,E99999999,E99999999,E09000021,E05000413,E43000211,0,518869,165832,1,E18000007,E40000003,E92000001,E12000007,5,E14000770,E15000007,E24000016,E30000266,E16000003,E09000021,00AXGL,E00015098,00AXGL,E99999999,E01002998,E02000613,5,7A3,E00015098,E01002998,E02000613,E33035031,E38000245,E34004707,E35000944,A1,4C3,51.379104,-0.293402,E37000051,,E23000001,19514,E56000021,E54000031
KT6 7QU,198001,,E99999999,E99999999,E09000021,E05000414,E43000211,1,519209,165838,1,E18000007,E40000003,E92000001,E12000007,5,E14000770,E15000007,E24000016,E30000266,E16000003,E09000021,00AXGM,E00015121,00AXGM,E99999999,E01003003,E02000614,5,4D1,E00015121,E01003003,E02000614,E33035035,E38000245,E34004707,E35000944,A1,4C1,51.379085,-0.288494,E37000051,,E23000001,18639,E56000021,E54000031
KT9 1DD,198001,,E99999999,E99999999,E09000021,E05000404,E43000211,0,518451,164740,1,E18000007,E40000003,E92000001,E12000007,5,E14000770,E15000007,E24000016,E30000266,E16000003,E09000021,00AXGB,E00014813,00AXGB,E99999999,E01002939,E02000615,5,6D1,E00014813,E01002939,E02000615,E33035040,E38000245,E34004707,E35000944,A1,5A2,51.369376,-0.299769,E37000051,,E23000001,21310,E56000021,E54000031
KT9 2DW,198001,,E99999999,E99999999,E09000021,E05000405,E43000211,0,518684,163817,1,E18000007,E40000003,E92000001,E12000007,5,E14000770,E15000007,E24000016,E30000266,E16000003,E09000021,00AXGC,E00014851,00AXGC,E99999999,E01002947,E02000616,5,6C1,E00014851,E01002947,E02000616,E33035045,E38000245,E34004707,E35000944,A1,5A3,51.361032,-0.296731,E37000051,,E23000001,27952,E56000021,E54000031
KT9 2PZ,198001,,E99999999,E99999999,E09000021,E05000404,E43000211,0,517599,164079,1,E18000007,E40000003,E92000001,E12000007,5,E14000770,E15000007,E24000016,E30000266,E16000003,E09000021,00AXGB,E00014802,00AXGB,E99999999,E01002943,E02000617,5,1B1,E00014802,E01002943,E02000617,E33035049,E38000245,E34004707,E35000944,A1,4A1,51.363612,-0.312221,E37000051,,E23000001,17230,E56000021,E54000031
SE11 6SR,198001,,E99999999,E99999999,E09000022,E05000427,E43000212,0,531262,178790,1,E18000007,E40000003,E92000001,E12000007,5,E14001008,E15000007,E24000014,E30000234,E16000058,E09000022,00AYGL,E00015686,00AYGL,E99999999,E01003110,E02000619,5,2B2,E00015686,E01003110,E02000619,E33035053,E38000244,E34004707,E35000161,A1,3D3,51.492826,-0.110631,E37000051,,E23000001,16598,E56000010,E54000030
SE11 4AR,198001,,E99999999,E99999999,E09000022,E05000427,E43000212,0,531344,178135,1,E18000007,E40000003,E92000001,E12000007,5,E14001008,E15000007,E24000014,E30000234,E16000058,E09000022,00AYGL,E00015678,00AYGL,E99999999,E01003107,E02000620,5,2B2,E00015678,E01003107,E02000620,E33030396,E38000244,E34004707,E35000161,A1,2D2,51.48692,-0.109694,E37000051,,E23000001,16537,E56000010,E54000030
SW8 2TG,198001,,E99999999,E99999999,E09000022,E05000426,E43000212,0,530228,177540,1,E18000007,E40000003,E92000001,E12000007,5,E14001008,E15000007,E24000014,E30000234,E16000058,E09000022,00AYGK,E00015626,00AYGK,E99999999,E01003103,E02000621,5,7B1,E00171529,E01033207,E02000621,E33031741,E38000244,E34004707,E35000161,A1,3B3,51.481832,-0.125953,E37000051,,E23000001,4844,E56000010,E54000030
SE5 9LH,198001,,E99999999,E99999999,E09000022,E05000436,E43000212,0,531989,176805,1,E18000007,E40000003,E92000001,E12000007,5,E14001008,E15000007,E24000014,E30000234,E16000058,E09000022,00AYGW,E00016091,00AYGW,E99999999,E01003180,E02000622,5,7B1,E00016091,E01003180,E02000622,E33035077,E38000244,E34004707,E35000161,A1,3D2,51.474818,-0.100907,E37000051,,E23000001,12452,E56000010,E54000030
SW9 0EL,198001,,E99999999,E99999999,E09000022,E05000436,E43000212,0,530989,177005,1,E18000007,E40000003,E92000001,E12000007,5,E14001008,E15000007,E24000014,E30000234,E16000058,E09000022,00AYGW,E00016088,00AYGW,E99999999,E01003185,E02000624,5,7B2,E00016088,E01003185,E02000624,E33035084,E38000244,E34004707,E35000161,A1,3B3,51.476848,-0.115223,E37000051,,E23000001,9547,E56000010,E54000030
SW4 6RQ,200501,,E99999999,E99999999,E09000022,E05000429,E43000212,0,530184,176695,1,E18000007,E40000003,E92000001,E12000007,5,E14001008,E15000007,E24000014,E30000234,E16000058,E09000022,00AYGN,E00015774,00AYGN,E99999999,E01003126,E02000625,5,7B2,E00015774,E01003126,E02000625,E33035089,E38000244,E34004707,E35000161,A1,3B1,51.474248,-0.126922,E37000051,,E23000001,8668,E56000010,E54000030
SE5 9HU,198001,,E99999999,E99999999,E09000022,E05000420,E43000212,0,531815,176274,1,E18000007,E40000003,E92000001,E12000007,5,E14000673,E15000007,E24000014,E30000234,E16000058,E09000022,00AYGD,E00015354,00AYGD,E99999999,E01003046,E02000626,5,7B2,E00015354,E01003046,E02000626,E33035091,E38000244,E34004707,E35000161,A1,3D2,51.470088,-0.103583,E37000051,,E23000001,6296,E56000010,E54000030
SW9 9EA,198001,,E99999999,E99999999,E09000022,E05000425,E43000212,0,530333,176034,1,E18000007,E40000003,E92000001,E12000007,5,E14001008,E15000007,E24000014,E30000234,E16000058,E09000022,00AYGJ,E00015612,00AYGJ,E99999999,E01003094,E02000627,5,7B1,E00015612,E01003094,E02000627,E33035095,E38000244,E34004707,E35000161,A1,3D2,51.468273,-0.125021,E37000051,,E23000001,7822,E56000010,E54000030
SW9 7AQ,201011,,E99999999,E99999999,E09000022,E05000420,E43000212,0,531420,176059,1,E18000007,E40000003,E92000001,E12000007,5,E14000673,E15000007,E24000014,E30000234,E16000058,E09000022,00AYGD,E00015365,00AYGD,E99999999,E01003045,E02000628,5,7B2,E00171531,E01003045,E02000628,E33035103,E38000244,E34004707,E35000161,A1,3B1,51.468247,-0.109372,E37000051,,E23000001,4629,E56000010,E54000030
SW4 6JD,198001,,E99999999,E99999999,E09000022,E05000425,E43000212,0,529804,176174,1,E18000007,E40000003,E92000001,E12000007,5,E14001008,E15000007,E24000014,E30000234,E16000058,E09000022,00AYGJ,E00015602,00AYGJ,E99999999,E01003095,E02000629,5,2B2,E00015602,E01003095,E02000629,E33035106,E38000244,E34004707,E35000161,A1,3D2,51.469653,-0.132582,E37000051,,E23000001,14572,E56000010,E54000030
SW4 0QH,199812,,E99999999,E99999999,E09000022,E05000419,E43000212,0,528613,175294,1,E18000007,E40000003,E92000001,E12000007,5,E14001008,E15000007,E24000014,E30000234,E16000058,E09000022,00AYGC,E00015323,00AYGC,E99999999,E01003042,E02000630,5,7B1,E00015323,E01003042,E02000630,E33035113,E38000244,E34004707,E35000161,A1,3D3,51.462016,-0.150039,E37000051,,E23000001,10188,E56000010,E54000030
SE5 9QN,198001,,E99999999,E99999999,E09000022,E05000423,E43000212,0,532025,176001,1,E18000007,E40000003,E92000001,E12000007,5,E14000673,E15000007,E24000014,E30000234,E16000058,E09000022,00AYGG,E00015504,00AYGG,E99999999,E01003077,E02000631,5,7B1,E00015504,E01003077,E02000631,E33035122,E38000244,E34004707,E35000161,A1,3D3,51.467585,-0.100689,E37000051,,E23000001,14746,E56000010,E54000030
SW2 5SZ,198001,,E99999999,E99999999,E09000022,E05000421,E43000212,0,530563,175241,1,E18000007,E40000003,E92000001,E12000007,5,E14001008,E15000007,E24000014,E30000234,E16000058,E09000022,00AYGE,E00015434,00AYGE,E99999999,E01003058,E02000632,5,7B1,E00015434,E01003058,E02000632,E33035126,E38000244,E34004707,E35000161,A1,3D3,51.461094,-0.122005,E37000051,,E23000001,11169,E56000010,E54000030
SW9 8PY,198001,,E99999999,E99999999,E09000022,E05000420,E43000212,0,531291,175277,1,E18000007,E40000003,E92000001,E12000007,5,E14000673,E15000007,E24000014,E30000234,E16000058,E09000022,00AYGD,E00015383,00AYGD,E99999999,E01003052,E02000633,5,2A2,E00015383,E01003052,E02000633,E33035130,E38000244,E34004707,E35000161,A1,3B3,51.461249,-0.111518,E37000051,,E23000001,4060,E56000010,E54000030
SW4 7SZ,198001,,E99999999,E99999999,E09000022,E05000419,E43000212,1,529573,175340,1,E18000007,E40000003,E92000001,E12000007,5,E14001008,E15000007,E24000014,E30000234,E16000058,E09000022,00AYGC,E00015327,00AYGC,E99999999,E01003041,E02000634,5,2A2,E00015327,E01003041,E02000634,E33035135,E38000244,E34004707,E35000161,A1,2D3,51.462211,-0.136211,E37000051,,E23000001,6008,E56000010,E54000030
SW2 1BE,198001,,E99999999,E99999999,E09000022,E05000420,E43000212,0,531323,174843,1,E18000007,E40000003,E92000001,E12000007,5,E14000673,E15000007,E24000014,E30000234,E16000058,E09000022,00AYGD,E00015346,00AYGD,E99999999,E01003043,E02000635,5,7B1,E00015346,E01003043,E02000635,E33035143,E38000244,E34004707,E35000161,A1,3D2,51.457341,-0.111219,E37000051,,E23000001,11557,E56000010,E54000030
SW4 9EE,198001,,E99999999,E99999999,E09000022,E05000418,E43000212,0,529268,174592,1,E18000007,E40000003,E92000001,E12000007,5,E14000978,E15000007,E24000014,E30000234,E16000058,E09000022,00AYGB,E00015262,00AYGB,E99999999,E01003026,E02000636,5,2A2,E00015262,E01003026,E02000636,E33035150,E38000244,E34004707,E35000161,A1,2D2,51.455558,-0.140872,E37000051,,E23000001,16610,E56000010,E54000030
SW2 5BE,198001,,E99999999,E99999999,E09000022,E05000417,E43000212,0,530462,174648,1,E18000007,E40000003,E92000001,E12000007,5,E14000978,E15000007,E24000014,E30000234,E16000058,E09000022,00AYGA,E00015223,00AYGA,E99999999,E01003018,E02000637,5,2A2,E00015223,E01003018,E02000637,E33035155,E38000244,E34004707,E35000161,A1,2D3,51.455788,-0.123676,E37000051,,E23000001,12382,E56000010,E54000030
SW2 5NF,198001,,E99999999,E99999999,E09000022,E05000417,E43000212,0,530388,173906,1,E18000007,E40000003,E92000001,E12000007,5,E14000978,E15000007,E24000014,E30000234,E16000058,E09000022,00AYGA,E00015237,00AYGA,E99999999,E01003023,E02000638,5,2A2,E00015237,E01003023,E02000638,E33035159,E38000244,E34004707,E35000161,A1,2D2,51.449137,-0.125014,E37000051,,E23000001,14996,E56000010,E54000030
SW4 8HG,198001,,E99999999,E99999999,E09000022,E05000433,E43000212,0,529907,173886,1,E18000007,E40000003,E92000001,E12000007,5,E14000978,E15000007,E24000014,E30000234,E16000058,E09000022,00AYGS,E00015951,00AYGS,E99999999,E01003162,E02000639,5,7B2,E00015951,E01003162,E02000639,E33035162,E38000244,E34004707,E35000161,A1,3B1,51.449067,-0.131939,E37000051,,E23000001,9410,E56000010,E54000030
SW4 9LF,198001,,E99999999,E99999999,E09000022,E05000418,E43000212,0,529313,174270,1,E18000007,E40000003,E92000001,E12000007,5,E14000978,E15000007,E24000014,E30000234,E16000058,E09000022,00AYGB,E00015271,00AYGB,E99999999,E01003031,E02000640,5,2A2,E00015271,E01003031,E02000640,E33035165,E38000244,E34004707,E35000161,A1,2D2,51.452654,-0.140342,E37000051,,E23000001,11631,E56000010,E54000030
SW2 2RS,198001,,E99999999,E99999999,E09000022,E05000435,E43000212,0,531151,173372,1,E18000007,E40000003,E92000001,E12000007,5,E14000978,E15000007,E24000014,E30000234,E16000058,E09000022,00AYGU,E00016039,00AYGU,E99999999,E01003174,E02000641,5,7B2,E00016039,E01003174,E02000641,E33035168,E38000244,E34004707,E35000161,A1,3B1,51.444162,-0.114238,E37000051,,E23000001,6425,E56000010,E54000030
SE21 8LR,198001,,E99999999,E99999999,E09000022,E05000434,E43000212,0,532221,173532,1,E18000007,E40000003,E92000001,E12000007,5,E14000673,E15000007,E24000014,E30000234,E16000058,E09000022,00AYGT,E00016005,00AYGT,E99999999,E01003170,E02000642,5,7B1,E00016005,E01003170,E02000642,E33035174,E38000244,E34004707,E35000161,A1,4A3,51.445351,-0.098791,E37000051,,E23000001,21658,E56000010,E54000030
SW2 4PJ,198001,,E99999999,E99999999,E09000022,E05000430,E43000212,0,530185,172775,1,E18000007,E40000003,E92000001,E12000007,5,E14000978,E15000007,E24000014,E30000234,E16000058,E09000022,00AYGP,E00015814,00AYGP,E99999999,E01003131,E02000643,5,2B2,E00015814,E01003131,E02000643,E33035180,E38000244,E34004707,E35000161,A1,3D2,51.439019,-0.128349,E37000051,,E23000001,15900,E56000010,E54000030
SW16 2NS,198001,,E99999999,E99999999,E09000022,E05000432,E43000212,0,530729,172229,1,E18000007,E40000003,E92000001,E12000007,5,E14000978,E15000007,E24000014,E30000234,E16000058,E09000022,00AYGR,E00015918,00AYGR,E99999999,E01003152,E02000644,5,7A3,E00015918,E01003152,E02000644,E33035183,E38000244,E34004707,E35000161,A1,4C2,51.433987,-0.120728,E37000051,,E23000001,21006,E56000010,E54000030
SE21 8DR,198001,,E99999999,E99999999,E09000022,E05000422,E43000212,0,532699,172235,1,E18000007,E40000003,E92000001,E12000007,5,E14000673,E15000007,E24000014,E30000234,E16000058,E09000022,00AYGF,E00015443,00AYGF,E99999999,E01003064,E02000645,5,7B1,E00015443,E01003064,E02000645,E33035187,E38000244,E34004707,E35000161,A1,3D2,51.433584,-0.092402,E37000051,,E23000001,21253,E56000010,E54000030
SW16 2ND,198001,,E99999999,E99999999,E09000022,E05000432,E43000212,0,530332,172638,1,E18000007,E40000003,E92000001,E12000007,5,E14000978,E15000007,E24000014,E30000234,E16000058,E09000022,00AYGR,E00015908,00AYGR,E99999999,E01003153,E02000646,5,2A2,E00015908,E01003153,E02000646,E33035193,E38000244,E34004707,E35000161,A1,2D3,51.437754,-0.126286,E37000051,,E23000001,19158,E56000010,E54000030
SE27 0NF,198001,,E99999999,E99999999,E09000022,E05000424,E43000212,0,531271,171884,1,E18000007,E40000003,E92000001,E12000007,5,E14000673,E15000007,E24000014,E30000234,E16000058,E09000022,00AYGH,E00015566,00AYGH,E99999999,E01003083,E02000647,5,7B1,E00015566,E01003083,E02000647,E33035196,E38000244,E34004707,E35000161,A1,3D2,51.430762,-0.113063,E37000051,,E23000001,14658,E56000010,E54000030
SE19 3BH,200811,,E99999999,E99999999,E09000022,E05000424,E43000212,0,532369,171032,1,E18000007,E40000003,E92000001,E12000007,5,E14000673,E15000007,E24000014,E30000234,E16000058,E09000022,00AYGH,E00015549,00AYGH,E99999999,E01003086,E02000648,5,7B1,E00015549,E01003086,E02000648,E33035201,E38000244,E34004707,E35000161,A1,3D2,51.42285,-0.097596,E37000051,,E23000001,7351,E56000010,E54000030
SW16 2BF,200901,,E99999999,E99999999,E09000022,E05000428,E43000212,0,530075,171426,1,E18000007,E40000003,E92000001,E12000007,5,E14000978,E15000007,E24000014,E30000234,E16000058,E09000022,00AYGM,E00015716,00AYGM,E99999999,E01003120,E02000649,5,7B1,E00015716,E01003120,E02000649,E33035205,E38000244,E34004707,E35000161,A1,3D1,51.426921,-0.130426,E37000051,,E23000001,6716,E56000010,E54000030
SE19 1JD,198307,,E99999999,E99999999,E09000022,E05000422,E43000212,0,532912,171281,1,E18000007,E40000003,E92000001,E12000007,5,E14000673,E15000007,E24000014,E30000234,E16000058,E09000022,00AYGF,E00015456,00AYGF,E99999999,E01003070,E02000650,5,7B1,E00015456,E01003070,E02000650,E33035213,E38000244,E34004707,E35000161,A1,3A1,51.424961,-0.089698,E37000051,,E23000001,3295,E56000010,E54000030
SW16 5LL,198001,,E99999999,E99999999,E09000022,E05000431,E43000212,0,529898,170436,1,E18000007,E40000003,E92000001,E12000007,5,E14000978,E15000007,E24000014,E30000234,E16000058,E09000022,00AYGQ,E00015871,00AYGQ,E99999999,E01003145,E02000651,5,7B1,E00015871,E01003145,E02000651,E33035216,E38000244,E34004707,E35000161,A1,3D1,51.418065,-0.133307,E37000051,,E23000001,11635,E56000010,E54000030
SW16 5YR,199606,,E99999999,E99999999,E09000022,E05000431,E43000212,0,529059,169814,1,E18000007,E40000003,E92000001,E12000007,5,E14000978,E15000007,E24000014,E30000234,E16000058,E09000022,00AYGQ,E00015879,00AYGQ,E99999999,E01003143,E02000652,5,7B1,E00015879,E01003143,E02000652,E33035220,E38000244,E34004707,E35000161,A1,4B1,51.412667,-0.145618,E37000051,,E23000001,8591,E56000010,E54000030
SE8 5DT,198001,,E99999999,E99999999,E09000023,E05000443,E43000213,0,536186,178838,1,E18000007,E40000003,E92000001,E12000007,5,E14000789,E15000007,E24000015,E30000234,E16000060,E09000023,00AZGK,E00016397,00AZGK,E99999999,E01003250,E02000653,5,7B1,E00016397,E01003250,E02000653,E33035224,E38000244,E34004707,E35000058,A1,3D1,51.492093,-0.039729,E37000051,,E23000001,7991,E56000010,E54000030
SE8 5TW,199906,,E99999999,E99999999,E09000023,E05000443,E43000213,0,536819,177646,1,E18000007,E40000003,E92000001,E12000007,5,E14000789,E15000007,E24000015,E30000234,E16000060,E09000023,00AZGK,E00016396,00AZGK,E99999999,E01003253,E02000654,5,7B2,E00016396,E01003253,E02000654,E33035226,E38000244,E34004707,E35000058,A1,3A1,51.48123,-0.031052,E37000051,,E23000001,5562,E56000010,E54000030
SE14 5FS,201507,,E99999999,E99999999,E09000023,E05000449,E43000213,0,535487,177293,1,E18000007,E40000003,E92000001,E12000007,5,E14000789,E15000007,E24000015,E30000234,E16000060,E09000023,00AZGR,E00016701,00AZGR,E99999999,E01003305,E02000655,5,7B1,E00016701,E01003305,E02000655,E33035230,E38000244,E34004707,E35000058,A1,3D2,51.478377,-0.050384,E37000051,,E23000001,3393,E56000010,E54000030
SE14 6NH,198001,,E99999999,E99999999,E09000023,E05000439,E43000213,0,536413,176915,1,E18000007,E40000003,E92000001,E12000007,5,E14000789,E15000007,E24000015,E30000234,E16000060,E09000023,00AZGF,E00016234,00AZGF,E99999999,E01003215,E02000657,5,7B1,E00173941,E01003215,E02000657,E33031748,E38000244,E34004707,E35000058,A1,2A1,51.474758,-0.037204,E37000051,,E23000001,10868,E56000010,E54000030
SE14 5SN,198001,,E99999999,E99999999,E09000023,E05000453,E43000213,0,535610,176022,1,E18000007,E40000003,E92000001,E12000007,5,E14000789,E15000007,E24000015,E30000234,E16000060,E09000023,00AZGW,E00016890,00AZGW,E99999999,E01003343,E02000658,5,7B2,E00016890,E01003343,E02000658,E33035240,E38000244,E34004707,E35000058,A1,3B1,51.466926,-0.049101,E37000051,,E23000001,12904,E56000010,E54000030
SE13 7PR,198001,,E99999999,E99999999,E09000023,E05000438,E43000213,0,538292,176247,1,E18000007,E40000003,E92000001,E12000007,5,E14000787,E15000007,E24000015,E30000234,E16000060,E09000023,00AZGE,E00016164,00AZGE,E99999999,E01003201,E02000659,5,7B1,E00016164,E01003201,E02000659,E33035244,E38000244,E34004707,E35000058,A1,3D2,51.4683,-0.010427,E37000051,,E23000001,8912,E56000010,E54000030
SE8 4ES,198001,,E99999999,E99999999,E09000023,E05000439,E43000213,0,537248,176733,1,E18000007,E40000003,E92000001,E12000007,5,E14000789,E15000007,E24000015,E30000234,E16000060,E09000023,00AZGF,E00016243,00AZGF,E99999999,E01003208,E02000660,5,7B1,E00173952,E01033324,E02000660,E33035247,E38000244,E34004707,E35000058,A1,3D2,51.472921,-0.025259,E37000051,,E23000001,6828,E56000010,E54000030
SE3 0WG,201102,,E99999999,E99999999,E09000023,E05000438,E43000213,1,539671,176044,1,E18000007,E40000003,E92000001,E12000007,5,E14000787,E15000007,E24000015,E30000234,E16000060,E09000023,00AZGE,E00016171,00AZGE,E99999999,E01003200,E02000661,5,2B2,E00016171,E01003200,E02000661,E33030402,E38000244,E34004707,E35000058,A1,2D3,51.466137,0.009333,E37000051,,E23000001,22667,E56000010,E54000030
SE4 2PS,198001,,E99999999,E99999999,E09000023,E05000453,E43000213,0,536142,175450,1,E18000007,E40000003,E92000001,E12000007,5,E14000789,E15000007,E24000015,E30000234,E16000060,E09000023,00AZGW,E00016905,00AZGW,E99999999,E01003336,E02000662,5,7B1,E00016905,E01003336,E02000662,E33035259,E38000244,E34004707,E35000058,A1,3D2,51.461659,-0.041667,E37000051,,E23000001,6255,E56000010,E54000030
SE13 7TX,198001,,E99999999,E99999999,E09000023,E05000446,E43000213,0,537436,175836,1,E18000007,E40000003,E92000001,E12000007,5,E14000789,E15000007,E24000015,E30000234,E16000060,E09000023,00AZGN,E00016561,00AZGN,E99999999,E01003277,E02000663,5,7B1,E00016561,E01003277,E02000663,E33035262,E38000244,E34004707,E35000058,A1,3D2,51.464815,-0.022902,E37000051,,E23000001,12566,E56000010,E54000030
SE13 7FX,201808,,E99999999,E99999999,E09000023,E05000448,E43000213,0,538109,175372,1,E18000007,E40000003,E92000001,E12000007,5,E14000789,E15000007,E24000015,E30000234,E16000060,E09000023,00AZGQ,E00016637,00AZGQ,E99999999,E01003289,E02000664,5,7B1,E00016637,E01033327,E02000664,E33035265,E38000244,E34004707,E35000058,A1,3D1,51.460482,-0.013375,E37000051,,E23000001,6379,E56000010,E54000030
SE13 5QU,198001,,E99999999,E99999999,E09000023,E05000447,E43000213,0,539188,175104,1,E18000007,E40000003,E92000001,E12000007,5,E14000787,E15000007,E24000015,E30000234,E16000060,E09000023,00AZGP,E00016626,00AZGP,E99999999,E01003284,E02000665,5,7A3,E00016626,E01003284,E02000665,E33035273,E38000244,E34004707,E35000058,A1,4A3,51.457809,0.002015,E37000051,,E23000001,14973,E56000010,E54000030
SE4 1JA,198001,,E99999999,E99999999,E09000023,E05000446,E43000213,0,537193,174752,1,E18000007,E40000003,E92000001,E12000007,5,E14000789,E15000007,E24000015,E30000234,E16000060,E09000023,00AZGN,E00016549,00AZGN,E99999999,E01003276,E02000666,5,7A3,E00016549,E01003276,E02000666,E33035275,E38000244,E34004707,E35000058,A1,4A3,51.455133,-0.026818,E37000051,,E23000001,13770,E56000010,E54000030
SE4 2BD,198001,,E99999999,E99999999,E09000023,E05000441,E43000213,0,536516,175098,1,E18000007,E40000003,E92000001,E12000007,5,E14000789,E15000007,E24000015,E30000234,E16000060,E09000023,00AZGH,E00016323,00AZGH,E99999999,E01003231,E02000667,5,7B1,E00016323,E01003231,E02000667,E33035279,E38000244,E34004707,E35000058,A1,3D2,51.458406,-0.036422,E37000051,,E23000001,11609,E56000010,E54000030
SE12 8PY,198001,,E99999999,E99999999,E09000023,E05000447,E43000213,0,539858,174566,1,E18000007,E40000003,E92000001,E12000007,5,E14000787,E15000007,E24000015,E30000234,E16000060,E09000023,00AZGP,E00016588,00AZGP,E99999999,E01003285,E02000668,5,7B1,E00016588,E01003285,E02000668,E33035285,E38000244,E34004707,E35000058,A1,4C3,51.45281,0.01144,E37000051,,E23000001,20277,E56000010,E54000030
SE13 6UW,200401,,E99999999,E99999999,E09000023,E05000448,E43000213,0,538703,174111,1,E18000007,E40000003,E92000001,E12000007,5,E14000789,E15000007,E24000015,E30000234,E16000060,E09000023,00AZGQ,E00016665,00AZGQ,E99999999,E01003294,E02000669,5,7B1,E00173708,E01033320,E02000669,E33035287,E38000244,E34004707,E35000058,A1,2D3,51.449005,-0.00535,E37000051,,E23000001,12864,E56000010,E54000030
SE6 2BU,198001,,E99999999,E99999999,E09000023,E05000451,E43000213,0,537927,173845,1,E18000007,E40000003,E92000001,E12000007,5,E14000787,E15000007,E24000015,E30000234,E16000060,E09000023,00AZGT,E00016791,00AZGT,E99999999,E01003325,E02000670,5,7B1,E00016791,E01003325,E02000670,E33035291,E38000244,E34004707,E35000058,A1,3A1,51.446804,-0.016614,E37000051,,E23000001,5420,E56000010,E54000030
SE6 4UU,198001,,E99999999,E99999999,E09000023,E05000441,E43000213,0,536651,173423,1,E18000007,E40000003,E92000001,E12000007,5,E14000789,E15000007,E24000015,E30000234,E16000060,E09000023,00AZGH,E00016320,00AZGH,E99999999,E01003230,E02000671,5,7B1,E00016320,E01003230,E02000671,E33035295,E38000244,E34004707,E35000058,A1,3D2,51.443321,-0.035127,E37000051,,E23000001,12776,E56000010,E54000030
SE6 4XS,198001,,E99999999,E99999999,E09000023,E05000451,E43000213,0,537221,173518,1,E18000007,E40000003,E92000001,E12000007,5,E14000787,E15000007,E24000015,E30000234,E16000060,E09000023,00AZGT,E00016798,00AZGT,E99999999,E01003317,E02000672,5,7B1,E00016798,E01003317,E02000672,E33035300,E38000244,E34004707,E35000058,A1,3A1,51.444037,-0.026894,E37000051,,E23000001,9020,E56000010,E54000030
SE23 3HD,198001,,E99999999,E99999999,E09000023,E05000444,E43000213,1,535388,172923,1,E18000007,E40000003,E92000001,E12000007,5,E14000788,E15000007,E24000015,E30000234,E16000060,E09000023,00AZGL,E00016461,00AZGL,E99999999,E01003255,E02000673,5,2A2,E00173944,E01003255,E02000673,E33031749,E38000244,E34004707,E35000058,A1,3D1,51.439131,-0.05348,E37000051,,E23000001,16542,E56000010,E54000030
SE6 1NG,198001,,E99999999,E99999999,E09000023,E05000440,E43000213,0,539180,173249,1,E18000007,E40000003,E92000001,E12000007,5,E14000787,E15000007,E24000015,E30000234,E16000060,E09000023,00AZGG,E00016284,00AZGG,E99999999,E01003222,E02000674,5,7B1,E00016284,E01003222,E02000674,E33035311,E38000244,E34004707,E35000058,A1,3D2,51.441142,0.001171,E37000051,,E23000001,12694,E56000010,E54000030
SE12 0NB,198001,,E99999999,E99999999,E09000023,E05000445,E43000213,0,539962,173639,1,E18000007,E40000003,E92000001,E12000007,5,E14000787,E15000007,E24000015,E30000234,E16000060,E09000023,00AZGM,E00016540,00AZGM,E99999999,E01003268,E02000675,5,6A2,E00016540,E01003268,E02000675,E33035314,E38000244,E34004707,E35000058,A1,4C3,51.444454,0.012569,E37000051,,E23000001,12132,E56000010,E54000030
SE23 2ES,198001,,E99999999,E99999999,E09000023,E05000450,E43000213,0,536058,173120,1,E18000007,E40000003,E92000001,E12000007,5,E14000788,E15000007,E24000015,E30000234,E16000060,E09000023,00AZGS,E00016733,00AZGS,E99999999,E01003316,E02000676,5,7B1,E00016733,E01003316,E02000676,E33035316,E38000244,E34004707,E35000058,A1,3D2,51.44074,-0.043745,E37000051,,E23000001,16797,E56000010,E54000030
SE6 9PN,201710,,E99999999,E99999999,E09000023,E05000440,E43000213,1,537721,172900,1,E18000007,E40000003,E92000001,E12000007,5,E14000787,E15000007,E24000015,E30000234,E16000060,E09000023,00AZGG,E00016265,00AZGG,E99999999,E01003221,E02000677,5,7B1,E00016265,E01003221,E02000677,E33030406,E38000244,E34004707,E35000058,A1,3A1,51.438362,-0.019918,E37000051,,E23000001,7242,E56000010,E54000030
SE6 1TW,198001,,E99999999,E99999999,E09000023,E05000454,E43000213,0,539651,172662,1,E18000007,E40000003,E92000001,E12000007,5,E14000787,E15000007,E24000015,E30000234,E16000060,E09000023,00AZGX,E00016946,00AZGX,E99999999,E01003346,E02000678,5,7A2,E00016946,E01003346,E02000678,E33035322,E38000244,E34004707,E35000058,A1,4A3,51.435752,0.007712,E37000051,,E23000001,6095,E56000010,E54000030
SE26 4AG,198001,,E99999999,E99999999,E09000023,E05000450,E43000213,0,536224,172062,1,E18000007,E40000003,E92000001,E12000007,5,E14000788,E15000007,E24000015,E30000234,E16000060,E09000023,00AZGS,E00016774,00AZGS,E99999999,E01003312,E02000679,5,7A3,E00016774,E01003312,E02000679,E33035327,E38000244,E34004707,E35000058,A1,4A3,51.431193,-0.04179,E37000051,,E23000001,16478,E56000010,E54000030
SE26 6AW,198001,,E99999999,E99999999,E09000023,E05000444,E43000213,0,534526,172036,1,E18000007,E40000003,E92000001,E12000007,5,E14000788,E15000007,E24000015,E30000234,E16000060,E09000023,00AZGL,E00016479,00AZGL,E99999999,E01003258,E02000680,5,7B2,E00016479,E01003258,E02000680,E33035330,E38000244,E34004707,E35000058,A1,3B1,51.431365,-0.066211,E37000051,,E23000001,7446,E56000010,E54000030
SE6 3LD,198001,,E99999999,E99999999,E09000023,E05000437,E43000213,0,537423,172376,1,E18000007,E40000003,E92000001,E12000007,5,E14000788,E15000007,E24000015,E30000234,E16000060,E09000023,00AZGD,E00016125,00AZGD,E99999999,E01003196,E02000681,5,7A2,E00016125,E01003196,E02000681,E33035333,E38000244,E34004707,E35000058,A1,4A3,51.433726,-0.024432,E37000051,,E23000001,3631,E56000010,E54000030
SE6 3AA,198001,,E99999999,E99999999,E09000023,E05000454,E43000213,0,538093,171743,1,E18000007,E40000003,E92000001,E12000007,5,E14000787,E15000007,E24000015,E30000234,E16000060,E09000023,00AZGX,E00016937,00AZGX,E99999999,E01003352,E02000682,5,7A3,E00016937,E01003352,E02000682,E33035338,E38000244,E34004707,E35000058,A1,4C1,51.427875,-0.015046,E37000051,,E23000001,7572,E56000010,E54000030
SE12 9QZ,198001,,E99999999,E99999999,E09000023,E05000445,E43000213,0,541470,171780,1,E18000007,E40000003,E92000001,E12000007,5,E14000787,E15000007,E24000015,E30000234,E16000060,E09000023,00AZGM,E00016537,00AZGM,E99999999,E01003267,E02000683,5,7A2,E00016537,E01003267,E02000683,E33035341,E38000244,E34004707,E35000058,A1,4A3,51.427375,0.033511,E37000051,,E23000001,5847,E56000010,E54000030
SE26 4LL,198001,,E99999999,E99999999,E09000023,E05000452,E43000213,0,535315,172076,1,E18000007,E40000003,E92000001,E12000007,5,E14000788,E15000007,E24000015,E30000234,E16000060,E09000023,00AZGU,E00016830,00AZGU,E99999999,E01003329,E02000685,5,7A3,E00016830,E01003329,E02000685,E33035346,E38000244,E34004707,E35000058,A1,4C3,51.431537,-0.054853,E37000051,,E23000001,15104,E56000010,E54000030
SE6 3RW,198001,,E99999999,E99999999,E09000023,E05000437,E43000213,0,537884,171508,1,E18000007,E40000003,E92000001,E12000007,5,E14000788,E15000007,E24000015,E30000234,E16000060,E09000023,00AZGD,E00016146,00AZGD,E99999999,E01003192,E02000686,5,7B1,E00016146,E01003192,E02000686,E33035350,E38000244,E34004707,E35000058,A1,3A1,51.425814,-0.018142,E37000051,,E23000001,2371,E56000010,E54000030
SE26 4EY,198001,,E99999999,E99999999,E09000023,E05000452,E43000213,0,536220,171693,1,E18000007,E40000003,E92000001,E12000007,5,E14000788,E15000007,E24000015,E30000234,E16000060,E09000023,00AZGU,E00016837,00AZGU,E99999999,E01003333,E02000687,5,7A2,E00016837,E01003333,E02000687,E33035354,E38000244,E34004707,E35000058,A1,4A3,51.427878,-0.04199,E37000051,,E23000001,10875,E56000010,E54000030
SW19 8BS,200807,,E99999999,E99999999,E09000024,E05000474,E43000214,0,526016,171488,1,E18000007,E40000003,E92000001,E12000007,5,E14001040,E15000007,E24000016,E30000234,E16000068,E09000024,00BAGS,E00017577,00BAGS,E99999999,E01003475,E02000689,5,7A3,E00166829,E01003475,E02000689,E33035359,E38000245,E34004707,E35000859,A1,3A1,51.428395,-0.188756,E37000051,,E23000001,16682,E56000021,E54000031
SW19 5JB,198001,,E99999999,E99999999,E09000024,E05000472,E43000214,0,524008,172129,1,E18000007,E40000003,E92000001,E12000007,5,E14001040,E15000007,E24000016,E30000234,E16000068,E09000024,00BAGQ,E00017530,00BAGQ,E99999999,E01003464,E02000690,5,2B2,E00017530,E01003464,E02000690,E33035363,E38000245,E34004707,E35000859,A1,2D1,51.434598,-0.2174,E37000051,,E23000001,29339,E56000021,E54000031
SW19 8SX,198001,,E99999999,E99999999,E09000024,E05000471,E43000214,0,525389,170564,1,E18000007,E40000003,E92000001,E12000007,5,E14001040,E15000007,E24000016,E30000234,E16000068,E09000024,00BAGP,E00017495,00BAGP,E99999999,E01003456,E02000691,5,2A2,E00017495,E01003456,E02000691,E33030446,E38000245,E34004707,E35000859,A1,3D1,51.42023,-0.198096,E37000051,,E23000001,21283,E56000021,E54000031
SW19 4LE,198001,,E99999999,E99999999,E09000024,E05000462,E43000214,0,524116,170207,1,E18000007,E40000003,E92000001,E12000007,5,E14001040,E15000007,E24000016,E30000234,E16000068,E09000024,00BAGE,E00017206,00BAGE,E99999999,E01003404,E02000692,5,2A2,E00017206,E01003404,E02000692,E33035376,E38000245,E34004707,E35000859,A1,2D1,51.4173,-0.216495,E37000051,,E23000001,25994,E56000021,E54000031
SW19 8SJ,198001,,E99999999,E99999999,E09000024,E05000471,E43000214,0,526101,171103,1,E18000007,E40000003,E92000001,E12000007,5,E14001040,E15000007,E24000016,E30000234,E16000068,E09000024,00BAGP,E00017499,00BAGP,E99999999,E01003455,E02000693,5,2B2,E00017499,E01003455,E02000693,E33035381,E38000245,E34004707,E35000859,A1,2D2,51.424916,-0.187646,E37000051,,E23000001,23343,E56000021,E54000031
SW19 1AU,198001,,E99999999,E99999999,E09000024,E05000455,E43000214,0,525834,170075,1,E18000007,E40000003,E92000001,E12000007,5,E14001040,E15000007,E24000016,E30000234,E16000068,E09000024,00BAFX,E00016977,00BAFX,E99999999,E01003360,E02000694,5,2B2,E00016977,E01003360,E02000694,E33035389,E38000245,E34004707,E35000859,A1,2D1,51.415736,-0.191849,E37000051,,E23000001,27696,E56000021,E54000031
CR4 2EJ,198001,,E99999999,E99999999,E09000024,E05000461,E43000214,0,528857,170089,1,E18000007,E40000003,E92000001,E12000007,5,E14000823,E15000007,E24000016,E30000234,E16000068,E09000024,00BAGD,E00017180,00BAGD,E99999999,E01003395,E02000695,5,7A3,E00017180,E01003395,E02000695,E33035395,E38000245,E34004707,E35000859,A1,4C2,51.415184,-0.148421,E37000051,,E23000001,22275,E56000021,E54000031
SW19 2QF,198001,,E99999999,E99999999,E09000024,E05000463,E43000214,0,526809,169610,1,E18000007,E40000003,E92000001,E12000007,5,E14000823,E15000007,E24000016,E30000234,E16000068,E09000024,00BAGF,E00017261,00BAGF,E99999999,E01003407,E02000696,5,2B2,E00017261,E01003407,E02000696,E33035397,E38000245,E34004707,E35000859,A1,4B1,51.411341,-0.178026,E37000051,,E23000001,22329,E56000021,E54000031
SW19 1TB,198001,,E99999999,E99999999,E09000024,E05000455,E43000214,0,525532,170216,1,E18000007,E40000003,E92000001,E12000007,5,E14001040,E15000007,E24000016,E30000234,E16000068,E09000024,00BAFX,E00016975,00BAFX,E99999999,E01003358,E02000697,5,2B2,E00016975,E01003358,E02000697,E33035407,E38000245,E34004707,E35000859,A1,2D1,51.417071,-0.196164,E37000051,,E23000001,30058,E56000021,E54000031
SW20 0SX,198001,,E99999999,E99999999,E09000024,E05000472,E43000214,0,522114,169817,1,E18000007,E40000003,E92000001,E12000007,5,E14001040,E15000007,E24000016,E30000234,E16000068,E09000024,00BAGQ,E00017524,00BAGQ,E99999999,E01003463,E02000698,5,4D1,E00017524,E01003463,E02000698,E33035408,E38000245,E34004707,E35000859,A1,6A1,51.41423,-0.245406,E37000051,,E23000001,31211,E56000021,E54000031
SW19 3PH,198001,,E99999999,E99999999,E09000024,E05000459,E43000214,0,524527,170089,1,E18000007,E40000003,E92000001,E12000007,5,E14001040,E15000007,E24000016,E30000234,E16000068,E09000024,00BAGB,E00017123,00BAGB,E99999999,E01003385,E02000699,5,2B2,E00017123,E01003385,E02000699,E33035414,E38000245,E34004707,E35000859,A1,2D2,51.41615,-0.210629,E37000051,,E23000001,31665,E56000021,E54000031
SW19 2UH,198001,,E99999999,E99999999,E09000024,E05000463,E43000214,0,526766,169379,1,E18000007,E40000003,E92000001,E12000007,5,E14000823,E15000007,E24000016,E30000234,E16000068,E09000024,00BAGF,E00017258,00BAGF,E99999999,E01003408,E02000700,5,7B1,E00017258,E01003408,E02000700,E33035422,E38000245,E34004707,E35000859,A1,3D1,51.409274,-0.178727,E37000051,,E23000001,22311,E56000021,E54000031
CR4 2AR,199606,,E99999999,E99999999,E09000024,E05000460,E43000214,0,528097,169491,1,E18000007,E40000003,E92000001,E12000007,5,E14000823,E15000007,E24000016,E30000234,E16000068,E09000024,00BAGC,E00017147,00BAGC,E99999999,E01003388,E02000701,5,7A3,E00017147,E01003388,E02000701,E33035427,E38000245,E34004707,E35000859,A1,4B1,51.409982,-0.15956,E37000051,,E23000001,10292,E56000021,E54000031
CR4 1NT,199308,,E99999999,E99999999,E09000024,E05000464,E43000214,0,528965,169966,1,E18000007,E40000003,E92000001,E12000007,5,E14000823,E15000007,E24000016,E30000234,E16000068,E09000024,00BAGG,E00017269,00BAGG,E99999999,E01003412,E02000702,5,7A2,E00017269,E01003412,E02000702,E33035429,E38000245,E34004707,E35000859,A1,4A3,51.414054,-0.146914,E37000051,,E23000001,12249,E56000021,E54000031
SW20 9LB,198001,,E99999999,E99999999,E09000024,E05000456,E43000214,0,524525,168710,1,E18000007,E40000003,E92000001,E12000007,5,E14001040,E15000007,E24000016,E30000234,E16000068,E09000024,00BAFY,E00017023,00BAFY,E99999999,E01003361,E02000703,5,7A3,E00017023,E01003361,E02000703,E33035430,E38000245,E34004707,E35000859,A1,4C3,51.403758,-0.211166,E37000051,,E23000001,25156,E56000021,E54000031
KT3 6JS,198001,,E99999999,E99999999,E09000024,E05000473,E43000214,0,522759,168188,1,E18000007,E40000003,E92000001,E12000007,5,E14001040,E15000007,E24000016,E30000234,E16000068,E09000024,00BAGR,E00017545,00BAGR,E99999999,E01003471,E02000704,5,7A3,E00017545,E01003471,E02000704,E33035437,E38000245,E34004707,E35000859,A1,4C3,51.399451,-0.236722,E37000051,,E23000001,27014,E56000021,E54000031
SW16 4HW,198001,,E99999999,E99999999,E09000024,E05000464,E43000214,0,529549,169268,1,E18000007,E40000003,E92000001,E12000007,5,E14000823,E15000007,E24000016,E30000234,E16000068,E09000024,00BAGG,E00017283,00BAGG,E99999999,E01003415,E02000705,5,7A3,E00017283,E01003415,E02000705,E33035442,E38000245,E34004707,E35000859,A1,4C2,51.407648,-0.138775,E37000051,,E23000001,14583,E56000021,E54000031
CR4 3AS,198001,,E99999999,E99999999,E09000024,E05000458,E43000214,0,527354,168735,1,E18000007,E40000003,E92000001,E12000007,5,E14000823,E15000007,E24000016,E30000234,E16000068,E09000024,00BAGA,E00017091,00BAGA,E99999999,E01003378,E02000706,5,7A3,E00017091,E01003378,E02000706,E33035447,E38000245,E34004707,E35000859,A1,4C2,51.403355,-0.170508,E37000051,,E23000001,15791,E56000021,E54000031
CR4 1BL,198001,,E99999999,E99999999,E09000024,E05000467,E43000214,0,529795,168668,1,E18000007,E40000003,E92000001,E12000007,5,E14000823,E15000007,E24000016,E30000234,E16000068,E09000024,00BAGK,E00017369,00BAGK,E99999999,E01003433,E02000707,5,7A3,E00017369,E01003433,E02000707,E33035452,E38000245,E34004707,E35000859,A1,4A3,51.4022,-0.13546,E37000051,,E23000001,16455,E56000021,E54000031
KT3 6PA,198001,,E99999999,E99999999,E09000024,E05000473,E43000214,0,522358,167634,1,E18000007,E40000003,E92000001,E12000007,5,E14001040,E15000007,E24000016,E30000234,E16000068,E09000024,00BAGR,E00017565,00BAGR,E99999999,E01003469,E02000708,5,7A3,E00017565,E01003469,E02000708,E33035456,E38000245,E34004707,E35000859,A1,4C3,51.394558,-0.242674,E37000051,,E23000001,17934,E56000021,E54000031
SM4 4EP,198001,,E99999999,E99999999,E09000024,E05000456,E43000214,0,524416,168347,1,E18000007,E40000003,E92000001,E12000007,5,E14001040,E15000007,E24000016,E30000234,E16000068,E09000024,00BAFY,E00017030,00BAFY,E99999999,E01003362,E02000709,5,6A2,E00017030,E01003362,E02000709,E33035457,E38000245,E34004707,E35000859,A1,5A2,51.400519,-0.212859,E37000051,,E23000001,26874,E56000021,E54000031
CR4 4YF,199507,,E99999999,E99999999,E09000024,E05000458,E43000214,1,527489,168429,1,E18000007,E40000003,E92000001,E12000007,5,E14000823,E15000007,E24000016,E30000234,E16000068,E09000024,00BAGA,E00017096,00BAGA,E99999999,E01003374,E02000710,5,7B1,E00017096,E01003374,E02000710,E33035462,E38000245,E34004707,E35000859,A1,4A3,51.400575,-0.168678,E37000051,,E23000001,7469,E56000021,E54000031
SM4 6QQ,198001,,E99999999,E99999999,E09000024,E05000470,E43000214,0,526065,167350,1,E18000007,E40000003,E92000001,E12000007,5,E14000823,E15000007,E24000016,E30000234,E16000068,E09000024,00BAGN,E00017449,00BAGN,E99999999,E01003448,E02000711,5,7A2,E00017449,E01003448,E02000711,E33035470,E38000245,E34004707,E35000859,A1,4A3,51.391195,-0.189521,E37000051,,E23000001,11020,E56000021,E54000031
SM4 5NQ,200112,,E99999999,E99999999,E09000024,E05000470,E43000214,0,525432,167413,1,E18000007,E40000003,E92000001,E12000007,5,E14000823,E15000007,E24000016,E30000234,E16000068,E09000024,00BAGN,E00017461,00BAGN,E99999999,E01003452,E02000712,5,5B4,E00017461,E01003452,E02000712,E33035471,E38000245,E34004707,E35000859,A1,3A1,51.391902,-0.198591,E37000051,,E23000001,9580,E56000021,E54000031
SM4 4SU,198001,,E99999999,E99999999,E09000024,E05000465,E43000214,0,523986,167154,1,E18000007,E40000003,E92000001,E12000007,5,E14000823,E15000007,E24000016,E30000234,E16000068,E09000024,00BAGH,E00017321,00BAGH,E99999999,E01003422,E02000713,5,6A2,E00017321,E01003422,E02000713,E33035476,E38000245,E34004707,E35000859,A1,5A2,51.389891,-0.21943,E37000051,,E23000001,25586,E56000021,E54000031
E7 0EH,198704,,E99999999,E99999999,E09000025,E05000483,E43000215,0,540464,185782,1,E18000007,E40000003,E92000001,E12000007,5,E14001032,E15000007,E24000015,E30000234,E16000012,E09000025,00BBGK,E00017905,00BBGK,E99999999,E01003550,E02000714,5,7B1,E00017905,E01003550,E02000714,E33035481,E38000255,E34004707,E35001394,A1,4B1,51.553445,0.024618,E37000051,,E23000001,9615,E56000028,E54000029
E12 5NJ,198001,,E99999999,E99999999,E09000025,E05000487,E43000215,0,543245,185547,1,E18000007,E40000003,E92000001,E12000007,5,E14000679,E15000007,E24000015,E30000234,E16000012,E09000025,00BBGP,E00018074,00BBGP,E99999999,E01003582,E02000715,5,7A1,E00018074,E01003582,E02000715,E33035485,E38000255,E34004707,E35001394,A1,4B1,51.550635,0.064607,E37000051,,E23000001,7600,E56000028,E54000029
E12 5HZ,198001,,E99999999,E99999999,E09000025,E05000487,E43000215,0,542443,185825,1,E18000007,E40000003,E92000001,E12000007,5,E14000679,E15000007,E24000015,E30000234,E16000012,E09000025,00BBGP,E00018063,00BBGP,E99999999,E01003578,E02000716,5,7A3,E00018063,E01003578,E02000716,E33035487,E38000255,E34004707,E35001394,A1,3A2,51.553336,0.05316,E37000051,,E23000001,10059,E56000028,E54000029
E12 6AU,198001,,E99999999,E99999999,E09000025,E05000488,E43000215,0,542304,185295,1,E18000007,E40000003,E92000001,E12000007,5,E14000679,E15000007,E24000015,E30000234,E16000012,E09000025,00BBGQ,E00018103,00BBGQ,E99999999,E01003585,E02000717,5,7A3,E00175061,E01003585,E02000717,E33035490,E38000255,E34004707,E35001394,A1,4B1,51.548609,0.050942,E37000051,,E23000001,9049,E56000028,E54000029
E12 5RH,198001,,E99999999,E99999999,E09000025,E05000487,E43000215,0,543165,185732,1,E18000007,E40000003,E92000001,E12000007,5,E14000679,E15000007,E24000015,E30000234,E16000012,E09000025,00BBGP,E00018065,00BBGP,E99999999,E01003577,E02000718,5,7B2,E00018065,E01003577,E02000718,E33035493,E38000255,E34004707,E35001394,A1,3B1,51.552318,0.063529,E37000051,,E23000001,4012,E56000028,E54000029
E15 1SJ,198001,,E99999999,E99999999,E09000025,E05000483,E43000215,0,539313,185412,1,E18000007,E40000003,E92000001,E12000007,5,E14001032,E15000007,E24000015,E30000234,E16000012,E09000025,00BBGK,E00017928,00BBGK,E99999999,E01003548,E02000719,5,7B1,E00017928,E01003548,E02000719,E33035495,E38000255,E34004707,E35001394,A1,3A2,51.550406,0.007881,E37000051,,E23000001,12546,E56000028,E54000029
E7 0LP,198001,,E99999999,E99999999,E09000025,E05000483,E43000215,0,541111,185792,1,E18000007,E40000003,E92000001,E12000007,5,E14001032,E15000007,E24000015,E30000234,E16000012,E09000025,00BBGK,E00017912,00BBGK,E99999999,E01003547,E02000720,5,7A3,E00017912,E01003547,E02000720,E33035501,E38000255,E34004707,E35001394,A1,4B1,51.553374,0.033948,E37000051,,E23000001,15291,E56000028,E54000029
E7 9FN,202010,,E99999999,E99999999,E09000025,E05000484,E43000215,0,540405,185219,1,E18000007,E40000003,E92000001,E12000007,5,E14001032,E15000007,E24000015,E30000234,E16000012,E09000025,00BBGL,E00017939,00BBGL,E99999999,E01003556,E02000721,5,7B1,E00017939,E01003556,E02000721,E33035503,E38000255,E34004707,E35001394,A1,3A2,51.548403,0.02357,E37000051,,E23000001,3646,E56000028,E54000029
E15 4LB,198301,,E99999999,E99999999,E09000025,E05000484,E43000215,0,539687,184770,1,E18000007,E40000003,E92000001,E12000007,5,E14001032,E15000007,E24000015,E30000234,E16000012,E09000025,00BBGL,E00017961,00BBGL,E99999999,E01003553,E02000722,5,7B2,E00017961,E01003553,E02000722,E33035508,E38000255,E34004707,E35001394,A1,3B2,51.544544,0.013016,E37000051,,E23000001,5596,E56000028,E54000029
E7 8QR,200601,,E99999999,E99999999,E09000025,E05000481,E43000215,0,541945,184281,1,E18000007,E40000003,E92000001,E12000007,5,E14000679,E15000007,E24000015,E30000234,E16000012,E09000025,00BBGH,E00017843,00BBGH,E99999999,E01003531,E02000723,5,7A3,E00017843,E01003531,E02000723,E33035515,E38000255,E34004707,E35001394,A1,4B1,51.539588,0.04536,E37000051,,E23000001,8410,E56000028,E54000029
E7 8QD,198001,,E99999999,E99999999,E09000025,E05000488,E43000215,0,541769,184776,1,E18000007,E40000003,E92000001,E12000007,5,E14000679,E15000007,E24000015,E30000234,E16000012,E09000025,00BBGQ,E00018087,00BBGQ,E99999999,E01003589,E02000724,5,7A1,E00018087,E01003589,E02000724,E33035517,E38000255,E34004707,E35001394,A1,4B1,51.54408,0.043023,E37000051,,E23000001,9696,E56000028,E54000029
E15 1JL,198001,,E99999999,E99999999,E09000025,E05000492,E43000215,0,538860,185103,1,E18000007,E40000003,E92000001,E12000007,5,E14001032,E15000007,E24000015,E30000234,E16000012,E09000025,00BBGU,E00018222,00BBGU,E99999999,E01003616,E02000725,5,7B1,E00018222,E01003616,E02000725,E33035520,E38000255,E34004707,E35001394,A1,4B1,51.547741,0.00123,E37000051,,E23000001,8296,E56000028,E54000029
E15 1AZ,198001,,E99999999,E99999999,E09000025,E05000492,E43000215,0,538543,184432,1,E18000007,E40000003,E92000001,E12000007,5,E14001032,E15000007,E24000015,E30000234,E16000012,E09000025,00BBGU,E00018219,00BBGU,E99999999,E01003620,E02000726,5,7A2,E00175022,E01033583,E02000726,E33031877,E38000255,E34004707,E35001394,A1,2B2,51.541791,-0.003575,E37000051,,E23000001,9402,E56000028,E54000029
E7 8HB,198001,,E99999999,E99999999,E09000025,E05000485,E43000215,0,541153,184454,1,E18000007,E40000003,E92000001,E12000007,5,E14000679,E15000007,E24000015,E30000234,E16000012,E09000025,00BBGM,E00017982,00BBGM,E99999999,E01003562,E02000727,5,7A1,E00017982,E01003562,E02000727,E33035531,E38000255,E34004707,E35001394,A1,4B1,51.541341,0.034017,E37000051,,E23000001,10266,E56000028,E54000029
E6 2DW,198001,,E99999999,E99999999,E09000025,E05000493,E43000215,0,543087,184215,1,E18000007,E40000003,E92000001,E12000007,5,E14000679,E15000007,E24000015,E30000234,E16000012,E09000025,00BBGW,E00018289,00BBGW,E99999999,E01003628,E02000728,5,7A3,E00018289,E01003628,E02000728,E33035534,E38000255,E34004707,E35001394,A1,4B1,51.538706,0.061788,E37000051,,E23000001,13234,E56000028,E54000029
E15 4AY,198001,,E99999999,E99999999,E09000025,E05000494,E43000215,0,539636,184172,1,E18000007,E40000003,E92000001,E12000007,5,E14001032,E15000007,E24000015,E30000234,E16000012,E09000025,00BBGX,E00018325,00BBGX,E99999999,E01003635,E02000729,5,7A3,E00018325,E01003635,E02000729,E33035536,E38000255,E34004707,E35001394,A1,4B1,51.539184,0.012044,E37000051,,E23000001,10995,E56000028,E54000029
E13 0SH,198001,,E99999999,E99999999,E09000025,E05000486,E43000215,0,541017,183889,1,E18000007,E40000003,E92000001,E12000007,5,E14001032,E15000007,E24000015,E30000234,E16000012,E09000025,00BBGN,E00018034,00BBGN,E99999999,E01003569,E02000730,5,7A1,E00018034,E01003569,E02000730,E33035541,E38000255,E34004707,E35001394,A1,4B1,51.536298,0.031831,E37000051,,E23000001,9189,E56000028,E54000029
E6 2DE,198001,,E99999999,E99999999,E09000025,E05000480,E43000215,0,542494,184037,1,E18000007,E40000003,E92000001,E12000007,5,E14000679,E15000007,E24000015,E30000234,E16000012,E09000025,00BBGG,E00017826,00BBGG,E99999999,E01003520,E02000731,5,7A1,E00017826,E01003520,E02000731,E33035546,E38000255,E34004707,E35001394,A1,4B1,51.537257,0.053172,E37000051,,E23000001,9784,E56000028,E54000029
E6 1DZ,198001,,E99999999,E99999999,E09000025,E05000476,E43000215,0,541429,183750,1,E18000007,E40000003,E92000001,E12000007,5,E14000679,E15000007,E24000015,E30000234,E16000012,E09000025,00BBGC,E00017648,00BBGC,E99999999,E01003489,E02000732,5,7B2,E00017648,E01003489,E02000732,E33035548,E38000255,E34004707,E35001394,A1,3A2,51.534946,0.037711,E37000051,,E23000001,6119,E56000028,E54000029
E15 3JT,198001,,E99999999,E99999999,E09000025,E05000494,E43000215,0,539497,183763,1,E18000007,E40000003,E92000001,E12000007,5,E14001032,E15000007,E24000015,E30000234,E16000012,E09000025,00BBGX,E00018336,00BBGX,E99999999,E01003636,E02000733,5,7B2,E00018336,E01003636,E02000733,E33035556,E38000255,E34004707,E35001394,A1,3A1,51.535543,0.00988,E37000051,,E23000001,6945,E56000028,E54000029
E13 0LF,198001,,E99999999,E99999999,E09000025,E05000489,E43000215,0,540122,183389,1,E18000007,E40000003,E92000001,E12000007,5,E14001032,E15000007,E24000015,E30000234,E16000012,E09000025,00BBGR,E00018124,00BBGR,E99999999,E01003600,E02000734,5,7B1,E00018124,E01003600,E02000734,E33035557,E38000255,E34004707,E35001394,A1,3A2,51.532027,0.018736,E37000051,,E23000001,6130,E56000028,E54000029
E13 0PP,198001,,E99999999,E99999999,E09000025,E05000489,E43000215,0,540553,183587,1,E18000007,E40000003,E92000001,E12000007,5,E14001032,E15000007,E24000015,E30000234,E16000012,E09000025,00BBGR,E00018123,00BBGR,E99999999,E01003592,E02000735,5,7B1,E00018123,E01003592,E02000735,E33035563,E38000255,E34004707,E35001394,A1,4B1,51.533699,0.025025,E37000051,,E23000001,6110,E56000028,E54000029
E6 3QQ,198001,,E99999999,E99999999,E09000025,E05000482,E43000215,0,542610,182766,1,E18000007,E40000003,E92000001,E12000007,5,E14000679,E15000007,E24000015,E30000234,E16000012,E09000025,00BBGJ,E00017879,00BBGJ,E99999999,E01003537,E02000737,5,7B1,E00017879,E01003537,E02000737,E33035570,E38000255,E34004707,E35001394,A1,3A2,51.525807,0.054329,E37000051,,E23000001,10573,E56000028,E54000029
E6 3BX,198001,,E99999999,E99999999,E09000025,E05000476,E43000215,0,541876,183246,1,E18000007,E40000003,E92000001,E12000007,5,E14000679,E15000007,E24000015,E30000234,E16000012,E09000025,00BBGC,E00017675,00BBGC,E99999999,E01003493,E02000738,5,7A3,E00017675,E01003493,E02000738,E33035573,E38000255,E34004707,E35001394,A1,4B1,51.530305,0.043949,E37000051,,E23000001,9393,E56000028,E54000029
E13 8AT,198001,,E99999999,E99999999,E09000025,E05000489,E43000215,0,540469,182828,1,E18000007,E40000003,E92000001,E12000007,5,E14001032,E15000007,E24000015,E30000234,E16000012,E09000025,00BBGR,E00018120,00BBGR,E99999999,E01003594,E02000739,5,7B1,E00018120,E01003594,E02000739,E33035576,E38000255,E34004707,E35001394,A1,4B1,51.5269,0.023512,E37000051,,E23000001,8396,E56000028,E54000029
E16 4NU,199101,,E99999999,E99999999,E09000025,E05000477,E43000215,0,539527,182429,1,E18000007,E40000003,E92000001,E12000007,5,E14001032,E15000007,E24000015,E30000234,E16000012,E09000025,00BBGD,E00017697,00BBGD,E99999999,E01003500,E02000740,5,7A2,E00017697,E01003500,E02000740,E33035580,E38000255,E34004707,E35001394,A1,4A3,51.523548,0.009784,E37000051,,E23000001,6133,E56000028,E54000029
E13 9NZ,199906,,E99999999,E99999999,E09000025,E05000490,E43000215,0,540947,182763,1,E18000007,E40000003,E92000001,E12000007,5,E14001032,E15000007,E24000015,E30000234,E16000012,E09000025,00BBGS,E00018191,00BBGS,E99999999,E01003601,E02000741,5,7B1,E00018191,E01003601,E02000741,E33035584,E38000255,E34004707,E35001394,A1,3A2,51.526197,0.030372,E37000051,,E23000001,5153,E56000028,E54000029
E6 3QA,198001,,E99999999,E99999999,E09000025,E05000482,E43000215,0,542781,182298,1,E18000007,E40000003,E92000001,E12000007,5,E14000679,E15000007,E24000015,E30000234,E16000012,E09000025,00BBGJ,E00017871,00BBGJ,E99999999,E01003540,E02000742,5,7B1,E00017871,E01003540,E02000742,E33035585,E38000255,E34004707,E35001394,A1,4B1,51.521558,0.056603,E37000051,,E23000001,4673,E56000028,E54000029
E13 8DR,198001,,E99999999,E99999999,E09000025,E05000477,E43000215,0,540288,182303,1,E18000007,E40000003,E92000001,E12000007,5,E14001032,E15000007,E24000015,E30000234,E16000012,E09000025,00BBGD,E00017702,00BBGD,E99999999,E01003499,E02000743,5,7B2,E00017702,E01003499,E02000743,E33035593,E38000255,E34004707,E35001394,A1,3A2,51.522228,0.020696,E37000051,,E23000001,4081,E56000028,E54000029
E16 4AB,198001,,E99999999,E99999999,E09000025,E05000478,E43000215,0,540200,181793,1,E18000007,E40000003,E92000001,E12000007,5,E14001032,E15000007,E24000015,E30000234,E16000012,E09000025,00BBGE,E00017746,00BBGE,E99999999,E01003508,E02000744,5,7A2,E00017746,E01003508,E02000744,E33035597,E38000255,E34004707,E35001394,A1,4B1,51.517667,0.019225,E37000051,,E23000001,5231,E56000028,E54000029
E6 5JR,199806,,E99999999,E99999999,E09000025,E05000475,E43000215,0,542479,181955,1,E18000007,E40000003,E92000001,E12000007,5,E14000679,E15000007,E24000015,E30000234,E16000012,E09000025,00BBGB,E00017613,00BBGB,E99999999,E01003484,E02000745,5,7A3,E00017613,E01003484,E02000745,E33035599,E38000255,E34004707,E35001394,A1,4B1,51.518553,0.052114,E37000051,,E23000001,12241,E56000028,E54000029
E6 6LA,199806,,E99999999,E99999999,E09000025,E05000475,E43000215,0,543329,181815,1,E18000007,E40000003,E92000001,E12000007,5,E14000679,E15000007,E24000015,E30000234,E16000012,E09000025,00BBGB,E00017611,00BBGB,E99999999,E01003482,E02000746,5,7B1,E00017611,E01003482,E02000746,E33035602,E38000255,E34004707,E35001394,A1,3A2,51.51708,0.064327,E37000051,,E23000001,9464,E56000028,E54000029
E16 3AS,198001,,E99999999,E99999999,E09000025,E05000478,E43000215,0,540653,181027,1,E18000007,E40000003,E92000001,E12000007,5,E14001032,E15000007,E24000015,E30000234,E16000012,E09000025,00BBGE,E00017734,00BBGE,E99999999,E01003506,E02000747,5,7B1,E00017734,E01003506,E02000747,E33035612,E38000255,E34004707,E35001394,A1,4A3,51.510671,0.025444,E37000051,,E23000001,3005,E56000028,E54000029
E16 3TR,198604,,E99999999,E99999999,E09000025,E05000479,E43000215,0,541948,181160,1,E18000007,E40000003,E92000001,E12000007,5,E14001032,E15000007,E24000015,E30000234,E16000012,E09000025,00BBGF,E00017793,00BBGF,E99999999,E01003513,E02000748,5,7B1,E00017793,E01003513,E02000748,E33035614,E38000255,E34004707,E35001394,A1,4B1,51.511542,0.044146,E37000051,,E23000001,12640,E56000028,E54000029
E16 3AT,198001,,E99999999,E99999999,E09000025,E05000479,E43000215,0,540728,181027,1,E18000007,E40000003,E92000001,E12000007,5,E14001032,E15000007,E24000015,E30000234,E16000012,E09000025,00BBGF,E00017767,00BBGF,E99999999,E01003515,E02000749,5,7B2,E00017767,E01003515,E02000749,E33035616,E38000255,E34004707,E35001394,A1,3A1,51.510652,0.026524,E37000051,,E23000001,2533,E56000028,E54000029
E16 1SQ,199612,,E99999999,E99999999,E09000025,E05000491,E43000215,0,540257,180409,1,E18000007,E40000003,E92000001,E12000007,5,E14000679,E15000007,E24000015,E30000234,E16000012,E09000025,00BBGT,E00018200,00BBGT,E99999999,E01003612,E02000750,5,7B1,E00174993,E01033580,E02000750,E33035621,E38000255,E34004707,E35001394,A1,2D3,51.505216,0.019496,E37000051,,E23000001,25889,E56000028,E54000029
IG8 0HQ,198001,,E99999999,E99999999,E09000026,E05011249,E43000216,0,540945,191862,1,E18000007,E40000003,E92000001,E12000007,5,E14000634,E15000007,E24000015,E30000234,E16000083,E09000026,00BCGN,E00018849,00BCGN,E99999999,E01003748,E02000751,5,2B2,E00018849,E01003748,E02000751,E33035629,E38000255,E34004707,E35001173,A1,4C3,51.607958,0.033989,E37000051,,E23000001,30568,E56000028,E54000029
IG7 4NJ,198001,,E99999999,E99999999,E09000026,E05011245,E43000216,0,546213,192499,1,E18000007,E40000003,E92000001,E12000007,5,E14000759,E15000007,E24000015,E30000234,E16000083,E09000026,00BCGK,E00018716,00BCGK,E99999999,E01003723,E02000752,5,1B1,E00018716,E01003723,E02000752,E33035632,E38000255,E34004707,E35001173,A1,4A1,51.61234,0.110275,E37000051,,E23000001,8981,E56000028,E54000029
IG7 4PP,198001,,E99999999,E99999999,E09000026,E05011245,E43000216,0,545460,192311,1,E18000007,E40000003,E92000001,E12000007,5,E14000759,E15000007,E24000015,E30000234,E16000083,E09000026,00BCGK,E00018726,00BCGK,E99999999,E01003725,E02000753,5,7A2,E00018726,E01003725,E02000753,E33035637,E38000255,E34004707,E35001173,A1,4A3,51.610846,0.09933,E37000051,,E23000001,10042,E56000028,E54000029
IG8 7RJ,198001,,E99999999,E99999999,E09000026,E05011236,E43000216,0,541369,192591,1,E18000007,E40000003,E92000001,E12000007,5,E14000759,E15000007,E24000015,E30000234,E16000083,E09000026,00BCGA,E00018415,00BCGA,E99999999,E01003660,E02000754,5,6A2,E00018415,E01003660,E02000754,E33035639,E38000255,E34004707,E35001173,A1,4C1,51.614403,0.040402,E37000051,,E23000001,28631,E56000028,E54000029
IG8 8BP,198001,,E99999999,E99999999,E09000026,E05011236,E43000216,0,542704,191889,1,E18000007,E40000003,E92000001,E12000007,5,E14000759,E15000007,E24000015,E30000234,E16000083,E09000026,00BCGA,E00018424,00BCGA,E99999999,E01003656,E02000755,5,7B1,E00018424,E01003656,E02000755,E33035642,E38000255,E34004707,E35001173,A1,4A3,51.607758,0.059384,E37000051,,E23000001,9053,E56000028,E54000029
IG8 8RR,200306,,E99999999,E99999999,E09000026,E05011236,E43000216,0,543543,191531,1,E18000007,E40000003,E92000001,E12000007,5,E14000759,E15000007,E24000015,E30000234,E16000083,E09000026,00BCGG,E00018609,00BCGG,E99999999,E01003703,E02000756,5,6D1,E00175161,E01003703,E02000756,E33035645,E38000255,E34004707,E35001173,A1,4C3,51.604329,0.071345,E37000051,,E23000001,19424,E56000028,E54000029
E18 2AA,201804,,E99999999,E99999999,E09000026,E05011238,E43000216,0,540071,190580,1,E18000007,E40000003,E92000001,E12000007,5,E14000634,E15000007,E24000015,E30000234,E16000083,E09000026,00BCGC,E00018487,00BCGC,E99999999,E01003672,E02000757,5,2A2,E00175125,E01003672,E02000757,E33035658,E38000255,E34004707,E35001173,A1,2C1,51.596658,0.020891,E37000051,,E23000001,16827,E56000028,E54000029
IG5 0RR,198001,,E99999999,E99999999,E09000026,E05011243,E43000216,0,542971,190729,1,E18000007,E40000003,E92000001,E12000007,5,E14000759,E15000007,E24000015,E30000234,E16000083,E09000026,00BCGH,E00018668,00BCGH,E99999999,E01003708,E02000758,5,7A2,E00018668,E01003708,E02000758,E33035661,E38000255,E34004707,E35001173,A1,4A3,51.597268,0.062765,E37000051,,E23000001,8492,E56000028,E54000029
IG8 8QG,198001,,E99999999,E99999999,E09000026,E05011243,E43000216,0,541623,190427,1,E18000007,E40000003,E92000001,E12000007,5,E14000759,E15000007,E24000015,E30000234,E16000083,E09000026,00BCGQ,E00018909,00BCGQ,E99999999,E01003763,E02000759,5,7A3,E00018909,E01003763,E02000759,E33035663,E38000255,E34004707,E35001173,A1,4C3,51.594894,0.043194,E37000051,,E23000001,22891,E56000028,E54000029
IG6 2PL,200707,,E99999999,E99999999,E09000026,E05011242,E43000216,0,543959,190643,1,E18000007,E40000003,E92000001,E12000007,5,E14000759,E15000007,E24000015,E30000234,E16000083,E09000026,00BCGH,E00018645,00BCGH,E99999999,E01003705,E02000760,5,6D1,E00175164,E01003705,E02000760,E33035668,E38000255,E34004707,E35001173,A1,4C3,51.596245,0.07701,E37000051,,E23000001,19660,E56000028,E54000029
IG6 1JG,198001,,E99999999,E99999999,E09000026,E05011235,E43000216,0,543935,189450,1,E18000007,E40000003,E92000001,E12000007,5,E14000759,E15000007,E24000015,E30000234,E16000083,E09000026,00BCFZ,E00018395,00BCFZ,E99999999,E01003648,E02000762,5,6D2,E00018395,E01003648,E02000762,E33035671,E38000255,E34004707,E35001173,A1,4C3,51.58553,0.076149,E37000051,,E23000001,27567,E56000028,E54000029
IG6 1BW,198001,,E99999999,E99999999,E09000026,E05011234,E43000216,0,544559,189037,1,E18000007,E40000003,E92000001,E12000007,5,E14000759,E15000007,E24000015,E30000234,E16000083,E09000026,00BCFY,E00018341,00BCFY,E99999999,E01003639,E02000763,5,7A2,E00018341,E01003639,E02000763,E33035676,E38000255,E34004707,E35001173,A1,4C2,51.581659,0.084979,E37000051,,E23000001,14102,E56000028,E54000029
E18 2HJ,198001,,E99999999,E99999999,E09000026,E05011252,E43000216,0,539563,190063,1,E18000007,E40000003,E92000001,E12000007,5,E14000790,E15000007,E24000015,E30000234,E16000083,E09000026,00BCGS,E00018977,00BCGS,E99999999,E01003780,E02000764,5,4D1,E00018977,E01003780,E02000764,E33035682,E38000255,E34004707,E35001173,A1,4C1,51.592137,0.01333,E37000051,,E23000001,29644,E56000028,E54000029
IG2 6SH,198001,,E99999999,E99999999,E09000026,E05011235,E43000216,0,543809,188565,1,E18000007,E40000003,E92000001,E12000007,5,E14000759,E15000007,E24000015,E30000234,E16000083,E09000026,00BCFZ,E00018386,00BCFZ,E99999999,E01003647,E02000765,5,7A3,E00018386,E01003647,E02000765,E33035686,E38000255,E34004707,E35001173,A1,4C2,51.57761,0.073969,E37000051,,E23000001,20532,E56000028,E54000029
IG2 7LR,198001,,E99999999,E99999999,E09000026,E05011234,E43000216,0,544599,188540,1,E18000007,E40000003,E92000001,E12000007,5,E14000759,E15000007,E24000015,E30000234,E16000083,E09000026,00BCFY,E00018365,00BCFY,E99999999,E01003645,E02000767,5,7A3,E00018365,E01003645,E02000767,E33035689,E38000255,E34004707,E35001173,A1,4B1,51.577184,0.085378,E37000051,,E23000001,14895,E56000028,E54000029
E11 2JD,198001,,E99999999,E99999999,E09000026,E05011255,E43000216,0,541088,188509,1,E18000007,E40000003,E92000001,E12000007,5,E14000790,E15000007,E24000015,E30000234,E16000083,E09000026,00BCGU,E00019065,00BCGU,E99999999,E01003795,E02000768,5,7A3,E00019065,E01003795,E02000768,E33035694,E38000255,E34004707,E35001173,A1,4C3,51.577794,0.034706,E37000051,,E23000001,26624,E56000028,E54000029
IG3 8HY,198001,,E99999999,E99999999,E09000026,E05011250,E43000216,0,545293,187731,1,E18000007,E40000003,E92000001,E12000007,5,E14000760,E15000007,E24000015,E30000234,E16000083,E09000026,00BCGP,E00018866,00BCGP,E99999999,E01003757,E02000770,5,7A3,E00018866,E01003757,E02000770,E33035702,E38000255,E34004707,E35001173,A1,4B1,51.569736,0.095025,E37000051,,E23000001,14062,E56000028,E54000029
IG3 8UU,198001,,E99999999,E99999999,E09000026,E05011251,E43000216,0,546357,187938,1,E18000007,E40000003,E92000001,E12000007,5,E14000760,E15000007,E24000015,E30000234,E16000083,E09000026,00BCGR,E00018944,00BCGR,E99999999,E01003771,E02000772,5,7A3,E00018944,E01003771,E02000772,E33035706,E38000255,E34004707,E35001173,A1,4B1,51.571322,0.110479,E37000051,,E23000001,17062,E56000028,E54000029
IG1 4AB,198001,,E99999999,E99999999,E09000026,E05011246,E43000216,0,544501,187255,1,E18000007,E40000003,E92000001,E12000007,5,E14000760,E15000007,E24000015,E30000234,E16000083,E09000026,00BCGP,E00018876,00BCGP,E99999999,E01003758,E02000773,5,7A3,E00018876,E01003758,E02000773,E33035711,E38000255,E34004707,E35001173,A1,4B1,51.565662,0.08341,E37000051,,E23000001,13455,E56000028,E54000029
IG3 8SB,198001,,E99999999,E99999999,E09000026,E05011251,E43000216,0,545957,187366,1,E18000007,E40000003,E92000001,E12000007,5,E14000760,E15000007,E24000015,E30000234,E16000083,E09000026,00BCGR,E00018937,00BCGR,E99999999,E01003767,E02000774,5,7A3,E00018937,E01003767,E02000774,E33035716,E38000255,E34004707,E35001173,A1,4B1,51.566285,0.104448,E37000051,,E23000001,12449,E56000028,E54000029
IG1 4PE,199912,,E99999999,E99999999,E09000026,E05011253,E43000216,0,543446,186921,1,E18000007,E40000003,E92000001,E12000007,5,E14000760,E15000007,E24000015,E30000234,E16000083,E09000026,00BCGT,E00019007,00BCGT,E99999999,E01003781,E02000776,5,2A2,E00019007,E01003781,E02000776,E33035719,E38000255,E34004707,E35001173,A1,4C3,51.56293,0.068064,E37000051,,E23000001,16875,E56000028,E54000029
E11 3RL,199007,,E99999999,E99999999,E09000026,E05011254,E43000216,0,540884,186883,1,E18000007,E40000003,E92000001,E12000007,5,E14000790,E15000007,E24000015,E30000234,E16000083,E09000026,00BCGU,E00019060,00BCGU,E99999999,E01003793,E02000777,5,7B1,E00019060,E01003793,E02000777,E33035721,E38000255,E34004707,E35001173,A1,4A3,51.563235,0.031139,E37000051,,E23000001,10782,E56000028,E54000029
IG1 4EU,198001,,E99999999,E99999999,E09000026,E05011246,E43000216,0,543875,186806,1,E18000007,E40000003,E92000001,E12000007,5,E14000760,E15000007,E24000015,E30000234,E16000083,E09000026,00BCGT,E00019018,00BCGT,E99999999,E01003783,E02000779,5,7A3,E00019018,E01003783,E02000779,E33035724,E38000255,E34004707,E35001173,A1,4B1,51.561788,0.074201,E37000051,,E23000001,6193,E56000028,E54000029
IG1 1HE,198001,,E99999999,E99999999,E09000026,E05011240,E43000216,0,544455,185999,1,E18000007,E40000003,E92000001,E12000007,5,E14000760,E15000007,E24000015,E30000234,E16000083,E09000026,00BCGE,E00018557,00BCGE,E99999999,E01003683,E02000780,5,7A1,E00018557,E01003683,E02000780,E33035734,E38000255,E34004707,E35001173,A1,4B1,51.554388,0.082231,E37000051,,E23000001,14189,E56000028,E54000029
IG3 9FZ,199706,,E99999999,E99999999,E09000026,E05011248,E43000216,0,546209,186233,1,E18000007,E40000003,E92000001,E12000007,5,E14000760,E15000007,E24000015,E30000234,E16000083,E09000026,00BCGM,E00018815,00BCGM,E99999999,E01003737,E02000781,5,2B1,E00018815,E01003737,E02000781,E33035736,E38000255,E34004707,E35001173,A1,4B1,51.556039,0.10761,E37000051,,E23000001,19340,E56000028,E54000029
IG1 2HD,198001,,E99999999,E99999999,E09000026,E05011247,E43000216,0,543645,185814,1,E18000007,E40000003,E92000001,E12000007,5,E14000760,E15000007,E24000015,E30000234,E16000083,E09000026,00BCGL,E00018753,00BCGL,E99999999,E01003729,E02000782,5,7A3,E00018753,E01003729,E02000782,E33035743,E38000255,E34004707,E35001173,A1,4B1,51.552933,0.070481,E37000051,,E23000001,8275,E56000028,E54000029
IG1 2NY,198001,,E99999999,E99999999,E09000026,E05011247,E43000216,0,544077,184957,1,E18000007,E40000003,E92000001,E12000007,5,E14000760,E15000007,E24000015,E30000234,E16000083,E09000026,00BCGL,E00018778,00BCGL,E99999999,E01003736,E02000783,5,7A3,E00018778,E01003736,E02000783,E33035746,E38000255,E34004707,E35001173,A1,4B1,51.545122,0.076357,E37000051,,E23000001,10763,E56000028,E54000029
SW13 8AB,199606,,E99999999,E99999999,E09000027,E05000516,E43000217,0,523038,177337,1,E18000007,E40000003,E92000001,E12000007,5,E14000896,E15000007,E24000016,E30000234,E16000067,E09000027,00BDFW,E00019089,00BDFW,E99999999,E01003802,E02000784,5,7A3,E00019089,E01003802,E02000784,E33035750,E38000245,E34004707,E35001477,A1,5A2,51.481615,-0.229537,E37000051,,E23000001,30831,E56000021,E54000031
TW9 2PG,198001,,E99999999,E99999999,E09000027,E05000526,E43000217,0,518340,175285,1,E18000007,E40000003,E92000001,E12000007,5,E14000896,E15000007,E24000016,E30000266,E16000067,E09000027,00BDGG,E00019435,00BDGG,E99999999,E01003860,E02000785,5,2A2,E00019435,E01003860,E02000785,E33035756,E38000245,E34004707,E35001477,A1,2D1,51.464174,-0.297846,E37000051,,E23000001,25436,E56000021,E54000031
SW14 8BT,198001,,E99999999,E99999999,E09000027,E05000525,E43000217,0,521095,175565,1,E18000007,E40000003,E92000001,E12000007,5,E14000896,E15000007,E24000016,E30000234,E16000067,E09000027,00BDGF,E00019395,00BDGF,E99999999,E01003858,E02000786,5,7A3,E00019395,E01003858,E02000786,E33035765,E38000245,E34004707,E35001477,A1,5A3,51.466108,-0.25811,E37000051,,E23000001,31608,E56000021,E54000031
TW9 2JB,198001,,E99999999,E99999999,E09000027,E05000526,E43000217,0,518389,175338,1,E18000007,E40000003,E92000001,E12000007,5,E14000896,E15000007,E24000016,E30000266,E16000067,E09000027,00BDGG,E00019427,00BDGG,E99999999,E01003861,E02000787,5,2B2,E00019427,E01003861,E02000787,E33035781,E38000245,E34004707,E35001477,A1,2D2,51.46464,-0.297123,E37000051,,E23000001,26791,E56000021,E54000031
SW14 7PB,198001,,E99999999,E99999999,E09000027,E05000517,E43000217,0,520245,175274,1,E18000007,E40000003,E92000001,E12000007,5,E14000896,E15000007,E24000016,E30000266,E16000067,E09000027,00BDFX,E00019133,00BDFX,E99999999,E01003804,E02000788,5,2B2,E00019133,E01003804,E02000788,E33035789,E38000245,E34004707,E35001477,A1,2D1,51.463674,-0.27044,E37000051,,E23000001,29734,E56000021,E54000031
TW10 5DU,198001,,E99999999,E99999999,E09000027,E05000528,E43000217,0,519557,175254,1,E18000007,E40000003,E92000001,E12000007,5,E14000896,E15000007,E24000016,E30000266,E16000067,E09000027,00BDGJ,E00019504,00BDGJ,E99999999,E01003875,E02000789,5,2B1,E00019504,E01003875,E02000789,E33035793,E38000245,E34004707,E35001477,A1,4C3,51.46364,-0.280323,E37000051,,E23000001,27905,E56000021,E54000031
TW1 1RE,198001,,E99999999,E99999999,E09000027,E05000527,E43000217,0,516691,174330,1,E18000007,E40000003,E92000001,E12000007,5,E14001005,E15000007,E24000016,E30000266,E16000067,E09000027,00BDGH,E00019457,00BDGH,E99999999,E01003866,E02000790,5,2B2,E00019457,E01003866,E02000790,E33035800,E38000245,E34004707,E35001477,A1,2D2,51.455933,-0.321888,E37000051,,E23000001,31675,E56000021,E54000031
TW10 6LR,198001,,E99999999,E99999999,E09000027,E05000528,E43000217,0,518509,174498,1,E18000007,E40000003,E92000001,E12000007,5,E14000896,E15000007,E24000016,E30000266,E16000067,E09000027,00BDGJ,E00019491,00BDGJ,E99999999,E01003877,E02000791,5,2B1,E00019491,E01003877,E02000791,E33035802,E38000245,E34004707,E35001477,A1,2D1,51.457066,-0.295678,E37000051,,E23000001,29443,E56000021,E54000031
TW1 2QA,198001,,E99999999,E99999999,E09000027,E05000531,E43000217,0,517335,174398,1,E18000007,E40000003,E92000001,E12000007,5,E14001005,E15000007,E24000016,E30000266,E16000067,E09000027,00BDGM,E00019612,00BDGM,E99999999,E01003893,E02000792,5,2A2,E00019612,E01003893,E02000792,E33035806,E38000245,E34004707,E35001477,A1,2D1,51.456411,-0.312601,E37000051,,E23000001,28660,E56000021,E54000031
TW2 7AW,198001,,E99999999,E99999999,E09000027,E05000533,E43000217,0,513235,174005,1,E18000007,E40000003,E92000001,E12000007,5,E14001005,E15000007,E24000016,E30000266,E16000067,E09000027,00BDGP,E00019658,00BDGP,E99999999,E01003907,E02000793,5,7A2,E00019658,E01003907,E02000793,E33035813,E38000245,E34004707,E35001477,A1,4B1,51.453713,-0.371711,E37000051,,E23000001,13572,E56000021,E54000031
TW1 1BU,198001,,E99999999,E99999999,E09000027,E05000527,E43000217,0,515843,173865,1,E18000007,E40000003,E92000001,E12000007,5,E14001005,E15000007,E24000016,E30000266,E16000067,E09000027,00BDGH,E00019471,00BDGH,E99999999,E01003870,E02000794,5,2B2,E00019471,E01003870,E02000794,E33035820,E38000245,E34004707,E35001477,A1,5A2,51.451928,-0.334239,E37000051,,E23000001,29667,E56000021,E54000031
KT2 7LR,198001,,E99999999,E99999999,E09000027,E05000519,E43000217,0,519996,171073,1,E18000007,E40000003,E92000001,E12000007,5,E14000896,E15000007,E24000016,E30000266,E16000067,E09000027,00BDFZ,E00019181,00BDFZ,E99999999,E01003817,E02000795,5,2B1,E00019181,E01003817,E02000795,E33035824,E38000245,E34004707,E35000944,A1,5B1,51.425971,-0.275445,E37000051,,E23000001,23338,E56000021,E54000031
TW3 2LS,198001,,E99999999,E99999999,E09000027,E05000523,E43000217,0,513380,174185,1,E18000007,E40000003,E92000001,E12000007,5,E14001005,E15000007,E24000016,E30000266,E16000067,E09000027,00BDGD,E00019316,00BDGD,E99999999,E01003840,E02000796,5,7A3,E00019316,E01003840,E02000796,E33035827,E38000245,E34004707,E35001477,A1,4C2,51.455302,-0.369567,E37000051,,E23000001,19113,E56000021,E54000031
TW1 3NX,198001,,E99999999,E99999999,E09000027,E05000531,E43000217,0,516445,173319,1,E18000007,E40000003,E92000001,E12000007,5,E14001005,E15000007,E24000016,E30000266,E16000067,E09000027,00BDGM,E00019599,00BDGM,E99999999,E01003896,E02000797,5,6D1,E00019599,E01003896,E02000797,E33030534,E38000245,E34004707,E35001477,A1,5B1,51.446897,-0.325737,E37000051,,E23000001,27626,E56000021,E54000031
TW2 5LT,198001,,E99999999,E99999999,E09000027,E05000532,E43000217,0,514433,172314,1,E18000007,E40000003,E92000001,E12000007,5,E14001005,E15000007,E24000016,E30000266,E16000067,E09000027,00BDGN,E00019645,00BDGN,E99999999,E01003900,E02000798,5,7A2,E00019645,E01003900,E02000798,E33035843,E38000245,E34004707,E35001477,A1,4A1,51.438274,-0.355023,E37000051,,E23000001,13430,E56000021,E54000031
TW2 5QL,198001,,E99999999,E99999999,E09000027,E05000529,E43000217,0,515034,172545,1,E18000007,E40000003,E92000001,E12000007,5,E14001005,E15000007,E24000016,E30000266,E16000067,E09000027,00BDGK,E00019523,00BDGK,E99999999,E01003885,E02000799,5,2B1,E00019523,E01003885,E02000799,E33035849,E38000245,E34004707,E35001477,A1,5B1,51.440228,-0.346305,E37000051,,E23000001,29344,E56000021,E54000031
TW10 7YJ,198001,,E99999999,E99999999,E09000027,E05000519,E43000217,0,517144,171783,1,E18000007,E40000003,E92000001,E12000007,5,E14000896,E15000007,E24000016,E30000266,E16000067,E09000027,00BDFZ,E00019188,00BDFZ,E99999999,E01003820,E02000800,5,2B2,E00019188,E01003820,E02000800,E33035852,E38000245,E34004707,E35001477,A1,4C3,51.432948,-0.316213,E37000051,,E23000001,22800,E56000021,E54000031
TW11 8NJ,198001,,E99999999,E99999999,E09000027,E05000530,E43000217,0,515696,171678,1,E18000007,E40000003,E92000001,E12000007,5,E14001005,E15000007,E24000016,E30000266,E16000067,E09000027,00BDGL,E00019573,00BDGL,E99999999,E01003890,E02000801,5,6D1,E00019573,E01003890,E02000801,E33035856,E38000245,E34004707,E35001477,A1,5A3,51.432301,-0.337068,E37000051,,E23000001,28798,E56000021,E54000031
TW12 1JE,199201,,E99999999,E99999999,E09000027,E05000518,E43000217,0,514489,171280,1,E18000007,E40000003,E92000001,E12000007,5,E14001005,E15000007,E24000016,E30000266,E16000067,E09000027,00BDFY,E00019163,00BDFY,E99999999,E01003815,E02000802,5,2B2,E00019163,E01003815,E02000802,E33030500,E38000245,E34004707,E35001477,A1,2D1,51.428969,-0.354552,E37000051,,E23000001,25903,E56000021,E54000031
TW12 3JY,198001,,E99999999,E99999999,E09000027,E05000521,E43000217,0,512705,171458,1,E18000007,E40000003,E92000001,E12000007,5,E14001005,E15000007,E24000016,E30000266,E16000067,E09000027,00BDGB,E00019248,00BDGB,E99999999,E01003829,E02000803,5,7A2,E00019248,E01003829,E02000803,E33035866,E38000245,E34004707,E35001477,A1,4A3,51.430926,-0.380146,E37000051,,E23000001,9764,E56000021,E54000031
TW11 8PS,198109,,E99999999,E99999999,E09000027,E05000530,E43000217,0,515792,171031,1,E18000007,E40000003,E92000001,E12000007,5,E14001005,E15000007,E24000016,E30000266,E16000067,E09000027,00BDGL,E00019584,00BDGL,E99999999,E01003886,E02000804,5,2B2,E00019584,E01003886,E02000804,E33035873,E38000245,E34004707,E35001477,A1,2D2,51.426467,-0.335899,E37000051,,E23000001,31939,E56000021,E54000031
TW11 9DY,200307,,E99999999,E99999999,E09000027,E05000522,E43000217,0,516926,170516,1,E18000007,E40000003,E92000001,E12000007,5,E14001005,E15000007,E24000016,E30000266,E16000067,E09000027,00BDGC,E00019289,00BDGC,E99999999,E01003838,E02000805,5,6D1,E00019289,E01003838,E02000805,E33035880,E38000245,E34004707,E35001477,A1,5A3,51.421605,-0.319765,E37000051,,E23000001,27892,E56000021,E54000031
TW12 2EA,198001,,E99999999,E99999999,E09000027,E05000520,E43000217,0,514017,169495,1,E18000007,E40000003,E92000001,E12000007,5,E14001005,E15000007,E24000016,E30000266,E16000067,E09000027,00BDGA,E00019231,00BDGA,E99999999,E01003823,E02000806,5,6D1,E00019231,E01003823,E02000806,E33035890,E38000245,E34004707,E35001477,A1,5A3,51.413021,-0.361912,E37000051,,E23000001,28018,E56000021,E54000031
SE16 6RS,199912,,E99999999,E99999999,E09000028,E05011112,E43000218,0,535864,179761,1,E18000007,E40000003,E92000001,E12000007,5,E14000553,E15000007,E24000014,E30000234,E16000059,E09000028,00BEGT,E00020307,00BEGT,E99999999,E01004032,E02000807,5,2B2,E00020307,E01004032,E02000807,E33035897,E38000244,E34004707,E35001077,A1,2D1,51.500465,-0.044009,E37000051,,E23000001,26745,E56000010,E54000030
SE1 9LR,199712,,E99999999,E99999999,E09000028,E05011095,E43000218,0,531806,180405,1,E18000007,E40000003,E92000001,E12000007,5,E14000553,E15000007,E24000014,E30000234,E16000059,E09000028,00BEGE,E00019778,00BEGE,E99999999,E01003934,E02000808,5,2A2,E00019778,E01003934,E02000808,E33035904,E38000244,E34004707,E35001077,A1,2D3,51.507212,-0.102197,E37000051,,E23000001,15563,E56000010,E54000030
SE1 2EU,198001,,E99999999,E99999999,E09000028,E05011104,E43000218,0,533365,179987,1,E18000007,E40000003,E92000001,E12000007,5,E14000553,E15000007,E24000014,E30000234,E16000059,E09000028,00BEGS,E00020255,00BEGS,E99999999,E01004027,E02000809,5,2A2,E00020255,E01004027,E02000809,E33035910,E38000244,E34004707,E35001077,A1,2B2,51.503091,-0.079905,E37000051,,E23000001,14772,E56000010,E54000030
SE16 4UN,198001,,E99999999,E99999999,E09000028,E05011106,E43000218,1,534237,179634,1,E18000007,E40000003,E92000001,E12000007,5,E14000553,E15000007,E24000014,E30000234,E16000059,E09000028,00BEGS,E00020284,00BEGS,E99999999,E01004022,E02000810,5,7B2,E00020284,E01004022,E02000810,E33035929,E38000244,E34004707,E35001077,A1,3D3,51.499713,-0.067457,E37000051,,E23000001,11006,E56000010,E54000030
SE1P 5PY,200905,,E99999999,E99999999,E09000028,E05011104,E43000218,1,533378,178838,1,E18000007,E40000003,E92000001,E12000007,5,E14000553,E15000007,E24000014,E30000234,E16000059,E09000028,00BEGL,E00020027,00BEGL,E99999999,E01003979,E02000812,5,2A2,E00020027,E01003979,E02000812,E33030598,E38000244,E34004707,E35001077,A1,2D3,51.492762,-0.080152,E37000051,,E23000001,8253,E56000010,E54000030
SE16 7DH,199912,,E99999999,E99999999,E09000028,E05011112,E43000218,0,535489,179749,1,E18000007,E40000003,E92000001,E12000007,5,E14000553,E15000007,E24000014,E30000234,E16000059,E09000028,00BEGT,E00020302,00BEGT,E99999999,E01004033,E02000813,5,2A2,E00020302,E01004033,E02000813,E33035939,E38000244,E34004707,E35001077,A1,3B3,51.500447,-0.049413,E37000051,,E23000001,9550,E56000010,E54000030
SE16 7WB,199912,,E99999999,E99999999,E09000028,E05011117,E43000218,0,535871,178988,1,E18000007,E40000003,E92000001,E12000007,5,E14000553,E15000007,E24000014,E30000234,E16000059,E09000028,00BEGX,E00020425,00BEGX,E99999999,E01004059,E02000814,5,2A2,E00020425,E01004059,E02000814,E33035946,E38000244,E34004707,E35001077,A1,2D3,51.493517,-0.044206,E37000051,,E23000001,16765,E56000010,E54000030
SE1 4JR,200006,,E99999999,E99999999,E09000028,E05011098,E43000218,0,532605,179287,1,E18000007,E40000003,E92000001,E12000007,5,E14000553,E15000007,E24000014,E30000234,E16000059,E09000028,00BEGF,E00019809,00BEGF,E99999999,E01003936,E02000815,5,2A1,E00168080,E01003936,E02000815,E33035951,E38000244,E34004707,E35001077,A1,2B2,51.49698,-0.091085,E37000051,,E23000001,19694,E56000010,E54000030
SE16 3LU,198001,,E99999999,E99999999,E09000028,E05011116,E43000218,0,534674,178604,1,E18000007,E40000003,E92000001,E12000007,5,E14000553,E15000007,E24000014,E30000234,E16000059,E09000028,00BEGU,E00020335,00BEGU,E99999999,E01004037,E02000816,5,7B1,E00020335,E01004037,E02000816,E33035954,E38000244,E34004707,E35001077,A1,3D2,51.490353,-0.061584,E37000051,,E23000001,10262,E56000010,E54000030
SE16 3LH,198001,,E99999999,E99999999,E09000028,E05011109,E43000218,0,535240,178128,1,E18000007,E40000003,E92000001,E12000007,5,E14000615,E15000007,E24000014,E30000234,E16000059,E09000028,00BEGM,E00020058,00BEGM,E99999999,E01003987,E02000817,5,7B1,E00168004,E01003987,E02000817,E33035962,E38000244,E34004707,E35001077,A1,3A1,51.48594,-0.053619,E37000051,,E23000001,6166,E56000010,E54000030
SE17 3JW,198001,,E99999999,E99999999,E09000028,E05011105,E43000218,0,532008,178221,1,E18000007,E40000003,E92000001,E12000007,5,E14000553,E15000007,E24000014,E30000234,E16000059,E09000028,00BEGN,E00020102,00BEGN,E99999999,E01003994,E02000818,5,7B2,E00020102,E01003994,E02000818,E33035965,E38000244,E34004707,E35001077,A1,3D2,51.487539,-0.100105,E37000051,,E23000001,5652,E56000010,E54000030
SE1 5UY,198001,,E99999999,E99999999,E09000028,E05011116,E43000218,0,533235,178794,1,E18000007,E40000003,E92000001,E12000007,5,E14000553,E15000007,E24000014,E30000234,E16000059,E09000028,00BEGL,E00020031,00BEGL,E99999999,E01003980,E02000819,5,7B2,E00020031,E01003980,E02000819,E33035971,E38000244,E34004707,E35001077,A1,3B3,51.492401,-0.082227,E37000051,,E23000001,6731,E56000010,E54000030
SE17 3SU,198001,,E99999999,E99999999,E09000028,E05011105,E43000218,0,531840,178091,1,E18000007,E40000003,E92000001,E12000007,5,E14000553,E15000007,E24000014,E30000234,E16000059,E09000028,00BEGN,E00020116,00BEGN,E99999999,E01003999,E02000820,5,7B2,E00020116,E01003999,E02000820,E33035973,E38000244,E34004707,E35001077,A1,3B1,51.48641,-0.102571,E37000051,,E23000001,11075,E56000010,E54000030
SE1 5TY,198001,,E99999999,E99999999,E09000028,E05011102,E43000218,0,533307,178579,1,E18000007,E40000003,E92000001,E12000007,5,E14000553,E15000007,E24000014,E30000234,E16000059,E09000028,00BEGJ,E00019959,00BEGJ,E99999999,E01003966,E02000821,5,7A3,E00019959,E01003966,E02000821,E33035979,E38000244,E34004707,E35001077,A1,3D3,51.490453,-0.081246,E37000051,,E23000001,6529,E56000010,E54000030
SE17 1DR,198001,,E99999999,E99999999,E09000028,E05011107,E43000218,0,532477,178383,1,E18000007,E40000003,E92000001,E12000007,5,E14000553,E15000007,E24000014,E30000234,E16000059,E09000028,00BEGJ,E00019962,00BEGJ,E99999999,E01003963,E02000822,5,7B2,E00019962,E01003963,E02000822,E33035984,E38000244,E34004707,E35001077,A1,3B1,51.488885,-0.093293,E37000051,,E23000001,4510,E56000010,E54000030
SE17 2DP,198001,,E99999999,E99999999,E09000028,E05011102,E43000218,1,532449,178056,1,E18000007,E40000003,E92000001,E12000007,5,E14000615,E15000007,E24000014,E30000234,E16000059,E09000028,00BEGK,E00019983,00BEGK,E99999999,E01003969,E02000823,5,7B1,E00019983,E01003969,E02000823,E33035987,E38000244,E34004707,E35001077,A1,3B3,51.485953,-0.093819,E37000051,,E23000001,11322,E56000010,E54000030
SE15 6BW,198001,,E99999999,E99999999,E09000028,E05011109,E43000218,0,533998,177423,1,E18000007,E40000003,E92000001,E12000007,5,E14000615,E15000007,E24000014,E30000234,E16000059,E09000028,00BEGM,E00020062,00BEGM,E99999999,E01003990,E02000824,5,7B1,E00020062,E01003990,E02000824,E33035992,E38000244,E34004707,E35001077,A1,3A1,51.4799,-0.071763,E37000051,,E23000001,7510,E56000010,E54000030
SE15 6ET,200401,,E99999999,E99999999,E09000028,E05011110,E43000218,0,533300,177377,1,E18000007,E40000003,E92000001,E12000007,5,E14000615,E15000007,E24000014,E30000234,E16000059,E09000028,00BEGQ,E00020205,00BEGQ,E99999999,E01004012,E02000825,5,7B2,E00168018,E01004012,E02000825,E33035996,E38000244,E34004707,E35001077,A1,3A1,51.479651,-0.081826,E37000051,,E23000001,9413,E56000010,E54000030
SE5 5TB,200503,,E99999999,E99999999,E09000028,E05011115,E43000218,0,533249,176763,1,E18000007,E40000003,E92000001,E12000007,5,E14000615,E15000007,E24000014,E30000234,E16000059,E09000028,00BEGC,E00019717,00BEGC,E99999999,E01003911,E02000826,5,7B2,E00019717,E01003911,E02000826,E33035998,E38000244,E34004707,E35001077,A1,3B1,51.474146,-0.082791,E37000051,,E23000001,8105,E56000010,E54000030
SE5 0YW,198001,,E99999999,E99999999,E09000028,E05011096,E43000218,0,532338,177430,1,E18000007,E40000003,E92000001,E12000007,5,E14000615,E15000007,E24000014,E30000234,E16000059,E09000028,00BEGD,E00019757,00BEGD,E99999999,E01003924,E02000827,5,7B2,E00019757,E01003924,E02000827,E33036010,E38000244,E34004707,E35001077,A1,3B1,51.480353,-0.095651,E37000051,,E23000001,7459,E56000010,E54000030
SE15 5ER,198001,,E99999999,E99999999,E09000028,E05011113,E43000218,0,534181,176575,1,E18000007,E40000003,E92000001,E12000007,5,E14000615,E15000007,E24000014,E30000234,E16000059,E09000028,00BEGY,E00020477,00BEGY,E99999999,E01004067,E02000828,5,7B1,E00020477,E01004067,E02000828,E33030616,E38000244,E34004707,E35001077,A1,3D1,51.472236,-0.069451,E37000051,,E23000001,5696,E56000010,E54000030
SE15 2LJ,198106,,E99999999,E99999999,E09000028,E05011108,E43000218,0,535056,177069,1,E18000007,E40000003,E92000001,E12000007,5,E14000615,E15000007,E24000014,E30000234,E16000059,E09000028,00BEGP,E00020141,00BEGP,E99999999,E01004003,E02000829,5,7B1,E00020141,E01004003,E02000829,E33036015,E38000244,E34004707,E35001077,A1,3A1,51.476468,-0.056672,E37000051,,E23000001,5683,E56000010,E54000030
SE5 8JD,198001,,E99999999,E99999999,E09000028,E05011115,E43000218,0,532895,176648,1,E18000007,E40000003,E92000001,E12000007,5,E14000615,E15000007,E24000014,E30000234,E16000059,E09000028,00BEGC,E00019694,00BEGC,E99999999,E01003913,E02000830,5,7B1,E00019694,E01003913,E02000830,E33036023,E38000244,E34004707,E35001077,A1,3D3,51.473196,-0.087928,E37000051,,E23000001,15082,E56000010,E54000030
SE15 5DQ,198001,,E99999999,E99999999,E09000028,E05011113,E43000218,0,534211,176371,1,E18000007,E40000003,E92000001,E12000007,5,E14000615,E15000007,E24000014,E30000234,E16000059,E09000028,00BEGY,E00020458,00BEGY,E99999999,E01004061,E02000831,5,7B1,E00020458,E01004061,E02000831,E33036027,E38000244,E34004707,E35001077,A1,3D2,51.470396,-0.069097,E37000051,,E23000001,13156,E56000010,E54000030
SE15 3QP,198106,,E99999999,E99999999,E09000028,E05011108,E43000218,0,534871,175685,1,E18000007,E40000003,E92000001,E12000007,5,E14000615,E15000007,E24000014,E30000234,E16000059,E09000028,00BEGP,E00020148,00BEGP,E99999999,E01004001,E02000832,5,7B1,E00020148,E01004001,E02000832,E33036031,E38000244,E34004707,E35001077,A1,3A1,51.464074,-0.059862,E37000051,,E23000001,5613,E56000010,E54000030
SE22 8BG,201612,,E99999999,E99999999,E09000028,E05011097,E43000218,0,533388,175554,1,E18000007,E40000003,E92000001,E12000007,5,E14000615,E15000007,E24000014,E30000234,E16000059,E09000028,00BEGW,E00020400,00BEGW,E99999999,E01004045,E02000833,5,7B2,E00020400,E01004045,E02000833,E33036035,E38000244,E34004707,E35001077,A1,3B1,51.463249,-0.081221,E37000051,,E23000001,9397,E56000010,E54000030
SE22 8DX,198001,,E99999999,E99999999,E09000028,E05011103,E43000218,0,533626,175248,1,E18000007,E40000003,E92000001,E12000007,5,E14000673,E15000007,E24000014,E30000234,E16000059,E09000028,00BEGH,E00019899,00BEGH,E99999999,E01003953,E02000834,5,7A3,E00167687,E01003953,E02000834,E33036044,E38000244,E34004707,E35001077,A1,3D2,51.460443,-0.077912,E37000051,,E23000001,15542,E56000010,E54000030
SE15 3DQ,198001,,E99999999,E99999999,E09000028,E05011111,E43000218,0,535618,174775,1,E18000007,E40000003,E92000001,E12000007,5,E14000615,E15000007,E24000014,E30000234,E16000059,E09000028,00BEGR,E00020211,00BEGR,E99999999,E01004016,E02000835,5,7B1,E00020211,E01004016,E02000835,E33036047,E38000244,E34004707,E35001077,A1,4A3,51.455719,-0.049464,E37000051,,E23000001,14185,E56000010,E54000030
SE22 8LX,198001,,E99999999,E99999999,E09000028,E05011100,E43000218,0,533683,174278,1,E18000007,E40000003,E92000001,E12000007,5,E14000673,E15000007,E24000014,E30000234,E16000059,E09000028,00BEGZ,E00020521,00BEGZ,E99999999,E01004072,E02000836,5,7A3,E00020521,E01004072,E02000836,E33036054,E38000244,E34004707,E35001077,A1,3D2,51.451712,-0.077484,E37000051,,E23000001,25533,E56000010,E54000030
SE22 8TB,198001,,E99999999,E99999999,E09000028,E05011100,E43000218,0,533040,174515,1,E18000007,E40000003,E92000001,E12000007,5,E14000673,E15000007,E24000014,E30000234,E16000059,E09000028,00BEGZ,E00020519,00BEGZ,E99999999,E01004070,E02000837,5,6D1,E00020519,E01004070,E02000837,E33036061,E38000244,E34004707,E35001077,A1,5B1,51.453993,-0.086644,E37000051,,E23000001,20902,E56000010,E54000030
SE22 0RR,198001,,E99999999,E99999999,E09000028,E05011099,E43000218,0,534730,174504,1,E18000007,E40000003,E92000001,E12000007,5,E14000615,E15000007,E24000014,E30000234,E16000059,E09000028,00BEGR,E00020225,00BEGR,E99999999,E01004018,E02000838,5,7B1,E00020225,E01004018,E02000838,E33036065,E38000244,E34004707,E35001077,A1,3D2,51.453495,-0.06234,E37000051,,E23000001,22986,E56000010,E54000030
SE19 1UH,198604,,E99999999,E99999999,E09000028,E05011101,E43000218,0,533902,171414,1,E18000007,E40000003,E92000001,E12000007,5,E14000673,E15000007,E24000014,E30000234,E16000059,E09000028,00BEGG,E00019860,00BEGG,E99999999,E01003948,E02000839,5,2A2,E00019860,E01003948,E02000839,E33036069,E38000244,E34004707,E35001077,A1,2D1,51.425923,-0.075417,E37000051,,E23000001,16743,E56000010,E54000030
SM5 1EX,198001,,E99999999,E99999999,E09000029,E05000571,E43000219,0,527117,167157,1,E18000007,E40000003,E92000001,E12000007,5,E14000621,E15000007,E24000016,E30000234,E16000068,E09000029,00BFGU,E00021085,00BFGU,E99999999,E01004189,E02000840,5,1B2,E00021085,E01004189,E02000840,E33036071,E38000245,E34004707,E35000010,A1,4A1,51.389226,-0.174478,E37000051,,E23000001,8713,E56000021,E54000031
SM1 3NA,198001,,E99999999,E99999999,E09000029,E05000562,E43000219,0,526596,165944,1,E18000007,E40000003,E92000001,E12000007,5,E14000621,E15000007,E24000016,E30000234,E16000068,E09000029,00BFGK,E00020773,00BFGK,E99999999,E01004128,E02000841,5,5B3,E00020773,E01004128,E02000841,E33036074,E38000245,E34004707,E35000010,A1,4A3,51.378441,-0.182394,E37000051,,E23000001,11588,E56000021,E54000031
SM3 9EQ,198001,,E99999999,E99999999,E09000029,E05000563,E43000219,0,524772,166718,1,E18000007,E40000003,E92000001,E12000007,5,E14000984,E15000007,E24000016,E30000234,E16000068,E09000029,00BFGL,E00020803,00BFGL,E99999999,E01004134,E02000842,5,4D2,E00020803,E01004134,E02000842,E33036075,E38000245,E34004707,E35000010,A1,6A1,51.385801,-0.208316,E37000051,,E23000001,22364,E56000021,E54000031
SM6 7AU,198001,,E99999999,E99999999,E09000029,E05000571,E43000219,0,528242,165978,1,E18000007,E40000003,E92000001,E12000007,5,E14000621,E15000007,E24000016,E30000234,E16000068,E09000029,00BFGU,E00021106,00BFGU,E99999999,E01004188,E02000843,5,7B1,E00021106,E01004188,E02000843,E33036081,E38000245,E34004707,E35000010,A1,3A1,51.378378,-0.158744,E37000051,,E23000001,19972,E56000021,E54000031
SM5 2EY,198001,,E99999999,E99999999,E09000029,E05000568,E43000219,0,527780,165883,1,E18000007,E40000003,E92000001,E12000007,5,E14000621,E15000007,E24000016,E30000234,E16000068,E09000029,00BFGR,E00020969,00BFGR,E99999999,E01004163,E02000844,5,6A2,E00020969,E01004163,E02000844,E33036086,E38000245,E34004707,E35000010,A1,8B1,51.377628,-0.165413,E37000051,,E23000001,19347,E56000021,E54000031
KT4 8HE,199501,,E99999999,E99999999,E09000029,E05000572,E43000219,0,523354,165917,1,E18000007,E40000003,E92000001,E12000007,5,E14000984,E15000007,E24000016,E30000234,E16000068,E09000029,00BFGW,E00021110,00BFGW,E99999999,E01004193,E02000845,5,2B2,E00021110,E01004193,E02000845,E33036088,E38000245,E34004707,E35000010,A1,5A3,51.378911,-0.228937,E37000051,,E23000001,21744,E56000021,E54000031
SM1 1RD,198001,,E99999999,E99999999,E09000029,E05000565,E43000219,0,525640,165275,1,E18000007,E40000003,E92000001,E12000007,5,E14000984,E15000007,E24000016,E30000234,E16000068,E09000029,00BFGN,E00020878,00BFGN,E99999999,E01004146,E02000846,5,6B2,E00020878,E01004146,E02000846,E33036093,E38000245,E34004707,E35000010,A1,4A3,51.372641,-0.196359,E37000051,,E23000001,21632,E56000021,E54000031
KT4 8TX,198001,,E99999999,E99999999,E09000029,E05000561,E43000219,0,522892,164893,1,E18000007,E40000003,E92000001,E12000007,5,E14000984,E15000007,E24000016,E30000234,E16000068,E09000029,00BFGJ,E00020732,00BFGJ,E99999999,E01004122,E02000847,5,4D1,E00020732,E01004122,E02000847,E33036099,E38000245,E34004707,E35000010,A1,6A1,51.369809,-0.23595,E37000051,,E23000001,30197,E56000021,E54000031
SM3 8ER,198001,,E99999999,E99999999,E09000029,E05000561,E43000219,0,523602,164762,1,E18000007,E40000003,E92000001,E12000007,5,E14000984,E15000007,E24000016,E30000234,E16000068,E09000029,00BFGJ,E00020746,00BFGJ,E99999999,E01004118,E02000848,5,6D1,E00020746,E01004118,E02000848,E33036102,E38000245,E34004707,E35000010,A1,5A2,51.368477,-0.225801,E37000051,,E23000001,24781,E56000021,E54000031
SM5 3AA,198001,,E99999999,E99999999,E09000029,E05000569,E43000219,0,528402,164685,1,E18000007,E40000003,E92000001,E12000007,5,E14000621,E15000007,E24000016,E30000234,E16000068,E09000029,00BFGS,E00021015,00BFGS,E99999999,E01004176,E02000849,5,6D1,E00021015,E01004176,E02000849,E33036107,E38000245,E34004707,E35000010,A1,5A2,51.366721,-0.156888,E37000051,,E23000001,22267,E56000021,E54000031
SM1 9SZ,200503,,E99999999,E99999999,E09000029,E05000564,E43000219,0,525783,164053,1,E18000007,E40000003,E92000001,E12000007,5,E14000984,E15000007,E24000016,E30000234,E16000068,E09000029,00BFGM,E00020829,00BFGM,E99999999,E01004142,E02000851,5,2A2,E00166825,E01004142,E02000851,E33031647,E38000245,E34004707,E35000010,A1,3D1,51.361627,-0.194738,E37000051,,E23000001,10196,E56000021,E54000031
SM1 4NR,198001,,E99999999,E99999999,E09000029,E05000564,E43000219,0,526554,164361,1,E18000007,E40000003,E92000001,E12000007,5,E14000984,E15000007,E24000016,E30000234,E16000068,E09000029,00BFGM,E00020822,00BFGM,E99999999,E01004139,E02000852,5,2B2,E00020822,E01004139,E02000852,E33036124,E38000245,E34004707,E35000010,A1,4C3,51.364224,-0.18356,E37000051,,E23000001,24997,E56000021,E54000031
SM1 2RU,198001,,E99999999,E99999999,E09000029,E05000564,E43000219,0,525446,164589,1,E18000007,E40000003,E92000001,E12000007,5,E14000984,E15000007,E24000016,E30000234,E16000068,E09000029,00BFGM,E00020852,00BFGM,E99999999,E01004143,E02000853,5,6A2,E00020852,E01004143,E02000853,E33036126,E38000245,E34004707,E35000010,A1,5A2,51.366519,-0.199387,E37000051,,E23000001,22419,E56000021,E54000031
SM5 2QB,198001,,E99999999,E99999999,E09000029,E05000558,E43000219,0,527656,164658,1,E18000007,E40000003,E92000001,E12000007,5,E14000621,E15000007,E24000016,E30000234,E16000068,E09000029,00BFGF,E00020633,00BFGF,E99999999,E01004099,E02000854,5,2B2,E00020633,E01004099,E02000854,E33030630,E38000245,E34004707,E35000010,A1,5A3,51.366647,-0.167633,E37000051,,E23000001,13483,E56000021,E54000031
SM2 7AE,198001,,E99999999,E99999999,E09000029,E05000560,E43000219,0,524633,163282,1,E18000007,E40000003,E92000001,E12000007,5,E14000984,E15000007,E24000016,E30000234,E16000068,E09000029,00BFGH,E00020694,00BFGH,E99999999,E01004110,E02000855,5,2B2,E00020694,E01004110,E02000855,E33036138,E38000245,E34004707,E35000010,A1,4C3,51.35495,-0.211492,E37000051,,E23000001,25524,E56000021,E54000031
SM6 9QN,198001,,E99999999,E99999999,E09000029,E05000570,E43000219,0,529097,163562,1,E18000007,E40000003,E92000001,E12000007,5,E14000621,E15000007,E24000016,E30000234,E16000068,E09000029,00BFGT,E00021046,00BFGT,E99999999,E01004178,E02000856,5,2B1,E00021046,E01004178,E02000856,E33036140,E38000245,E34004707,E35000010,A1,4C3,51.356472,-0.147342,E37000051,,E23000001,16834,E56000021,E54000031
SM2 6LE,198001,,E99999999,E99999999,E09000029,E05000567,E43000219,0,525979,163786,1,E18000007,E40000003,E92000001,E12000007,5,E14000984,E15000007,E24000016,E30000234,E16000068,E09000029,00BFGQ,E00020934,00BFGQ,E99999999,E01004156,E02000857,5,2A1,E00020934,E01004156,E02000857,E33036149,E38000245,E34004707,E35000010,A1,2D1,51.359183,-0.191993,E37000051,,E23000001,25793,E56000021,E54000031
SM6 9HL,198001,,E99999999,E99999999,E09000029,E05000556,E43000219,0,530300,163369,1,E18000007,E40000003,E92000001,E12000007,5,E14000621,E15000007,E24000016,E30000234,E16000068,E09000029,00BFGD,E00020575,00BFGD,E99999999,E01004088,E02000858,5,7B1,E00020575,E01004088,E02000858,E33036157,E38000245,E34004707,E35000010,A1,3A1,51.354463,-0.130146,E37000051,,E23000001,3420,E56000021,E54000031
SM5 3NA,198001,,E99999999,E99999999,E09000029,E05000559,E43000219,0,527731,163502,1,E18000007,E40000003,E92000001,E12000007,5,E14000621,E15000007,E24000016,E30000234,E16000068,E09000029,00BFGG,E00020673,00BFGG,E99999999,E01004104,E02000859,5,6D1,E00020673,E01004104,E02000859,E33036158,E38000245,E34004707,E35000010,A1,6B1,51.356241,-0.166971,E37000051,,E23000001,31420,E56000021,E54000031
SM2 5TZ,198001,,E99999999,E99999999,E09000029,E05000566,E43000219,0,526218,163390,1,E18000007,E40000003,E92000001,E12000007,5,E14000984,E15000007,E24000016,E30000234,E16000068,E09000029,00BFGP,E00020892,00BFGP,E99999999,E01004153,E02000860,5,2A2,E00020892,E01004153,E02000860,E33036163,E38000245,E34004707,E35000010,A1,2D1,51.355571,-0.188703,E37000051,,E23000001,20936,E56000021,E54000031
SM2 5HX,198001,,E99999999,E99999999,E09000029,E05000566,E43000219,0,527069,163478,1,E18000007,E40000003,E92000001,E12000007,5,E14000984,E15000007,E24000016,E30000234,E16000068,E09000029,00BFGP,E00020916,00BFGP,E99999999,E01004154,E02000861,5,4C3,E00020916,E01004154,E02000861,E33036167,E38000245,E34004707,E35000010,A1,6A1,51.356174,-0.176482,E37000051,,E23000001,30626,E56000021,E54000031
SM6 0QH,198001,,E99999999,E99999999,E09000029,E05000556,E43000219,0,529152,162242,1,E18000007,E40000003,E92000001,E12000007,5,E14000621,E15000007,E24000016,E30000234,E16000068,E09000029,00BFGD,E00020563,00BFGD,E99999999,E01004084,E02000863,5,4B3,E00020563,E01004084,E02000863,E33036172,E38000245,E34004707,E35000010,A1,6A1,51.344596,-0.147032,E37000051,,E23000001,29715,E56000021,E54000031
E3 2JF,200509,,E99999999,E99999999,E09000030,E05009319,E43000220,0,536843,183763,1,E18000007,E40000003,E92000001,E12000007,5,E14000555,E15000007,E24000015,E30000234,E16000011,E09000030,00BGFZ,E00021270,00BGFZ,E99999999,E01004223,E02000864,5,7B2,E00167197,E01004223,E02000864,E33036177,E38000255,E34004707,E35001078,A1,3D2,51.536192,-0.028361,E37000051,,E23000001,5705,E56000028,E54000029
E2 9BS,201011,,E99999999,E99999999,E09000030,E05009331,E43000220,0,534966,183302,1,E18000007,E40000003,E92000001,E12000007,5,E14000555,E15000007,E24000015,E30000234,E16000011,E09000030,00BGFW,E00021142,00BGFW,E99999999,E01004197,E02000865,5,2A2,E00167242,E01004197,E02000865,E33036182,E38000255,E34004707,E35001078,A1,3B3,51.5325,-0.055584,E37000051,,E23000001,9298,E56000028,E54000029
E3 5RJ,198001,,E99999999,E99999999,E09000030,E05009320,E43000220,0,536077,183268,1,E18000007,E40000003,E92000001,E12000007,5,E14000555,E15000007,E24000015,E30000234,E16000011,E09000030,00BGGA,E00021317,00BGGA,E99999999,E01004234,E02000866,5,7A3,E00021317,E01004234,E02000866,E33036188,E38000255,E34004707,E35001078,A1,2D2,51.531929,-0.03959,E37000051,,E23000001,11218,E56000028,E54000029
E3 9AF,201301,,E99999999,E99999999,E09000030,E05009319,E43000220,1,536823,183099,1,E18000007,E40000003,E92000001,E12000007,5,E14000555,E15000007,E24000015,E30000234,E16000011,E09000030,00BGFZ,E00021264,00BGFZ,E99999999,E01004227,E02000867,5,7B1,E00167187,E01032784,E02000867,E33036195,E38000255,E34004707,E35001078,A1,3D3,51.53023,-0.028907,E37000051,,E23000001,12196,E56000028,E54000029
E2 9AX,198001,,E99999999,E99999999,E09000030,E05009331,E43000220,0,534508,183417,1,E18000007,E40000003,E92000001,E12000007,5,E14000555,E15000007,E24000015,E30000234,E16000011,E09000030,00BGFW,E00021144,00BGFW,E99999999,E01004202,E02000868,5,7B1,E00167245,E01004202,E02000868,E33036199,E38000255,E34004707,E35001078,A1,3B2,51.533644,-0.062112,E37000051,,E23000001,10499,E56000028,E54000029
E2 7SN,198001,,E99999999,E99999999,E09000030,E05009335,E43000220,0,534110,183089,1,E18000007,E40000003,E92000001,E12000007,5,E14000555,E15000007,E24000015,E30000234,E16000011,E09000030,00BGGM,E00021722,00BGGM,E99999999,E01004318,E02000869,5,7B1,E00021722,E01004318,E02000869,E33036205,E38000255,E34004707,E35001078,A1,3B2,51.53079,-0.067998,E37000051,,E23000001,5572,E56000028,E54000029
E2 0LG,198001,,E99999999,E99999999,E09000030,E05009317,E43000220,0,535414,182618,1,E18000007,E40000003,E92000001,E12000007,5,E14000555,E15000007,E24000015,E30000234,E16000011,E09000030,00BGGE,E00021468,00BGGE,E99999999,E01004259,E02000870,5,7B2,E00021468,E01004259,E02000870,E33036209,E38000255,E34004707,E35001078,A1,3B2,51.526247,-0.049392,E37000051,,E23000001,10040,E56000028,E54000029
E3 3BE,198001,,E99999999,E99999999,E09000030,E05009321,E43000220,0,537808,182942,1,E18000007,E40000003,E92000001,E12000007,5,E14000882,E15000007,E24000015,E30000234,E16000011,E09000030,00BGGB,E00021349,00BGGB,E99999999,E01004235,E02000871,5,7B2,E00021349,E01004235,E02000871,E33036212,E38000255,E34004707,E35001078,A1,3B2,51.52858,-0.014778,E37000051,,E23000001,6856,E56000028,E54000029
E2 7DJ,198001,,E99999999,E99999999,E09000030,E05009335,E43000220,0,533689,182383,1,E18000007,E40000003,E92000001,E12000007,5,E14000555,E15000007,E24000015,E30000234,E16000011,E09000030,00BGGM,E00021718,00BGGM,E99999999,E01004316,E02000872,5,7B2,E00021718,E01004316,E02000872,E33036220,E38000255,E34004707,E35001078,A1,3B2,51.524546,-0.074332,E37000051,,E23000001,4542,E56000028,E54000029
E2 0QZ,198001,,E99999999,E99999999,E09000030,E05009317,E43000220,0,535625,182987,1,E18000007,E40000003,E92000001,E12000007,5,E14000555,E15000007,E24000015,E30000234,E16000011,E09000030,00BGGE,E00021452,00BGGE,E99999999,E01004265,E02000873,5,7B2,E00021452,E01032786,E02000873,E33036221,E38000255,E34004707,E35001078,A1,3B2,51.529513,-0.046183,E37000051,,E23000001,9758,E56000028,E54000029
E1 4JQ,198001,,E99999999,E99999999,E09000030,E05009317,E43000220,0,535263,182364,1,E18000007,E40000003,E92000001,E12000007,5,E14000555,E15000007,E24000015,E30000234,E16000011,E09000030,00BGFX,E00021205,00BGFX,E99999999,E01004213,E02000874,5,7B2,E00021205,E01032787,E02000874,E33036227,E38000255,E34004707,E35001078,A1,3B2,51.524,-0.051665,E37000051,,E23000001,6192,E56000028,E54000029
E3 4EF,201108,,E99999999,E99999999,E09000030,E05009322,E43000220,0,537362,181630,1,E18000007,E40000003,E92000001,E12000007,5,E14000882,E15000007,E24000015,E30000234,E16000011,E09000030,00BGGB,E00021348,00BGGB,E99999999,E01004242,E02000875,5,7B2,E00167083,E01004242,E02000875,E33036233,E38000255,E34004707,E35001078,A1,3B2,51.516898,-0.021714,E37000051,,E23000001,9768,E56000028,E54000029
E1 4BG,200303,,E99999999,E99999999,E09000030,E05009317,E43000220,0,535433,182095,1,E18000007,E40000003,E92000001,E12000007,5,E14000555,E15000007,E24000015,E30000234,E16000011,E09000030,00BGFX,E00021215,00BGFX,E99999999,E01004208,E02000876,5,2A2,E00021215,E01004208,E02000876,E33036235,E38000255,E34004707,E35001078,A1,2A1,51.521542,-0.049319,E37000051,,E23000001,10715,E56000028,E54000029
E3 4TG,198001,,E99999999,E99999999,E09000030,E05009327,E43000220,0,536561,182244,1,E18000007,E40000003,E92000001,E12000007,5,E14000882,E15000007,E24000015,E30000234,E16000011,E09000030,00BGGF,E00021482,00BGGF,E99999999,E01004270,E02000877,5,7A3,E00021482,E01004270,E02000877,E33036245,E38000255,E34004707,E35001078,A1,3D3,51.52261,-0.033013,E37000051,,E23000001,12534,E56000028,E54000029
E1 7EX,198303,,E99999999,E99999999,E09000030,E05009333,E43000220,0,533634,181410,1,E18000007,E40000003,E92000001,E12000007,5,E14000555,E15000007,E24000015,E30000234,E16000011,E09000030,00BGGL,E00021690,00BGGL,E99999999,E01004310,E02000878,5,7B2,E00021690,E01004310,E02000878,E33030675,E38000255,E34004707,E35001078,A1,3B2,51.515815,-0.075493,E37000051,,E23000001,5125,E56000028,E54000029
E1 3LJ,198001,,E99999999,E99999999,E09000030,E05009334,E43000220,0,535655,181834,1,E18000007,E40000003,E92000001,E12000007,5,E14000555,E15000007,E24000015,E30000234,E16000011,E09000030,00BGGH,E00021577,00BGGH,E99999999,E01004283,E02000879,5,7B2,E00021577,E01004283,E02000879,E33036254,E38000255,E34004707,E35001078,A1,3B2,51.519144,-0.046222,E37000051,,E23000001,8223,E56000028,E54000029
E1 2FH,201907,,E99999999,E99999999,E09000030,E05009334,E43000220,0,535159,181301,1,E18000007,E40000003,E92000001,E12000007,5,E14000555,E15000007,E24000015,E30000234,E16000011,E09000030,00BGGN,E00021739,00BGGN,E99999999,E01004326,E02000880,5,2A2,E00021739,E01004326,E02000880,E33036257,E38000255,E34004707,E35001078,A1,2B2,51.514474,-0.053543,E37000051,,E23000001,10008,E56000028,E54000029
E14 6TP,201502,,E99999999,E99999999,E09000030,E05009325,E43000220,0,538102,182087,1,E18000007,E40000003,E92000001,E12000007,5,E14000882,E15000007,E24000015,E30000234,E16000011,E09000030,00BGGC,E00021381,00BGGC,E99999999,E01004248,E02000881,5,7B2,E00021381,E01004248,E02000881,E33036262,E38000255,E34004707,E35001078,A1,3B2,51.520825,-0.010877,E37000051,,E23000001,3465,E56000028,E54000029
E14 7BU,200402,,E99999999,E99999999,E09000030,E05009329,E43000220,0,536259,181493,1,E18000007,E40000003,E92000001,E12000007,5,E14000555,E15000007,E24000015,E30000234,E16000011,E09000030,00BGGH,E00021585,00BGGH,E99999999,E01004285,E02000882,5,7B2,E00021585,E01004285,E02000882,E33036267,E38000255,E34004707,E35001078,A1,3A1,51.515934,-0.037653,E37000051,,E23000001,4342,E56000028,E54000029
E14 6TA,199912,,E99999999,E99999999,E09000030,E05009325,E43000220,0,537469,181641,1,E18000007,E40000003,E92000001,E12000007,5,E14000882,E15000007,E24000015,E30000234,E16000011,E09000030,00BGGC,E00021387,00BGGC,E99999999,E01004250,E02000883,5,7B2,E00021387,E01004250,E02000883,E33036270,E38000255,E34004707,E35001078,A1,3A1,51.516971,-0.020169,E37000051,,E23000001,4393,E56000028,E54000029
E1 8BP,198001,,E99999999,E99999999,E09000030,E05009336,E43000220,0,534112,180987,1,E18000007,E40000003,E92000001,E12000007,5,E14000555,E15000007,E24000015,E30000234,E16000011,E09000030,00BGGN,E00021747,00BGGN,E99999999,E01004320,E02000884,5,2A2,E00167099,E01032767,E02000884,E33036273,E38000255,E34004707,E35001078,A1,2B2,51.5119,-0.068769,E37000051,,E23000001,22328,E56000028,E54000029
E1 0JN,198001,,E99999999,E99999999,E09000030,E05009332,E43000220,0,535655,181152,1,E18000007,E40000003,E92000001,E12000007,5,E14000882,E15000007,E24000015,E30000234,E16000011,E09000030,00BGGK,E00021665,00BGGK,E99999999,E01004305,E02000885,5,7B2,E00021665,E01004305,E02000885,E33036283,E38000255,E34004707,E35001078,A1,3B2,51.513015,-0.046484,E37000051,,E23000001,7611,E56000028,E54000029
E14 8BJ,199612,,E99999999,E99999999,E09000030,E05009326,E43000220,0,536456,180868,1,E18000007,E40000003,E92000001,E12000007,5,E14000882,E15000007,E24000015,E30000234,E16000011,E09000030,00BGGD,E00021409,00BGGD,E99999999,E01004254,E02000886,5,2A1,E00021409,E01004254,E02000886,E33036287,E38000255,E34004707,E35001078,A1,2D3,51.51027,-0.035058,E37000051,,E23000001,15458,E56000028,E54000029
E14 0AG,198001,,E99999999,E99999999,E09000030,E05009328,E43000220,0,537793,180722,1,E18000007,E40000003,E92000001,E12000007,5,E14000882,E15000007,E24000015,E30000234,E16000011,E09000030,00BGGD,E00021422,00BGGD,E99999999,E01004256,E02000887,5,7B2,E00021422,E01004256,E02000887,E33030645,E38000255,E34004707,E35001078,A1,3B2,51.508634,-0.015861,E37000051,,E23000001,5676,E56000028,E54000029
E1 2EJ,200810,,E99999999,E99999999,E09000030,E05009332,E43000220,0,534987,181019,1,E18000007,E40000003,E92000001,E12000007,5,E14000882,E15000007,E24000015,E30000234,E16000011,E09000030,00BGGK,E00021647,00BGGK,E99999999,E01004302,E02000888,5,7B2,E00167225,E01004302,E02000888,E33036294,E38000255,E34004707,E35001078,A1,3B2,51.511981,-0.056129,E37000051,,E23000001,10599,E56000028,E54000029
E98 1AW,200006,,E99999999,E99999999,E09000030,E05009330,E43000220,1,534427,180564,1,E18000007,E40000003,E92000001,E12000007,5,E14000882,E15000007,E24000015,E30000234,E16000011,E09000030,00BGGJ,E00021625,00BGGJ,E99999999,E01004294,E02000889,5,2A2,E00021625,E01004294,E02000889,E33030655,E38000255,E34004707,E35001078,A1,2B2,51.508024,-0.064393,E37000051,,E23000001,15535,E56000028,E54000029
E1W 3TX,199912,,E99999999,E99999999,E09000030,E05009330,E43000220,0,535171,180363,1,E18000007,E40000003,E92000001,E12000007,5,E14000882,E15000007,E24000015,E30000234,E16000011,E09000030,00BGGJ,E00021603,00BGGJ,E99999999,E01004297,E02000890,5,2A2,E00021603,E01004297,E02000890,E33036303,E38000255,E34004707,E35001078,A1,2D3,51.506041,-0.053757,E37000051,,E23000001,25393,E56000028,E54000029
E14 3NU,199101,,E99999999,E99999999,E09000030,E05009318,E43000220,0,538265,179826,1,E18000007,E40000003,E92000001,E12000007,5,E14000882,E15000007,E24000015,E30000234,E16000011,E09000030,00BGFY,E00021240,00BGFY,E99999999,E01004221,E02000891,5,2A2,E00021240,E01004221,E02000891,E33036307,E38000255,E34004707,E35001078,A1,2D3,51.500468,-0.009415,E37000051,,E23000001,15260,E56000028,E54000029
E14 3NR,201508,,E99999999,E99999999,E09000030,E05009318,E43000220,0,538404,179423,1,E18000007,E40000003,E92000001,E12000007,5,E14000882,E15000007,E24000015,E30000234,E16000011,E09000030,00BGFY,E00021249,00BGFY,E99999999,E01004214,E02000893,5,7B2,E00021249,E01004214,E02000893,E33036315,E38000255,E34004707,E35001078,A1,3B2,51.496812,-0.007572,E37000051,,E23000001,5686,E56000028,E54000029
E14 3RW,199606,,E99999999,E99999999,E09000030,E05009324,E43000220,0,537285,178703,1,E18000007,E40000003,E92000001,E12000007,5,E14000882,E15000007,E24000015,E30000234,E16000011,E09000030,00BGGG,E00021526,00BGGG,E99999999,E01004282,E02000894,5,2A2,E00021526,E01032783,E02000894,E33036317,E38000255,E34004707,E35001078,A1,2D3,51.490615,-0.023961,E37000051,,E23000001,16421,E56000028,E54000029
E4 7PR,198001,,E99999999,E99999999,E09000031,E05000593,E43000221,0,537625,194780,1,E18000007,E40000003,E92000001,E12000007,5,E14000634,E15000007,E24000012,E30000234,E16000084,E09000031,00BHGA,E00021885,00BHGA,E99999999,E01004350,E02000895,5,5B3,E00021885,E01004350,E02000895,E33036322,E38000255,E34004707,E35001151,A1,4A3,51.635001,-0.012752,E37000051,,E23000001,8698,E56000028,E54000029
E4 6BA,198001,,E99999999,E99999999,E09000031,E05000593,E43000221,0,539689,194134,1,E18000007,E40000003,E92000001,E12000007,5,E14000634,E15000007,E24000012,E30000234,E16000084,E09000031,00BHGA,E00021881,00BHGA,E99999999,E01004353,E02000896,5,2B1,E00021881,E01004353,E02000896,E33036328,E38000255,E34004707,E35001151,A1,5B1,51.628687,0.016768,E37000051,,E23000001,17875,E56000028,E54000029
IG8 9SW,198001,,E99999999,E99999999,E09000031,E05000598,E43000221,0,539590,192445,1,E18000007,E40000003,E92000001,E12000007,5,E14000634,E15000007,E24000012,E30000234,E16000084,E09000031,00BHGF,E00022073,00BHGF,E99999999,E01004385,E02000897,5,7B1,E00022073,E01004385,E02000897,E33036331,E38000255,E34004707,E35001151,A1,3A1,51.613534,0.014666,E37000051,,E23000001,6481,E56000028,E54000029
E4 6SX,199007,,E99999999,E99999999,E09000031,E05000594,E43000221,0,537756,193483,1,E18000007,E40000003,E92000001,E12000007,5,E14000634,E15000007,E24000012,E30000234,E16000084,E09000031,00BHGB,E00021910,00BHGB,E99999999,E01004355,E02000898,5,7A2,E00021910,E01004355,E02000898,E33036334,E38000255,E34004707,E35001151,A1,4A3,51.623313,-0.011397,E37000051,,E23000001,10657,E56000028,E54000029
E4 8DR,200707,,E99999999,E99999999,E09000031,E05000607,E43000221,0,537221,192819,1,E18000007,E40000003,E92000001,E12000007,5,E14000634,E15000007,E24000012,E30000234,E16000084,E09000031,00BHGQ,E00022381,00BHGQ,E99999999,E01004452,E02000899,5,7A2,E00022381,E01004452,E02000899,E33036339,E38000255,E34004707,E35001151,A1,4A3,51.617477,-0.01938,E37000051,,E23000001,10862,E56000028,E54000029
E4 8NT,198001,,E99999999,E99999999,E09000031,E05000607,E43000221,0,536707,192422,1,E18000007,E40000003,E92000001,E12000007,5,E14000634,E15000007,E24000012,E30000234,E16000084,E09000031,00BHGQ,E00022392,00BHGQ,E99999999,E01004453,E02000900,5,6D1,E00022392,E01004453,E02000900,E33036346,E38000255,E34004707,E35001151,A1,4A3,51.614035,-0.026954,E37000051,,E23000001,10327,E56000028,E54000029
E4 9JG,198106,,E99999999,E99999999,E09000031,E05000597,E43000221,0,538262,191968,1,E18000007,E40000003,E92000001,E12000007,5,E14000634,E15000007,E24000012,E30000234,E16000084,E09000031,00BHGE,E00022038,00BHGE,E99999999,E01004379,E02000901,5,7A3,E00022038,E01004379,E02000901,E33036351,E38000255,E34004707,E35001151,A1,4A3,51.609577,-0.004663,E37000051,,E23000001,22382,E56000028,E54000029
E17 5AL,198001,,E99999999,E99999999,E09000031,E05000592,E43000221,0,537577,190706,1,E18000007,E40000003,E92000001,E12000007,5,E14001013,E15000007,E24000012,E30000234,E16000084,E09000031,00BHFZ,E00021841,00BHFZ,E99999999,E01004344,E02000902,5,7A3,E00021841,E01004344,E02000902,E33036354,E38000255,E34004707,E35001151,A1,4B1,51.598403,-0.01507,E37000051,,E23000001,7780,E56000028,E54000029
E17 5HS,198001,,E99999999,E99999999,E09000031,E05000600,E43000221,0,536817,190673,1,E18000007,E40000003,E92000001,E12000007,5,E14001013,E15000007,E24000012,E30000234,E16000084,E09000031,00BHGH,E00022118,00BHGH,E99999999,E01004403,E02000903,5,7A2,E00022118,E01004403,E02000903,E33036357,E38000255,E34004707,E35001151,A1,4A3,51.598291,-0.026048,E37000051,,E23000001,7659,E56000028,E54000029
E17 4BE,198001,,E99999999,E99999999,E09000031,E05000592,E43000221,0,538330,190455,1,E18000007,E40000003,E92000001,E12000007,5,E14001013,E15000007,E24000012,E30000234,E16000084,E09000031,00BHFZ,E00021872,00BHFZ,E99999999,E01004348,E02000904,5,7A3,E00171512,E01004348,E02000904,E33031740,E38000255,E34004707,E35001151,A1,4A3,51.595963,-0.004304,E37000051,,E23000001,15993,E56000028,E54000029
E17 5AA,198001,,E99999999,E99999999,E09000031,E05000592,E43000221,0,537680,190387,1,E18000007,E40000003,E92000001,E12000007,5,E14001013,E15000007,E24000012,E30000234,E16000084,E09000031,00BHFZ,E00021844,00BHFZ,E99999999,E01004342,E02000905,5,7A2,E00021844,E01004342,E02000905,E33036366,E38000255,E34004707,E35001151,A1,4B1,51.595513,-0.013682,E37000051,,E23000001,12475,E56000028,E54000029
E17 5HA,198001,,E99999999,E99999999,E09000031,E05000608,E43000221,0,536824,189987,1,E18000007,E40000003,E92000001,E12000007,5,E14001013,E15000007,E24000012,E30000234,E16000084,E09000031,00BHGR,E00022427,00BHGR,E99999999,E01004457,E02000906,5,7B1,E00022427,E01004457,E02000906,E33036372,E38000255,E34004707,E35001151,A1,3D1,51.592125,-0.026214,E37000051,,E23000001,13953,E56000028,E54000029
E17 3ET,198001,,E99999999,E99999999,E09000031,E05000601,E43000221,0,538048,189635,1,E18000007,E40000003,E92000001,E12000007,5,E14001013,E15000007,E24000012,E30000234,E16000084,E09000031,00BHGJ,E00022180,00BHGJ,E99999999,E01004407,E02000907,5,7B2,E00171516,E01004407,E02000907,E33036378,E38000255,E34004707,E35001151,A1,3B1,51.588664,-0.008695,E37000051,,E23000001,3915,E56000028,E54000029
E17 6HL,198001,,E99999999,E99999999,E09000031,E05000608,E43000221,0,535994,189502,1,E18000007,E40000003,E92000001,E12000007,5,E14001013,E15000007,E24000012,E30000234,E16000084,E09000031,00BHGR,E00022442,00BHGR,E99999999,E01004461,E02000908,5,7A3,E00022442,E01004461,E02000908,E33036382,E38000255,E34004707,E35001151,A1,4B1,51.587968,-0.038376,E37000051,,E23000001,18694,E56000028,E54000029
E17 9QZ,198001,,E99999999,E99999999,E09000031,E05000601,E43000221,0,537667,188907,1,E18000007,E40000003,E92000001,E12000007,5,E14001013,E15000007,E24000012,E30000234,E16000084,E09000031,00BHGJ,E00022161,00BHGJ,E99999999,E01004412,E02000909,5,7B1,E00022161,E01004412,E02000909,E33036387,E38000255,E34004707,E35001151,A1,3D1,51.582215,-0.014476,E37000051,,E23000001,15738,E56000028,E54000029
E17 7QL,198001,,E99999999,E99999999,E09000031,E05000606,E43000221,0,537292,188795,1,E18000007,E40000003,E92000001,E12000007,5,E14001013,E15000007,E24000012,E30000234,E16000084,E09000031,00BHGP,E00022354,00BHGP,E99999999,E01004443,E02000910,5,7A3,E00022354,E01004443,E02000910,E33036394,E38000255,E34004707,E35001151,A1,4B1,51.5813,-0.019929,E37000051,,E23000001,7369,E56000028,E54000029
E17 8AR,198001,,E99999999,E99999999,E09000031,E05000606,E43000221,0,536260,188438,1,E18000007,E40000003,E92000001,E12000007,5,E14001013,E15000007,E24000012,E30000234,E16000084,E09000031,00BHGP,E00022363,00BHGP,E99999999,E01004446,E02000911,5,7A3,E00022363,E01004446,E02000911,E33036397,E38000255,E34004707,E35001151,A1,4B1,51.578343,-0.034952,E37000051,,E23000001,11752,E56000028,E54000029
E10 7FH,201204,,E99999999,E99999999,E09000031,E05000603,E43000221,0,537307,187892,1,E18000007,E40000003,E92000001,E12000007,5,E14001013,E15000007,E24000012,E30000234,E16000084,E09000031,00BHGL,E00022264,00BHGL,E99999999,E01004421,E02000912,5,7A3,E00022264,E01004421,E02000912,E33036406,E38000255,E34004707,E35001151,A1,4B1,51.573182,-0.020065,E37000051,,E23000001,10740,E56000028,E54000029
E11 1DY,198001,,E99999999,E99999999,E09000031,E05000595,E43000221,0,538468,187590,1,E18000007,E40000003,E92000001,E12000007,5,E14000790,E15000007,E24000012,E30000234,E16000084,E09000031,00BHGC,E00021963,00BHGC,E99999999,E01004368,E02000913,5,7A3,E00021963,E01004368,E02000913,E33036408,E38000255,E34004707,E35001151,A1,4B1,51.570185,-0.003442,E37000051,,E23000001,12888,E56000028,E54000029
E10 9GF,202102,,E99999999,E99999999,E09000031,E05000604,E43000221,1,538105,187669,1,E18000007,E40000003,E92000001,E12000007,5,E14000790,E15000007,E24000012,E30000234,E16000084,E09000031,00BHGM,E00022281,00BHGM,E99999999,E01004431,E02000914,5,7B2,E00022281,E01033153,E02000914,E33030710,E38000255,E34004707,E35001151,A1,3A2,51.570986,-0.008617,E37000051,,E23000001,4853,E56000028,E54000029
E11 1BQ,198001,,E99999999,E99999999,E09000031,E05000605,E43000221,0,538947,187523,1,E18000007,E40000003,E92000001,E12000007,5,E14000790,E15000007,E24000012,E30000234,E16000084,E09000031,00BHGN,E00022318,00BHGN,E99999999,E01004437,E02000915,5,7B1,E00022318,E01004437,E02000915,E33036417,E38000255,E34004707,E35001151,A1,3A2,51.569465,0.003439,E37000051,,E23000001,10395,E56000028,E54000029
E17 8HG,198001,,E99999999,E99999999,E09000031,E05000603,E43000221,0,536568,187674,1,E18000007,E40000003,E92000001,E12000007,5,E14001013,E15000007,E24000012,E30000234,E16000084,E09000031,00BHGL,E00022239,00BHGL,E99999999,E01004422,E02000916,5,7A3,E00022239,E01004422,E02000916,E33036422,E38000255,E34004707,E35001151,A1,4C2,51.571403,-0.030807,E37000051,,E23000001,9657,E56000028,E54000029
E11 1ED,198001,,E99999999,E99999999,E09000031,E05000596,E43000221,0,538185,187371,1,E18000007,E40000003,E92000001,E12000007,5,E14000790,E15000007,E24000012,E30000234,E16000084,E09000031,00BHGD,E00021990,00BHGD,E99999999,E01004370,E02000917,5,7A3,E00021990,E01004370,E02000917,E33036427,E38000255,E34004707,E35001151,A1,4B1,51.568286,-0.007608,E37000051,,E23000001,19459,E56000028,E54000029
E11 3DQ,198001,,E99999999,E99999999,E09000031,E05000605,E43000221,0,539524,187244,1,E18000007,E40000003,E92000001,E12000007,5,E14000790,E15000007,E24000012,E30000234,E16000084,E09000031,00BHGN,E00022311,00BHGN,E99999999,E01004441,E02000918,5,2B2,E00022311,E01004441,E02000918,E33036433,E38000255,E34004707,E35001151,A1,4C3,51.566816,0.011648,E37000051,,E23000001,15444,E56000028,E54000029
E11 4DF,198001,,E99999999,E99999999,E09000031,E05000596,E43000221,0,538856,186940,1,E18000007,E40000003,E92000001,E12000007,5,E14000790,E15000007,E24000012,E30000234,E16000084,E09000031,00BHGD,E00022002,00BHGD,E99999999,E01004371,E02000919,5,7A3,E00022002,E01004371,E02000919,E33036437,E38000255,E34004707,E35001151,A1,4B1,51.564249,0.001897,E37000051,,E23000001,13836,E56000028,E54000029
E10 5SQ,199201,,E99999999,E99999999,E09000031,E05000604,E43000221,0,537538,185949,1,E18000007,E40000003,E92000001,E12000007,5,E14000790,E15000007,E24000012,E30000234,E16000084,E09000031,00BHGM,E00022306,00BHGM,E99999999,E01004429,E02000920,5,7B1,E00022306,E01004429,E02000920,E33030713,E38000255,E34004707,E35001151,A1,4B1,51.555668,-0.017466,E37000051,,E23000001,11880,E56000028,E54000029
E11 4JS,199412,,E99999999,E99999999,E09000031,E05000591,E43000221,0,539025,185806,1,E18000007,E40000003,E92000001,E12000007,5,E14000790,E15000007,E24000012,E30000234,E16000084,E09000031,00BHFY,E00021827,00BHFY,E99999999,E01004335,E02000921,5,7B2,E00021827,E01004335,E02000921,E33036449,E38000255,E34004707,E35001151,A1,3A1,51.554017,0.003885,E37000051,,E23000001,4362,E56000028,E54000029
E11 3LH,198001,,E99999999,E99999999,E09000031,E05000590,E43000221,0,539463,186149,1,E18000007,E40000003,E92000001,E12000007,5,E14000790,E15000007,E24000012,E30000234,E16000084,E09000031,00BHFX,E00021771,00BHFX,E99999999,E01004330,E02000922,5,7A3,E00171508,E01004330,E02000922,E33036453,E38000255,E34004707,E35001151,A1,4B1,51.556991,0.010335,E37000051,,E23000001,17056,E56000028,E54000029
SW11 4DN,198001,,E99999999,E99999999,E09000032,E05000620,E43000222,0,528316,176826,1,E18000007,E40000003,E92000001,E12000007,5,E14000549,E15000007,E24000014,E30000234,E16000061,E09000032,00BJGK,E00022977,00BJGK,E99999999,E01004566,E02000923,5,2A2,E00022977,E01004566,E02000923,E33036456,E38000245,E34004707,E35000095,A1,2D3,51.475851,-0.153756,E37000051,,E23000001,22476,E56000021,E54000031
SW95 9DF,200705,,E99999999,E99999999,E09000032,E05000620,E43000222,1,529497,177387,1,E18000007,E40000003,E92000001,E12000007,5,E14000549,E15000007,E24000014,E30000234,E16000061,E09000032,00BJGK,E00022974,00BJGK,E99999999,E01004562,E02000924,5,2A2,E00022974,E01004562,E02000924,E33030744,E38000245,E34004707,E35000095,A1,2D3,51.480624,-0.136555,E37000051,,E23000001,8087,E56000021,E54000031
SW11 5EX,202102,,E99999999,E99999999,E09000032,E05000617,E43000222,0,528282,176382,5,E18000007,E40000003,E92000001,E12000007,5,E14000549,E15000007,E24000014,E30000234,E16000061,E09000032,00BJGG,E00022852,00BJGG,E99999999,E01004539,E02000925,5,7B1,E00022852,E01004539,E02000925,E33036471,E38000245,E34004707,E35000095,A1,3A1,51.47187,-0.154381,E37000051,,E23000001,6208,E56000021,E54000031
SW11 3NJ,198001,,E99999999,E99999999,E09000032,E05000622,E43000222,0,526981,176898,1,E18000007,E40000003,E92000001,E12000007,5,E14000549,E15000007,E24000014,E30000234,E16000061,E09000032,00BJGM,E00023067,00BJGM,E99999999,E01004581,E02000926,5,2A2,E00023067,E01004581,E02000926,E33036480,E38000245,E34004707,E35000095,A1,2D3,51.4768,-0.172918,E37000051,,E23000001,18520,E56000021,E54000031
SW11 5LW,198001,,E99999999,E99999999,E09000032,E05000623,E43000222,0,528182,175925,1,E18000007,E40000003,E92000001,E12000007,5,E14000549,E15000007,E24000014,E30000234,E16000061,E09000032,00BJGN,E00023093,00BJGN,E99999999,E01004592,E02000927,5,7B1,E00023093,E01004592,E02000927,E33036484,E38000245,E34004707,E35000095,A1,3D2,51.467784,-0.156011,E37000051,,E23000001,10399,E56000021,E54000031
SW15 1NA,198001,,E99999999,E99999999,E09000032,E05000625,E43000222,0,523250,176016,1,E18000007,E40000003,E92000001,E12000007,5,E14000887,E15000007,E24000014,E30000234,E16000061,E09000032,00BJGQ,E00023213,00BJGQ,E99999999,E01004605,E02000928,5,2B2,E00023213,E01004605,E02000928,E33036487,E38000245,E34004707,E35000095,A1,5A2,51.469697,-0.226922,E37000051,,E23000001,21436,E56000021,E54000031
SW11 2EN,198001,,E99999999,E99999999,E09000032,E05000617,E43000222,0,526879,175742,1,E18000007,E40000003,E92000001,E12000007,5,E14000549,E15000007,E24000014,E30000234,E16000061,E09000032,00BJGG,E00022830,00BJGG,E99999999,E01004535,E02000929,5,7B2,E00022830,E01004535,E02000929,E33036494,E38000245,E34004707,E35000095,A1,3B1,51.466433,-0.174825,E37000051,,E23000001,4970,E56000021,E54000031
SW11 1HH,198001,,E99999999,E99999999,E09000032,E05000619,E43000222,0,527574,175122,1,E18000007,E40000003,E92000001,E12000007,5,E14000549,E15000007,E24000014,E30000234,E16000061,E09000032,00BJGJ,E00022922,00BJGJ,E99999999,E01004552,E02000930,5,2A2,E00022922,E01004552,E02000930,E33036495,E38000245,E34004707,E35000095,A1,2D2,51.460705,-0.165049,E37000051,,E23000001,23714,E56000021,E54000031
SW11 1BJ,198001,,E99999999,E99999999,E09000032,E05000619,E43000222,0,527715,174954,1,E18000007,E40000003,E92000001,E12000007,5,E14000549,E15000007,E24000014,E30000234,E16000061,E09000032,00BJGJ,E00022933,00BJGJ,E99999999,E01004556,E02000931,5,2B2,E00022933,E01004556,E02000931,E33036504,E38000245,E34004707,E35000095,A1,2D2,51.459164,-0.163081,E37000051,,E23000001,30796,E56000021,E54000031
SW18 1UX,202001,,E99999999,E99999999,E09000032,E05000625,E43000222,0,525374,175075,1,E18000007,E40000003,E92000001,E12000007,5,E14000887,E15000007,E24000014,E30000234,E16000061,E09000032,00BJGQ,E00023194,00BJGQ,E99999999,E01004603,E02000932,5,2A2,E00171054,E01033093,E02000932,E33036513,E38000245,E34004707,E35000095,A1,2D3,51.460774,-0.196692,E37000051,,E23000001,21599,E56000021,E54000031
SW15 9JS,202110,,E99999999,E99999999,E09000032,E05000613,E43000222,1,523857,175007,1,E18000007,E40000003,E92000001,E12000007,5,E14000887,E15000007,E24000014,E30000234,E16000061,E09000032,00BJGC,E00022668,00BJGC,E99999999,E01004506,E02000933,5,2A2,E00022668,E01004506,E02000933,E33036517,E38000245,E34004707,E35000095,A1,3D3,51.460497,-0.218541,E37000051,,E23000001,25152,E56000021,E54000031
SW11 1PQ,198001,,E99999999,E99999999,E09000032,E05000619,E43000222,0,527476,175402,1,E18000007,E40000003,E92000001,E12000007,5,E14000549,E15000007,E24000014,E30000234,E16000061,E09000032,00BJGJ,E00022910,00BJGJ,E99999999,E01004551,E02000934,5,2A2,E00022910,E01004551,E02000934,E33030731,E38000245,E34004707,E35000095,A1,2D2,51.463244,-0.166358,E37000051,,E23000001,16564,E56000021,E54000031
SW15 4BD,201304,,E99999999,E99999999,E09000032,E05000621,E43000222,0,522046,174213,1,E18000007,E40000003,E92000001,E12000007,5,E14000887,E15000007,E24000014,E30000234,E16000061,E09000032,00BJGL,E00023006,00BJGL,E99999999,E01004568,E02000935,5,2A2,E00170904,E01004568,E02000935,E33036527,E38000245,E34004707,E35000095,A1,3B1,51.453753,-0.244893,E37000051,,E23000001,11579,E56000021,E54000031
SW15 2HE,198001,,E99999999,E99999999,E09000032,E05000613,E43000222,0,524270,174286,1,E18000007,E40000003,E92000001,E12000007,5,E14000887,E15000007,E24000014,E30000234,E16000061,E09000032,00BJGC,E00022654,00BJGC,E99999999,E01004503,E02000936,5,2A2,E00022654,E01004503,E02000936,E33036532,E38000245,E34004707,E35000095,A1,2D1,51.453926,-0.212876,E37000051,,E23000001,15634,E56000021,E54000031
SW11 6RF,198001,,E99999999,E99999999,E09000032,E05000619,E43000222,0,527605,174500,1,E18000007,E40000003,E92000001,E12000007,5,E14000549,E15000007,E24000014,E30000234,E16000061,E09000032,00BJGJ,E00022947,00BJGJ,E99999999,E01004558,E02000937,5,7B1,E00022947,E01004558,E02000937,E33036535,E38000245,E34004707,E35000095,A1,3D2,51.455108,-0.164827,E37000051,,E23000001,29652,E56000021,E54000031
SW15 5ES,198001,,E99999999,E99999999,E09000032,E05000629,E43000222,0,522336,174785,1,E18000007,E40000003,E92000001,E12000007,5,E14000887,E15000007,E24000014,E30000234,E16000061,E09000032,00BJGU,E00023372,00BJGU,E99999999,E01004642,E02000938,5,7A2,E00023372,E01004642,E02000938,E33036543,E38000245,E34004707,E35000095,A1,4A3,51.458832,-0.240524,E37000051,,E23000001,12645,E56000021,E54000031
SW12 8NN,198001,,E99999999,E99999999,E09000032,E05000610,E43000222,0,527771,173813,1,E18000007,E40000003,E92000001,E12000007,5,E14000549,E15000007,E24000014,E30000234,E16000061,E09000032,00BJFZ,E00022527,00BJFZ,E99999999,E01004479,E02000939,5,2B2,E00022527,E01004479,E02000939,E33036548,E38000245,E34004707,E35000095,A1,2D2,51.448897,-0.162662,E37000051,,E23000001,24219,E56000021,E54000031
SW18 4NT,198001,,E99999999,E99999999,E09000032,E05000612,E43000222,0,525830,173908,1,E18000007,E40000003,E92000001,E12000007,5,E14000998,E15000007,E24000014,E30000234,E16000061,E09000032,00BJGB,E00022612,00BJGB,E99999999,E01004494,E02000940,5,7B1,E00022612,E01004494,E02000940,E33036555,E38000245,E34004707,E35000095,A1,3D3,51.450185,-0.19057,E37000051,,E23000001,15151,E56000021,E54000031
SW18 5NT,198001,,E99999999,E99999999,E09000032,E05000624,E43000222,0,524801,173015,1,E18000007,E40000003,E92000001,E12000007,5,E14000887,E15000007,E24000014,E30000234,E16000061,E09000032,00BJGP,E00023181,00BJGP,E99999999,E01004596,E02000942,5,7A3,E00023181,E01004596,E02000942,E33036566,E38000245,E34004707,E35000095,A1,4C3,51.442387,-0.205685,E37000051,,E23000001,29297,E56000021,E54000031
SW12 8PT,198001,,E99999999,E99999999,E09000032,E05000610,E43000222,0,528699,173661,1,E18000007,E40000003,E92000001,E12000007,5,E14000549,E15000007,E24000014,E30000234,E16000061,E09000032,00BJFZ,E00022495,00BJFZ,E99999999,E01004474,E02000943,5,2A2,E00022495,E01004474,E02000943,E33036573,E38000245,E34004707,E35000095,A1,3D3,51.447321,-0.149395,E37000051,,E23000001,16534,E56000021,E54000031
SW19 6BT,199412,,E99999999,E99999999,E09000032,E05000628,E43000222,0,523884,173485,1,E18000007,E40000003,E92000001,E12000007,5,E14000887,E15000007,E24000014,E30000234,E16000061,E09000032,00BJGT,E00023350,00BJGT,E99999999,E01004631,E02000944,5,7B1,E00023350,E01004631,E02000944,E33036576,E38000245,E34004707,E35000095,A1,3A2,51.446812,-0.218709,E37000051,,E23000001,13693,E56000021,E54000031
SW15 4JJ,198001,,E99999999,E99999999,E09000032,E05000621,E43000222,0,522354,173515,1,E18000007,E40000003,E92000001,E12000007,5,E14000887,E15000007,E24000014,E30000234,E16000061,E09000032,00BJGL,E00023015,00BJGL,E99999999,E01004570,E02000945,5,7B2,E00023015,E01004570,E02000945,E33036579,E38000245,E34004707,E35000095,A1,3B3,51.447414,-0.240704,E37000051,,E23000001,6433,E56000021,E54000031
SW18 4DZ,198001,,E99999999,E99999999,E09000032,E05000612,E43000222,0,525891,173477,1,E18000007,E40000003,E92000001,E12000007,5,E14000998,E15000007,E24000014,E30000234,E16000061,E09000032,00BJGB,E00022622,00BJGB,E99999999,E01004495,E02000946,5,7B2,E00022622,E01004495,E02000946,E33036584,E38000245,E34004707,E35000095,A1,3A1,51.446298,-0.189822,E37000051,,E23000001,11697,E56000021,E54000031
SW18 5NZ,198001,,E99999999,E99999999,E09000032,E05000624,E43000222,0,524928,172750,1,E18000007,E40000003,E92000001,E12000007,5,E14000887,E15000007,E24000014,E30000234,E16000061,E09000032,00BJGP,E00023144,00BJGP,E99999999,E01004599,E02000947,5,7A3,E00023144,E01004599,E02000947,E33036592,E38000245,E34004707,E35000095,A1,5A3,51.439977,-0.203953,E37000051,,E23000001,31858,E56000021,E54000031
SW12 9NR,198001,,E99999999,E99999999,E09000032,E05000610,E43000222,0,529117,174077,1,E18000007,E40000003,E92000001,E12000007,5,E14000549,E15000007,E24000014,E30000234,E16000061,E09000032,00BJFZ,E00022526,00BJFZ,E99999999,E01004480,E02000948,5,7A3,E00022526,E01004480,E02000948,E33036598,E38000245,E34004707,E35000095,A1,2D2,51.450965,-0.143206,E37000051,,E23000001,28021,E56000021,E54000031
SW17 7DN,200405,,E99999999,E99999999,E09000032,E05000627,E43000222,0,527516,172469,1,E18000007,E40000003,E92000001,E12000007,5,E14000998,E15000007,E24000014,E30000234,E16000061,E09000032,00BJGS,E00023304,00BJGS,E99999999,E01004626,E02000949,5,7A3,E00023304,E01004626,E02000949,E33036604,E38000245,E34004707,E35000095,A1,2D2,51.436876,-0.166838,E37000051,,E23000001,19942,E56000021,E54000031
SW19 6ES,198001,,E99999999,E99999999,E09000032,E05000628,E43000222,0,524129,173078,1,E18000007,E40000003,E92000001,E12000007,5,E14000887,E15000007,E24000014,E30000234,E16000061,E09000032,00BJGT,E00023364,00BJGT,E99999999,E01004635,E02000950,5,2A2,E00023364,E01004635,E02000950,E33036608,E38000245,E34004707,E35000095,A1,2D1,51.443101,-0.215327,E37000051,,E23000001,20830,E56000021,E54000031
SW12 8UW,199712,,E99999999,E99999999,E09000032,E05000618,E43000222,0,527710,173012,1,E18000007,E40000003,E92000001,E12000007,5,E14000998,E15000007,E24000014,E30000234,E16000061,E09000032,00BJGH,E00022882,00BJGH,E99999999,E01004547,E02000951,5,7A3,E00022882,E01004547,E02000951,E33036609,E38000245,E34004707,E35000095,A1,2D2,51.441712,-0.163853,E37000051,,E23000001,14054,E56000021,E54000031
SW17 6DG,199806,,E99999999,E99999999,E09000032,E05000611,E43000222,0,528532,171788,1,E18000007,E40000003,E92000001,E12000007,5,E14000998,E15000007,E24000014,E30000234,E16000061,E09000032,00BJGA,E00022576,00BJGA,E99999999,E01004482,E02000952,5,7B1,E00022576,E01004482,E02000952,E33036615,E38000245,E34004707,E35000095,A1,3D1,51.430526,-0.152476,E37000051,,E23000001,18803,E56000021,E54000031
SW17 0LX,198001,,E99999999,E99999999,E09000032,E05000612,E43000222,0,526536,172060,1,E18000007,E40000003,E92000001,E12000007,5,E14000998,E15000007,E24000014,E30000234,E16000061,E09000032,00BJGB,E00022611,00BJGB,E99999999,E01004491,E02000953,5,7B1,E00022611,E01004491,E02000953,E33036618,E38000245,E34004707,E35000095,A1,3D1,51.43342,-0.181051,E37000051,,E23000001,19740,E56000021,E54000031
SW17 8DH,198001,,E99999999,E99999999,E09000032,E05000626,E43000222,0,528131,171745,1,E18000007,E40000003,E92000001,E12000007,5,E14000998,E15000007,E24000014,E30000234,E16000061,E09000032,00BJGR,E00023267,00BJGR,E99999999,E01004611,E02000954,5,7A3,E00023267,E01004611,E02000954,E33036623,E38000245,E34004707,E35000095,A1,4B1,51.430231,-0.158257,E37000051,,E23000001,18072,E56000021,E54000031
SW17 8NT,198001,,E99999999,E99999999,E09000032,E05000616,E43000222,0,528124,171529,1,E18000007,E40000003,E92000001,E12000007,5,E14000998,E15000007,E24000014,E30000234,E16000061,E09000032,00BJGF,E00022809,00BJGF,E99999999,E01004533,E02000955,5,7A2,E00022809,E01004533,E02000955,E33036626,E38000245,E34004707,E35000095,A1,4A3,51.428291,-0.158436,E37000051,,E23000001,9564,E56000021,E54000031
SW17 0UR,199706,,E99999999,E99999999,E09000032,E05000626,E43000222,0,527254,171285,1,E18000007,E40000003,E92000001,E12000007,5,E14000998,E15000007,E24000014,E30000234,E16000061,E09000032,00BJGR,E00023250,00BJGR,E99999999,E01004616,E02000956,5,7A3,E00023250,E01004616,E02000956,E33036629,E38000245,E34004707,E35000095,A1,3D1,51.426294,-0.171031,E37000051,,E23000001,17793,E56000021,E54000031
SW17 8TE,198001,,E99999999,E99999999,E09000032,E05000616,E43000222,0,527936,171316,1,E18000007,E40000003,E92000001,E12000007,5,E14000998,E15000007,E24000014,E30000234,E16000061,E09000032,00BJGF,E00022782,00BJGF,E99999999,E01004527,E02000957,5,7A3,E00022782,E01004527,E02000957,E33036636,E38000245,E34004707,E35000095,A1,4B1,51.426419,-0.161215,E37000051,,E23000001,18676,E56000021,E54000031
SW17 9QD,198001,,E99999999,E99999999,E09000032,E05000615,E43000222,0,528361,171212,1,E18000007,E40000003,E92000001,E12000007,5,E14000998,E15000007,E24000014,E30000234,E16000061,E09000032,00BJGE,E00022744,00BJGE,E99999999,E01004519,E02000958,5,7A3,E00022744,E01004519,E02000958,E33036640,E38000245,E34004707,E35000095,A1,4C3,51.425389,-0.155143,E37000051,,E23000001,17332,E56000021,E54000031
SW16 6NE,198001,,E99999999,E99999999,E09000032,E05000615,E43000222,0,529191,170710,1,E18000007,E40000003,E92000001,E12000007,5,E14000998,E15000007,E24000014,E30000234,E16000061,E09000032,00BJGE,E00022725,00BJGE,E99999999,E01004521,E02000959,5,7A3,E00170962,E01004521,E02000959,E33036644,E38000245,E34004707,E35000095,A1,4C3,51.420689,-0.143395,E37000051,,E23000001,17534,E56000021,E54000031
NW8 0LL,198001,,E99999999,E99999999,E09000033,E05000630,E43000236,0,526422,183306,1,E18000007,E40000003,E92000001,E12000007,5,E14001036,E15000007,E24000014,E30000234,E16000057,E09000033,00BKGA,E00023412,00BKGA,E99999999,E01004649,E02000960,5,7A3,E00023412,E01004649,E02000960,E33036646,E38000256,E34004707,E35000546,A1,4C3,51.534512,-0.178692,E37000051,,E23000001,29012,E56000021,E54000027
NW8 0JB,198001,,E99999999,E99999999,E09000033,E05000630,E43000236,0,526123,183747,1,E18000007,E40000003,E92000001,E12000007,5,E14001036,E15000007,E24000014,E30000234,E16000057,E09000033,00BKGA,E00023434,00BKGA,E99999999,E01004646,E02000961,5,7B1,E00023434,E01004646,E02000961,E33036657,E38000256,E34004707,E35000546,A1,3B3,51.538542,-0.182843,E37000051,,E23000001,19570,E56000021,E54000027
NW8 8RA,198001,,E99999999,E99999999,E09000033,E05000643,E43000236,0,526613,182471,1,E18000007,E40000003,E92000001,E12000007,5,E14001036,E15000007,E24000014,E30000234,E16000057,E09000033,00BKGP,E00023909,00BKGP,E99999999,E01004729,E02000962,5,2B2,E00023909,E01004729,E02000962,E33036664,E38000256,E34004707,E35000546,A1,2D1,51.526966,-0.17624,E37000051,,E23000001,10420,E56000021,E54000027
W9 3BN,198001,,E99999999,E99999999,E09000033,E05000642,E04012296,0,524713,182775,1,E18000007,E40000003,E92000001,E12000007,5,E14001036,E15000007,E24000014,E30000234,E16000057,E09000033,00BKGN,E00023856,00BKGN,E99999999,E01004718,E02000963,5,7B1,E00023856,E01004718,E02000963,E33036668,E38000256,E34004707,E35000546,A1,3B3,51.53012,-0.203507,E37000051,,E23000001,8120,E56000021,E54000027
W9 3PY,199712,,E99999999,E99999999,E09000033,E05000635,E43000236,0,524971,182123,1,E18000007,E40000003,E92000001,E12000007,5,E14001036,E15000007,E24000014,E30000234,E16000057,E09000033,00BKGF,E00023612,00BKGF,E99999999,E01004675,E02000964,5,7B2,E00023612,E01004675,E02000964,E33036672,E38000256,E34004707,E35000546,A1,3B1,51.524204,-0.200021,E37000051,,E23000001,6646,E56000021,E54000027
W9 2JA,198001,,E99999999,E99999999,E09000033,E05000648,E43000236,0,525686,182164,1,E18000007,E40000003,E92000001,E12000007,5,E14001036,E15000007,E24000014,E30000234,E16000057,E09000033,00BKGU,E00024090,00BKGU,E99999999,E01004756,E02000965,5,7B2,E00024090,E01004756,E02000965,E33036680,E38000256,E34004707,E35000546,A1,3B3,51.524414,-0.189705,E37000051,,E23000001,12183,E56000021,E54000027
W2 1XB,198001,,E99999999,E99999999,E09000033,E05000639,E43000236,0,526311,181862,1,E18000007,E40000003,E92000001,E12000007,5,E14001036,E15000007,E24000014,E30000234,E16000057,E09000033,00BKGK,E00023759,00BKGK,E99999999,E01004703,E02000966,5,2B2,E00023759,E01004703,E02000966,E33036685,E38000256,E34004707,E35000546,A1,5B1,51.52156,-0.180809,E37000051,,E23000001,23871,E56000021,E54000027
W1U 6TA,200012,,E99999999,E99999999,E09000033,E05000641,E43000236,0,528026,181725,1,E18000007,E40000003,E92000001,E12000007,5,E14000639,E15000007,E24000014,E30000234,E16000057,E09000033,00BKGM,E00023828,00BKGM,E99999999,E01004712,E02000967,5,2A2,E00023828,E01004712,E02000967,E33030871,E38000256,E34004707,E35000546,A1,2D3,51.519943,-0.156154,E37000051,,E23000001,23263,E56000021,E54000027
NW8 8EQ,198410,,E99999999,E99999999,E09000033,E05000634,E43000236,0,527134,182241,1,E18000007,E40000003,E92000001,E12000007,5,E14001036,E15000007,E24000014,E30000234,E16000057,E09000033,00BKGE,E00023584,00BKGE,E99999999,E01004671,E02000968,5,7B2,E00175269,E01033602,E02000968,E33036700,E38000256,E34004707,E35000546,A1,3B2,51.524782,-0.168817,E37000051,,E23000001,3978,E56000021,E54000027
W9 2NW,200408,,E99999999,E99999999,E09000033,E05000648,E43000236,1,525071,181939,1,E18000007,E40000003,E92000001,E12000007,5,E14001036,E15000007,E24000014,E30000234,E16000057,E09000033,00BKGU,E00024096,00BKGU,E99999999,E01004755,E02000969,5,7B2,E00024096,E01004755,E02000969,E33036706,E38000256,E34004707,E35000546,A1,3B1,51.52253,-0.198621,E37000051,,E23000001,8689,E56000021,E54000027
W1K 6JT,200012,,E99999999,E99999999,E09000033,E05000649,E43000236,0,528378,181037,1,E18000007,E40000003,E92000001,E12000007,5,E14000639,E15000007,E24000014,E30000234,E16000057,E09000033,00BKGW,E00024135,00BKGW,E99999999,E01004762,E02000970,5,2A2,E00024135,E01004762,E02000970,E33031438,E38000256,E34004707,E35000546,A1,3B3,51.513681,-0.151333,E37000051,,E23000001,23921,E56000021,E54000027
W1H 7BT,200012,,E99999999,E99999999,E09000033,E05000632,E43000236,0,527733,181243,1,E18000007,E40000003,E92000001,E12000007,5,E14000639,E15000007,E24000014,E30000234,E16000057,E09000033,00BKGC,E00023506,00BKGC,E99999999,E01004657,E02000971,5,2A2,E00023506,E01004657,E02000971,E33036720,E38000256,E34004707,E35000546,A1,2D3,51.515678,-0.160549,E37000051,,E23000001,22741,E56000021,E54000027
W1D 2JS,200012,,E99999999,E99999999,E09000033,E05000649,E43000236,0,529266,181252,1,E18000007,E40000003,E92000001,E12000007,5,E14000639,E15000007,E24000014,E30000234,E16000057,E09000033,00BKGW,E00024132,00BKGW,E99999999,E01004764,E02000972,5,2A2,E00175191,E01033595,E02000972,E33031950,E38000256,E34004707,E35000546,A1,2B2,51.51541,-0.138465,E37000051,,E23000001,16446,E56000021,E54000027
W2 5LX,198001,,E99999999,E99999999,E09000033,E05000631,E43000236,0,525456,181344,1,E18000007,E40000003,E92000001,E12000007,5,E14001036,E15000007,E24000014,E30000234,E16000057,E09000033,00BKGB,E00023466,00BKGB,E99999999,E01004654,E02000973,5,2B2,E00023466,E01004654,E02000973,E33036733,E38000256,E34004707,E35000546,A1,2D2,51.517095,-0.19331,E37000051,,E23000001,21266,E56000021,E54000027
W2 2HH,198001,,E99999999,E99999999,E09000033,E05000636,E43000236,0,527581,181003,1,E18000007,E40000003,E92000001,E12000007,5,E14000639,E15000007,E24000014,E30000234,E16000057,E09000033,00BKGG,E00023623,00BKGG,E99999999,E01004680,E02000974,5,2A2,E00023623,E01004680,E02000974,E33030807,E38000256,E34004707,E35000546,A1,2D3,51.513555,-0.162825,E37000051,,E23000001,23309,E56000021,E54000027
W2 3PE,198001,,E99999999,E99999999,E09000033,E05000636,E43000236,0,526664,180873,1,E18000007,E40000003,E92000001,E12000007,5,E14000639,E15000007,E24000014,E30000234,E16000057,E09000033,00BKGG,E00023636,00BKGG,E99999999,E01004682,E02000975,5,2A2,E00023636,E01004682,E02000975,E33036745,E38000256,E34004707,E35000546,A1,3B3,51.512593,-0.176079,E37000051,,E23000001,19698,E56000021,E54000027
W2 6EJ,198001,,E99999999,E99999999,E09000033,E05000638,E43000236,0,526064,181241,1,E18000007,E40000003,E92000001,E12000007,5,E14001036,E15000007,E24000014,E30000234,E16000057,E09000033,00BKGJ,E00023709,00BKGJ,E99999999,E01004696,E02000976,5,2A2,E00023709,E01004696,E02000976,E33036756,E38000256,E34004707,E35000546,A1,3B3,51.516034,-0.184589,E37000051,,E23000001,6924,E56000021,E54000027
SW1Y 6HH,200402,,E99999999,E99999999,E09000033,E05000644,E43000236,0,529542,180544,1,E18000007,E40000003,E92000001,E12000007,5,E14000639,E15000007,E24000014,E30000234,E16000057,E09000033,00BKGQ,E00023939,00BKGQ,E99999999,E01004736,E02000977,5,2A2,E00023939,E01004736,E02000977,E33031130,E38000256,E34004707,E35000546,A1,2D3,51.508985,-0.134749,E37000051,,E23000001,24862,E56000021,E54000027
W2 3XA,198001,,E99999999,E99999999,E09000033,E05000637,E43000236,0,526760,180007,1,E18000007,E40000003,E92000001,E12000007,5,E14000639,E15000007,E24000014,E30000234,E16000057,E09000033,00BKGH,E00023667,00BKGH,E99999999,E01004689,E02000978,5,2A2,E00175206,E01004689,E02000978,E33032063,E38000256,E34004707,E35000546,A1,2D3,51.504789,-0.175008,E37000051,,E23000001,17986,E56000021,E54000027
SW1P 3LL,198001,,E99999999,E99999999,E09000033,E05000644,E43000236,0,530135,179212,1,E18000007,E40000003,E92000001,E12000007,5,E14000639,E15000007,E24000014,E30000234,E16000057,E09000033,00BKGQ,E00023945,00BKGQ,E99999999,E01004733,E02000979,5,2B2,E00023945,E01004733,E02000979,E33031167,E38000256,E34004707,E35000546,A1,2D2,51.496878,-0.1267,E37000051,,E23000001,15991,E56000021,E54000027
SW1P 4JQ,198001,,E99999999,E99999999,E09000033,E05000646,E43000236,0,530054,178741,1,E18000007,E40000003,E92000001,E12000007,5,E14000639,E15000007,E24000014,E30000234,E16000057,E09000033,00BKGS,E00024024,00BKGS,E99999999,E01004745,E02000980,5,2A2,E00024024,E01004745,E02000980,E33031203,E38000256,E34004707,E35000546,A1,2D3,51.492664,-0.12804,E37000051,,E23000001,17777,E56000021,E54000027
SW1V 1QS,198001,,E99999999,E99999999,E09000033,E05000647,E43000236,0,529200,178680,1,E18000007,E40000003,E92000001,E12000007,5,E14000639,E15000007,E24000014,E30000234,E16000057,E09000033,00BKGT,E00024049,00BKGT,E99999999,E01004749,E02000981,5,2A2,E00175241,E01004749,E02000981,E33032098,E38000256,E34004707,E35000546,A1,2D3,51.492312,-0.140357,E37000051,,E23000001,20814,E56000021,E54000027
SW1W 9RB,198001,,E99999999,E99999999,E09000033,E05000647,E43000236,0,528578,178758,1,E18000007,E40000003,E92000001,E12000007,5,E14000639,E15000007,E24000014,E30000234,E16000057,E09000033,00BKGT,E00024050,00BKGT,E99999999,E01004750,E02000982,5,2A2,E00024050,E01004750,E02000982,E33031219,E38000256,E34004707,E35000546,A1,2D3,51.493154,-0.149283,E37000051,,E23000001,15320,E56000021,E54000027
SW1V 3JN,198001,,E99999999,E99999999,E09000033,E05000645,E43000236,0,529998,178221,1,E18000007,E40000003,E92000001,E12000007,5,E14000639,E15000007,E24000014,E30000234,E16000057,E09000033,00BKGR,E00023972,00BKGR,E99999999,E01004737,E02000983,5,2A2,E00023972,E01004737,E02000983,E33036807,E38000256,E34004707,E35000546,A1,2D3,51.488004,-0.129038,E37000051,,E23000001,14145,E56000021,E54000027
BR1 4EN,198001,,E99999999,E99999999,E09000006,E05000125,E43000196,0,540307,170753,1,E18000007,E40000003,E92000001,E12000007,5,E14000604,E15000007,E24000016,E30000234,E16000004,E09000006,00AFGZ,E00004024,00AFGZ,E99999999,E01000821,E02000129,5,4D1,E00004024,E01032563,E02006782,E33036809,E38000244,E34004707,E35000434,A1,5B1,51.418435,0.016388,E37000051,,E23000001,25895,E56000010,E54000030
BR1 5PR,198001,,E99999999,E99999999,E09000023,E05000442,E43000213,0,539383,171636,1,E18000007,E40000003,E92000001,E12000007,5,E14000787,E15000007,E24000015,E30000234,E16000060,E09000023,00AZGJ,E00016383,00AZGJ,E99999999,E01003239,E02000684,5,7A2,E00016383,E01003239,E02006783,E33036811,E38000244,E34004707,E35000058,A1,4A3,51.426598,0.003455,E37000051,,E23000001,6092,E56000010,E54000030
BR1 4PF,198001,,E99999999,E99999999,E09000023,E05000442,E43000213,0,539091,171174,1,E18000007,E40000003,E92000001,E12000007,5,E14000787,E15000007,E24000015,E30000234,E16000060,E09000023,00AZGJ,E00016363,00AZGJ,E99999999,E01003235,E02000688,5,7B1,E00016363,E01003235,E02006784,E33036816,E38000244,E34004707,E35000058,A1,4A3,51.422518,-0.000923,E37000051,,E23000001,8806,E56000010,E54000030
DA16 3BJ,198001,,E99999999,E99999999,E09000004,E05011224,E43000194,0,545766,176863,1,E18000007,E40000003,E92000001,E12000007,5,E14000869,E15000007,E24000015,E30000234,E17000002,E09000004,00ADGL,E00001944,00ADGL,E99999999,E01000398,E02000076,5,1B2,E00001944,E01000398,E02006785,E33036817,E38000244,E34004707,E35001091,A1,8D2,51.471961,0.097353,E37000051,,E23000001,14343,E56000010,E54000030
SE18 2AN,198001,,E99999999,E99999999,E09000011,E05000226,E43000201,0,546232,177550,1,E18000007,E40000003,E92000001,E12000007,5,E14000696,E15000007,E24000015,E30000234,E16000005,E09000011,00ALHC,E00008327,00ALHC,E99999999,E01001670,E02000325,5,7A3,E00008327,E01032567,E02006786,E33036818,E38000244,E34004707,E35001510,A1,4C1,51.478014,0.104342,E37000051,,E23000001,15449,E56000010,E54000030
SE25 4NG,198001,,E99999999,E99999999,E09000008,E05011489,E43000198,0,534947,168525,1,E18000007,E40000003,E92000001,E12000007,5,E14000654,E15000007,E24000016,E30000234,E16000049,E09000008,00AHHE,E00005937,00AHHE,E99999999,E01001190,E02000205,5,7A3,E00005937,E01001190,E02006788,E33036826,E38000245,E34004707,E35001466,A1,4A3,51.399714,-0.061494,E37000051,,E23000001,9331,E56000021,E54000031
TN16 3LX,198001,,E99999999,E99999999,E09000006,E05000107,E43000196,0,542533,158612,1,E18000007,E40000003,E92000001,E12000007,5,E14000872,E15000007,E24000016,E30000234,E16000004,E09000006,00AFGE,E00003169,00AFGE,E99999999,E01000658,E02000164,5,4B4,E00003169,E01000658,E02006789,E33036829,E38000244,E34004707,E35000434,C1,6B2,51.308782,0.043516,E37000051,,E23000001,28425,E56000010,E54000030
W4 5AX,198001,,E99999999,E99999999,E09000009,E05000191,E43000199,0,520362,179416,1,E18000007,E40000003,E92000001,E12000007,5,E14000674,E15000007,E24000013,E30000234,E16000035,E09000009,00AJHA,E00006832,00AJHA,E99999999,E01001374,E02000273,5,7B1,E00006832,E01001374,E02006791,E33036834,E38000256,E34004707,E35001504,A1,3D2,51.500875,-0.267346,E37000051,,E23000001,23089,E56000021,E54000027
W4 4LA,198001,,E99999999,E99999999,E09000018,E05000365,E43000208,0,520245,178207,1,E18000007,E40000003,E92000001,E12000007,5,E14000593,E15000007,E24000013,E30000234,E16000036,E09000018,00ATGT,E00013356,00ATGT,E99999999,E01002688,E02000527,5,2B2,E00013356,E01032573,E02006792,E33036841,E38000256,E34004707,E35001294,A1,5A2,51.490034,-0.269443,E37000051,,E23000001,22713,E56000021,E54000027
N18 1PD,198410,,E99999999,E99999999,E09000010,E05000201,E43000200,0,533414,192453,1,E18000007,E40000003,E92000001,E12000007,5,E14000687,E15000007,E24000012,E30000234,E16000008,E09000010,00AKGU,E00007280,00AKGU,E99999999,E01001458,E02000310,5,7B2,E00007280,E01001458,E02006793,E33036849,E38000240,E34004707,E35000978,A1,3A1,51.615102,-0.074473,E37000051,,E23000001,4196,E56000027,E54000028
N17 8AT,198001,,E99999999,E99999999,E09000014,E05000276,E43000204,0,533389,190995,1,E18000007,E40000003,E92000001,E12000007,5,E14001002,E15000007,E24000012,E30000234,E16000013,E09000014,00APGL,E00010225,00APGL,E99999999,E01002041,E02000399,5,7B1,E00010225,E01002041,E02006794,E33036852,E38000240,E34004707,E35000478,A1,3A1,51.602006,-0.075388,E37000051,,E23000001,4881,E56000027,E54000028
HA2 9LL,198001,,E99999999,E99999999,E09000015,E05000300,E43000205,0,512594,187189,1,E18000007,E40000003,E92000001,E12000007,5,E14000732,E15000007,E24000013,E30000266,E16000046,E09000015,00AQGP,E00011033,00AQGP,E99999999,E01002210,E02000458,5,7A3,E00011033,E01002210,E02006795,E33036856,E38000256,E34004707,E35001108,A1,4C2,51.572336,-0.376726,E37000051,,E23000001,26446,E56000021,E54000027
HA4 0QU,198001,,E99999999,E99999999,E09000017,E05000338,E43000207,0,512012,186198,1,E18000007,E40000003,E92000001,E12000007,5,E14001007,E15000007,E24000013,E30000266,E16000007,E09000017,00ASGX,E00012443,00ASGX,E99999999,E01002500,E02000505,5,1B2,E00012443,E01032577,E02006796,E33036859,E38000256,E34004707,E35001255,A1,4C1,51.563545,-0.385436,E37000051,,E23000001,24122,E56000021,E54000027
SE8 3FU,201711,,E99999999,E99999999,E09000023,E05000449,E43000213,0,537577,177234,1,E18000007,E40000003,E92000001,E12000007,5,E14000789,E15000007,E24000015,E30000234,E16000060,E09000023,00AZGR,E00016698,00AZGR,E99999999,E01003306,E02000656,5,7B2,E00016698,E01032579,E02006798,E33036866,E38000244,E34004707,E35000058,A1,3B3,51.477344,-0.020304,E37000051,,E23000001,5514,E56000010,E54000030
RM8 1YB,198001,,E99999999,E99999999,E09000002,E05000028,E43000192,0,547152,187057,1,E18000007,E40000003,E92000001,E12000007,5,E14000540,E15000007,E24000015,E30000234,E16000009,E09000002,00ABFZ,E00000103,00ABFZ,E99999999,E01000026,E02000006,5,7A2,E00000103,E01032580,E02006799,E33036871,E38000255,E34004707,E35001364,A1,4B1,51.563198,0.121547,E37000051,,E23000001,6215,E56000028,E54000029
IG3 8RF,198001,,E99999999,E99999999,E09000026,E05011244,E43000216,0,545490,187074,1,E18000007,E40000003,E92000001,E12000007,5,E14000760,E15000007,E24000015,E30000234,E16000083,E09000026,00BCGJ,E00018684,00BCGJ,E99999999,E01003714,E02000778,5,7A3,E00018684,E01003714,E02006800,E33036873,E38000255,E34004707,E35001173,A1,4B1,51.563782,0.097594,E37000051,,E23000001,15160,E56000028,E54000029
SE1 9NR,199002,,E99999999,E99999999,E09000022,E05000416,E43000212,0,531255,180331,1,E18000007,E40000003,E92000001,E12000007,5,E14001008,E15000007,E24000014,E30000234,E16000058,E09000022,00AYFZ,E00015195,00AYFZ,E99999999,E01003016,E02000618,5,7B1,E00015195,E01003016,E02006801,E33036884,E38000244,E34004707,E35000161,A1,3A1,51.506676,-0.110159,E37000051,,E23000001,20774,E56000010,E54000030
SE1 7PR,198001,,E99999999,E99999999,E09000028,E05011114,E43000218,0,531306,179302,1,E18000007,E40000003,E92000001,E12000007,5,E14000553,E15000007,E24000014,E30000234,E16000059,E09000028,00BEGE,E00019805,00BEGE,E99999999,E01003931,E02000811,5,7B1,E00019805,E01032584,E02006802,E33030581,E38000244,E34004707,E35001077,A1,3D3,51.497417,-0.109808,E37000051,,E23000001,8963,E56000010,E54000030
SM2 6EF,199405,,E99999999,E99999999,E09000029,E05000557,E43000219,0,525518,162422,1,E18000007,E40000003,E92000001,E12000007,5,E14000984,E15000007,E24000016,E30000234,E16000068,E09000029,00BFGE,E00020619,00BFGE,E99999999,E01004094,E02000862,5,2B2,E00020619,E01004094,E02006836,E33036900,E38000245,E34004707,E35000010,A1,4C3,51.347028,-0.199117,E37000051,,E23000001,31028,E56000021,E54000031
E14 9JJ,201011,,E99999999,E99999999,E09000030,E05009323,E43000220,0,537495,179515,1,E18000007,E40000003,E92000001,E12000007,5,E14000882,E15000007,E24000015,E30000234,E16000011,E09000030,00BGGG,E00021545,00BGGG,E99999999,E01004278,E02000892,5,7B1,E00167115,E01032773,E02006853,E33036904,E38000255,E34004707,E35001078,A1,3B3,51.497861,-0.020622,E37000051,,E23000001,19572,E56000028,E54000029
E14 5GS,201408,,E99999999,E99999999,E09000030,E05009323,E43000220,1,537555,180306,1,E18000007,E40000003,E92000001,E12000007,5,E14000882,E15000007,E24000015,E30000234,E16000011,E09000030,00BGGG,E00021548,00BGGG,E99999999,E01004278,E02000892,5,7B1,E00167122,E01032771,E02006854,E33031668,E38000255,E34004707,E35001078,A1,2D3,51.504954,-0.01945,E37000051,,E23000001,20860,E56000028,E54000029
HA3 8DG,198001,,E99999999,E99999999,E09000015,E05000295,E43000205,0,517437,188923,1,E18000007,E40000003,E92000001,E12000007,5,E14000731,E15000007,E24000013,E30000234,E16000046,E09000015,00AQGJ,E00010878,00AQGJ,E99999999,E01002175,E02000450,5,7A3,E00010878,E01002175,E02006882,E33036914,E38000256,E34004707,E35001108,A1,4C2,51.586934,-0.306297,E37000051,,E23000001,22661,E56000021,E54000027
E5 9JT,198001,,E99999999,E99999999,E09000012,E05009380,E43000202,0,534940,186549,1,E18000007,E40000003,E92000001,E12000007,5,E14000720,E15000007,E24000015,E30000234,E16000010,E09000012,00AMGM,E00008941,00AMGM,E99999999,E01001798,E02000349,5,7B1,E00008941,E01001798,E02006918,E33036923,E38000255,E34004707,E35000973,A1,3A2,51.561686,-0.054688,E37000051,,E23000001,2769,E56000028,E54000029
E5 8SU,198001,,E99999999,E99999999,E09000012,E05009368,E43000202,0,534550,186862,1,E18000007,E40000003,E92000001,E12000007,5,E14000720,E15000007,E24000015,E30000234,E16000010,E09000012,00AMGB,E00008603,00AMGB,E99999999,E01001728,E02000349,5,7B2,E00008603,E01001728,E02006921,E33036924,E38000255,E34004707,E35000973,A1,3B1,51.564591,-0.060217,E37000051,,E23000001,7754,E56000028,E54000029
IG1 3QJ,198001,,E99999999,E99999999,E09000026,E05011241,E43000216,0,542925,188152,1,E18000007,E40000003,E92000001,E12000007,5,E14000760,E15000007,E24000015,E30000234,E16000083,E09000026,00BCGF,E00018595,00BCGF,E99999999,E01003696,E02000771,5,7A3,E00018595,E01003696,E02006924,E33036932,E38000255,E34004707,E35001173,A1,4B1,51.574124,0.061053,E37000051,,E23000001,22750,E56000028,E54000029
IG5 0EE,198001,,E99999999,E99999999,E09000026,E05011239,E43000216,0,543160,189396,1,E18000007,E40000003,E92000001,E12000007,5,E14000759,E15000007,E24000015,E30000234,E16000083,E09000026,00BCGD,E00018524,00BCGD,E99999999,E01003680,E02000761,5,6A2,E00018524,E01003680,E02006925,E33036936,E38000255,E34004707,E35001173,A1,4C1,51.585242,0.064948,E37000051,,E23000001,27414,E56000028,E54000029
SE3 9GE,201804,,E99999999,E99999999,E09000011,E05000220,E43000201,0,541147,175342,1,E18000007,E40000003,E92000001,E12000007,5,E14000690,E15000007,E24000015,E30000234,E16000005,E09000011,00ALGW,E00008077,00ALGW,E99999999,E01001627,E02000336,5,7B1,E00176484,E01033726,E02006927,E33036942,E38000244,E34004707,E35001510,A1,3A1,51.459464,0.030314,E37000051,,E23000001,6446,E56000010,E54000030
SE8 3AX,200310,,E99999999,E99999999,E09000011,E05000222,E43000201,0,537531,177665,1,E18000007,E40000003,E92000001,E12000007,5,E14000718,E15000007,E24000015,E30000234,E16000005,E09000011,00ALGY,E00008162,00ALGY,E99999999,E01001639,E02000330,5,7B1,E00176490,E01033727,E02006928,E33036947,E38000244,E34004707,E35001510,A1,2B2,51.481228,-0.020824,E37000051,,E23000001,14786,E56000010,E54000030
SE10 0SD,198001,,E99999999,E99999999,E09000011,E05000225,E43000201,0,539789,178579,1,E18000007,E40000003,E92000001,E12000007,5,E14000718,E15000007,E24000015,E30000234,E16000005,E09000011,00ALHB,E00008308,00ALHB,E99999999,E01001667,E02000322,5,7B1,E00008308,E01001667,E02006929,E33036951,E38000244,E34004707,E35001510,A1,3D2,51.488888,0.012033,E37000051,,E23000001,3574,E56000010,E54000030
SE7 7TZ,199606,,E99999999,E99999999,E09000011,E05000225,E43000201,0,540393,178571,1,E18000007,E40000003,E92000001,E12000007,5,E14000718,E15000007,E24000015,E30000234,E16000005,E09000011,00ALHB,E00008289,00ALHB,E99999999,E01001663,E02000322,5,7B1,E00176517,E01033738,E02006930,E33036958,E38000244,E34004707,E35001510,A1,3D1,51.488666,0.020724,E37000051,,E23000001,12531,E56000010,E54000030
SE10 8LL,198001,,E99999999,E99999999,E09000011,E05000222,E43000201,0,537633,176955,1,E18000007,E40000003,E92000001,E12000007,5,E14000718,E15000007,E24000015,E30000234,E16000005,E09000011,00ALGY,E00008152,00ALGY,E99999999,E01001644,E02000330,5,2A2,E00176525,E01001644,E02006931,E33036966,E38000244,E34004707,E35001510,A1,3D3,51.474823,-0.019633,E37000051,,E23000001,16768,E56000010,E54000030
SE9 2PQ,198001,,E99999999,E99999999,E09000011,E05000219,E43000201,1,544424,174440,1,E18000007,E40000003,E92000001,E12000007,5,E14000690,E15000007,E24000015,E30000234,E16000005,E09000011,00ALGU,E00008053,00ALGU,E99999999,E01001614,E02000340,5,4D1,E00008053,E01001614,E02000340,E33033710,E38000244,E34004707,E35001510,A1,6A1,51.450533,0.077056,E37000051,,E23000001,26343,E56000010,E54000030
W1A 3ZG,199806,,E99999999,E99999999,E09000019,E05000370,E43000209,1,531073,182317,1,E18000007,E40000003,E92000001,E12000007,5,E14000764,E15000007,E24000014,E30000234,E16000048,E09000019,00AUGB,E00013578,00AUGB,E99999999,E01002726,E02000575,5,7B1,E00013578,E01002726,E02000575,E33030209,E38000240,E34004707,E35000168,A1,3D3,51.524565,-0.112042,E37000051,,E23000001,11070,E56000027,E54000028
SW8 1HW,199007,,E99999999,E99999999,E09000022,E05000429,E43000212,0,530493,176978,1,E18000007,E40000003,E92000001,E12000007,5,E14001008,E15000007,E24000014,E30000234,E16000058,E09000022,00AYGN,E00015764,00AYGN,E99999999,E01003124,E02000623,5,7B1,E00015764,E01003124,E02000623,E33035081,E38000244,E34004707,E35000161,A1,3D2,51.47672,-0.122371,E37000051,,E23000001,8081,E56000010,E54000030
E6 2NG,198001,,E99999999,E99999999,E09000025,E05000493,E43000215,0,542926,183772,1,E18000007,E40000003,E92000001,E12000007,5,E14000679,E15000007,E24000015,E30000234,E16000012,E09000025,00BBGW,E00018275,00BBGW,E99999999,E01003621,E02000736,5,7A3,E00018275,E01003621,E02000736,E33035567,E38000255,E34004707,E35001394,A1,4B1,51.534767,0.059289,E37000051,,E23000001,12000,E56000028,E54000029
RM6 4FE,199501,,E99999999,E99999999,E09000026,E05011237,E43000216,0,546711,188667,1,E18000007,E40000003,E92000001,E12000007,5,E14000760,E15000007,E24000015,E30000234,E16000083,E09000026,00BCGB,E00018464,00BCGB,E99999999,E01003667,E02000769,5,7A3,E00018464,E01033592,E02000769,E33035695,E38000255,E34004707,E35001173,A1,4B1,51.577779,0.115861,E37000051,,E23000001,16873,E56000028,E54000029
CR0 4SE,198001,,E99999999,E99999999,E09000029,E05000555,E43000219,0,530211,165250,1,E18000007,E40000003,E92000001,E12000007,5,E14000621,E15000007,E24000016,E30000234,E16000068,E09000029,00BFGC,E00020538,00BFGC,E99999999,E01004078,E02000850,5,6C1,E00020538,E01004078,E02000850,E33036111,E38000245,E34004707,E35000010,A1,5A3,51.371388,-0.130735,E37000051,,E23000001,18343,E56000021,E54000031
SW18 2BJ,198001,,E99999999,E99999999,E09000032,E05000627,E43000222,0,526056,174032,1,E18000007,E40000003,E92000001,E12000007,5,E14000998,E15000007,E24000014,E30000234,E16000061,E09000032,00BJGS,E00023284,00BJGS,E99999999,E01004620,E02000941,5,2A2,E00023284,E01004620,E02000941,E33036557,E38000245,E34004707,E35000095,A1,3D2,51.451249,-0.187276,E37000051,,E23000001,20379,E56000021,E54000031
BR3 4LP,198001,,E99999999,E99999999,E09000006,E05000112,E43000196,0,536481,168911,1,E18000007,E40000003,E92000001,E12000007,5,E14000788,E15000007,E24000016,E30000234,E16000004,E09000006,00AFGK,E00003407,00AFGK,E99999999,E01000708,E02000143,5,2B2,E00003407,E01000708,E02006787,E33036823,E38000244,E34004707,E35000434,A1,5A2,51.402816,-0.039308,E37000051,,E23000001,27232,E56000010,E54000030
